勝敗,終了ターン数,13.00070746,13.06789413
先手勝利数：,5691,,
先手,13,,
先手,15,,
先手,13,,
先手,11,,
先手,19,,
先手,11,,
先手,13,,
先手,13,,
先手,11,,
先手,15,,
先手,11,,
先手,13,,
先手,11,,
先手,13,,
先手,17,,
先手,9,,
先手,13,,
先手,13,,
先手,11,,
先手,13,,
先手,15,,
先手,13,,
先手,9,,
先手,13,,
先手,15,,
先手,13,,
先手,15,,
先手,13,,
先手,13,,
先手,13,,
先手,11,,
先手,11,,
先手,13,,
先手,11,,
先手,15,,
先手,15,,
先手,13,,
先手,15,,
先手,13,,
先手,11,,
先手,11,,
先手,11,,
先手,13,,
先手,13,,
先手,15,,
先手,13,,
先手,13,,
先手,13,,
先手,15,,
先手,11,,
先手,15,,
先手,17,,
先手,11,,
先手,13,,
先手,13,,
先手,15,,
先手,11,,
先手,15,,
先手,13,,
先手,13,,
先手,13,,
先手,15,,
先手,15,,
先手,11,,
先手,13,,
先手,13,,
先手,13,,
先手,13,,
先手,13,,
先手,13,,
先手,11,,
先手,15,,
先手,13,,
先手,13,,
先手,11,,
先手,15,,
先手,13,,
先手,15,,
先手,13,,
先手,15,,
先手,13,,
先手,11,,
先手,13,,
先手,13,,
先手,11,,
先手,13,,
先手,11,,
先手,13,,
先手,13,,
先手,13,,
先手,13,,
先手,13,,
先手,13,,
先手,11,,
先手,11,,
先手,15,,
先手,13,,
先手,13,,
先手,11,,
先手,13,,
先手,13,,
先手,13,,
先手,13,,
先手,13,,
先手,15,,
先手,15,,
先手,15,,
先手,15,,
先手,13,,
先手,13,,
先手,13,,
先手,15,,
先手,13,,
先手,13,,
先手,15,,
先手,11,,
先手,13,,
先手,15,,
先手,13,,
先手,13,,
先手,13,,
先手,13,,
先手,11,,
先手,15,,
先手,15,,
先手,11,,
先手,13,,
先手,13,,
先手,13,,
先手,13,,
先手,11,,
先手,13,,
先手,11,,
先手,11,,
先手,13,,
先手,11,,
先手,11,,
先手,11,,
先手,13,,
先手,17,,
先手,15,,
先手,13,,
先手,9,,
先手,13,,
先手,15,,
先手,11,,
先手,11,,
先手,11,,
先手,13,,
先手,13,,
先手,11,,
先手,13,,
先手,13,,
先手,15,,
先手,11,,
先手,15,,
先手,11,,
先手,11,,
先手,13,,
先手,15,,
先手,13,,
先手,13,,
先手,15,,
先手,11,,
先手,13,,
先手,13,,
先手,17,,
先手,11,,
先手,15,,
先手,13,,
先手,11,,
先手,11,,
先手,13,,
先手,13,,
先手,15,,
先手,15,,
先手,13,,
先手,13,,
先手,13,,
先手,11,,
先手,17,,
先手,11,,
先手,15,,
先手,15,,
先手,13,,
先手,15,,
先手,13,,
先手,13,,
先手,11,,
先手,11,,
先手,9,,
先手,13,,
先手,13,,
先手,13,,
先手,15,,
先手,15,,
先手,13,,
先手,15,,
先手,15,,
先手,15,,
先手,11,,
先手,13,,
先手,13,,
先手,11,,
先手,11,,
先手,13,,
先手,13,,
先手,11,,
先手,11,,
先手,13,,
先手,11,,
先手,13,,
先手,13,,
先手,15,,
先手,11,,
先手,17,,
先手,13,,
先手,13,,
先手,13,,
先手,11,,
先手,15,,
先手,13,,
先手,11,,
先手,13,,
先手,11,,
先手,11,,
先手,15,,
先手,7,,
先手,9,,
先手,13,,
先手,11,,
先手,11,,
先手,11,,
先手,11,,
先手,11,,
先手,11,,
先手,13,,
先手,13,,
先手,13,,
先手,11,,
先手,13,,
先手,15,,
先手,11,,
先手,11,,
先手,13,,
先手,11,,
先手,11,,
先手,11,,
先手,15,,
先手,13,,
先手,11,,
先手,13,,
先手,15,,
先手,13,,
先手,11,,
先手,11,,
先手,13,,
先手,9,,
先手,13,,
先手,11,,
先手,13,,
先手,11,,
先手,9,,
先手,13,,
先手,15,,
先手,13,,
先手,15,,
先手,13,,
先手,13,,
先手,15,,
先手,11,,
先手,13,,
先手,13,,
先手,15,,
先手,13,,
先手,11,,
先手,15,,
先手,11,,
先手,15,,
先手,13,,
先手,11,,
先手,13,,
先手,17,,
先手,11,,
先手,13,,
先手,15,,
先手,11,,
先手,11,,
先手,11,,
先手,11,,
先手,13,,
先手,11,,
先手,15,,
先手,11,,
先手,11,,
先手,13,,
先手,13,,
先手,11,,
先手,13,,
先手,15,,
先手,15,,
先手,13,,
先手,15,,
先手,15,,
先手,11,,
先手,15,,
先手,13,,
先手,13,,
先手,17,,
先手,13,,
先手,17,,
先手,11,,
先手,11,,
先手,13,,
先手,13,,
先手,13,,
先手,15,,
先手,13,,
先手,15,,
先手,11,,
先手,13,,
先手,13,,
先手,17,,
先手,13,,
先手,13,,
先手,13,,
先手,13,,
先手,11,,
先手,11,,
先手,13,,
先手,13,,
先手,13,,
先手,13,,
先手,15,,
先手,11,,
先手,11,,
先手,11,,
先手,13,,
先手,13,,
先手,11,,
先手,13,,
先手,13,,
先手,11,,
先手,15,,
先手,11,,
先手,13,,
先手,11,,
先手,15,,
先手,11,,
先手,13,,
先手,13,,
先手,13,,
先手,15,,
先手,13,,
先手,15,,
先手,11,,
先手,13,,
先手,13,,
先手,11,,
先手,13,,
先手,11,,
先手,11,,
先手,11,,
先手,15,,
先手,13,,
先手,9,,
先手,13,,
先手,13,,
先手,13,,
先手,13,,
先手,13,,
先手,11,,
先手,11,,
先手,13,,
先手,13,,
先手,13,,
先手,15,,
先手,13,,
先手,13,,
先手,11,,
先手,13,,
先手,13,,
先手,13,,
先手,13,,
先手,15,,
先手,11,,
先手,13,,
先手,13,,
先手,9,,
先手,11,,
先手,11,,
先手,11,,
先手,13,,
先手,13,,
先手,13,,
先手,15,,
先手,11,,
先手,15,,
先手,13,,
先手,13,,
先手,13,,
先手,15,,
先手,13,,
先手,13,,
先手,15,,
先手,15,,
先手,13,,
先手,13,,
先手,13,,
先手,13,,
先手,13,,
先手,15,,
先手,13,,
先手,13,,
先手,13,,
先手,11,,
先手,13,,
先手,13,,
先手,13,,
先手,13,,
先手,15,,
先手,17,,
先手,15,,
先手,11,,
先手,15,,
先手,13,,
先手,15,,
先手,11,,
先手,13,,
先手,11,,
先手,11,,
先手,13,,
先手,15,,
先手,15,,
先手,13,,
先手,15,,
先手,9,,
先手,15,,
先手,11,,
先手,11,,
先手,11,,
先手,13,,
先手,15,,
先手,13,,
先手,15,,
先手,11,,
先手,13,,
先手,13,,
先手,11,,
先手,15,,
先手,15,,
先手,15,,
先手,13,,
先手,15,,
先手,13,,
先手,11,,
先手,13,,
先手,11,,
先手,15,,
先手,13,,
先手,9,,
先手,11,,
先手,15,,
先手,11,,
先手,13,,
先手,11,,
先手,15,,
先手,11,,
先手,13,,
先手,13,,
先手,13,,
先手,13,,
先手,15,,
先手,13,,
先手,11,,
先手,11,,
先手,15,,
先手,9,,
先手,11,,
先手,11,,
先手,13,,
先手,11,,
先手,15,,
先手,13,,
先手,15,,
先手,13,,
先手,11,,
先手,13,,
先手,17,,
先手,13,,
先手,13,,
先手,13,,
先手,17,,
先手,13,,
先手,11,,
先手,15,,
先手,13,,
先手,15,,
先手,17,,
先手,13,,
先手,11,,
先手,13,,
先手,17,,
先手,13,,
先手,15,,
先手,9,,
先手,11,,
先手,13,,
先手,13,,
先手,11,,
先手,11,,
先手,15,,
先手,11,,
先手,15,,
先手,11,,
先手,11,,
先手,15,,
先手,13,,
先手,13,,
先手,11,,
先手,13,,
先手,11,,
先手,13,,
先手,13,,
先手,13,,
先手,13,,
先手,13,,
先手,15,,
先手,9,,
先手,15,,
先手,15,,
先手,15,,
先手,15,,
先手,13,,
先手,13,,
先手,17,,
先手,13,,
先手,13,,
先手,15,,
先手,13,,
先手,13,,
先手,13,,
先手,11,,
先手,13,,
先手,15,,
先手,11,,
先手,11,,
先手,13,,
先手,13,,
先手,17,,
先手,15,,
先手,15,,
先手,13,,
先手,11,,
先手,13,,
先手,13,,
先手,11,,
先手,15,,
先手,15,,
先手,11,,
先手,11,,
先手,13,,
先手,13,,
先手,13,,
先手,15,,
先手,15,,
先手,15,,
先手,11,,
先手,13,,
先手,11,,
先手,11,,
先手,13,,
先手,17,,
先手,15,,
先手,15,,
先手,13,,
先手,13,,
先手,13,,
先手,11,,
先手,11,,
先手,13,,
先手,13,,
先手,11,,
先手,15,,
先手,11,,
先手,15,,
先手,13,,
先手,13,,
先手,11,,
先手,15,,
先手,11,,
先手,15,,
先手,17,,
先手,11,,
先手,13,,
先手,13,,
先手,11,,
先手,11,,
先手,17,,
先手,13,,
先手,15,,
先手,13,,
先手,13,,
先手,15,,
先手,15,,
先手,13,,
先手,13,,
先手,13,,
先手,13,,
先手,13,,
先手,13,,
先手,11,,
先手,15,,
先手,13,,
先手,11,,
先手,13,,
先手,15,,
先手,11,,
先手,11,,
先手,17,,
先手,11,,
先手,13,,
先手,11,,
先手,13,,
先手,15,,
先手,13,,
先手,11,,
先手,15,,
先手,13,,
先手,15,,
先手,11,,
先手,13,,
先手,11,,
先手,13,,
先手,13,,
先手,13,,
先手,13,,
先手,13,,
先手,13,,
先手,11,,
先手,13,,
先手,15,,
先手,11,,
先手,13,,
先手,15,,
先手,17,,
先手,11,,
先手,15,,
先手,13,,
先手,11,,
先手,13,,
先手,13,,
先手,13,,
先手,13,,
先手,13,,
先手,13,,
先手,15,,
先手,13,,
先手,15,,
先手,13,,
先手,13,,
先手,15,,
先手,11,,
先手,15,,
先手,13,,
先手,11,,
先手,13,,
先手,17,,
先手,11,,
先手,13,,
先手,13,,
先手,13,,
先手,15,,
先手,15,,
先手,13,,
先手,11,,
先手,11,,
先手,11,,
先手,11,,
先手,13,,
先手,13,,
先手,13,,
先手,13,,
先手,13,,
先手,17,,
先手,13,,
先手,13,,
先手,13,,
先手,13,,
先手,15,,
先手,11,,
先手,13,,
先手,17,,
先手,15,,
先手,15,,
先手,11,,
先手,13,,
先手,11,,
先手,11,,
先手,13,,
先手,13,,
先手,13,,
先手,13,,
先手,11,,
先手,11,,
先手,13,,
先手,11,,
先手,11,,
先手,11,,
先手,11,,
先手,15,,
先手,13,,
先手,11,,
先手,13,,
先手,13,,
先手,15,,
先手,13,,
先手,15,,
先手,13,,
先手,13,,
先手,13,,
先手,13,,
先手,13,,
先手,11,,
先手,13,,
先手,13,,
先手,13,,
先手,17,,
先手,15,,
先手,13,,
先手,13,,
先手,13,,
先手,11,,
先手,13,,
先手,15,,
先手,13,,
先手,13,,
先手,11,,
先手,15,,
先手,11,,
先手,13,,
先手,11,,
先手,15,,
先手,13,,
先手,13,,
先手,13,,
先手,13,,
先手,13,,
先手,13,,
先手,15,,
先手,15,,
先手,11,,
先手,13,,
先手,13,,
先手,15,,
先手,15,,
先手,15,,
先手,15,,
先手,11,,
先手,17,,
先手,13,,
先手,13,,
先手,15,,
先手,11,,
先手,13,,
先手,13,,
先手,13,,
先手,13,,
先手,13,,
先手,15,,
先手,15,,
先手,15,,
先手,15,,
先手,13,,
先手,13,,
先手,11,,
先手,11,,
先手,15,,
先手,11,,
先手,11,,
先手,13,,
先手,11,,
先手,13,,
先手,13,,
先手,15,,
先手,13,,
先手,13,,
先手,13,,
先手,13,,
先手,13,,
先手,15,,
先手,11,,
先手,11,,
先手,13,,
先手,13,,
先手,13,,
先手,11,,
先手,15,,
先手,11,,
先手,13,,
先手,13,,
先手,15,,
先手,11,,
先手,15,,
先手,11,,
先手,9,,
先手,11,,
先手,11,,
先手,13,,
先手,13,,
先手,17,,
先手,15,,
先手,13,,
先手,15,,
先手,13,,
先手,11,,
先手,11,,
先手,13,,
先手,13,,
先手,11,,
先手,13,,
先手,13,,
先手,15,,
先手,11,,
先手,15,,
先手,13,,
先手,11,,
先手,13,,
先手,13,,
先手,13,,
先手,9,,
先手,13,,
先手,13,,
先手,15,,
先手,11,,
先手,11,,
先手,11,,
先手,13,,
先手,11,,
先手,13,,
先手,15,,
先手,13,,
先手,17,,
先手,13,,
先手,13,,
先手,11,,
先手,11,,
先手,11,,
先手,13,,
先手,11,,
先手,13,,
先手,13,,
先手,13,,
先手,15,,
先手,11,,
先手,13,,
先手,13,,
先手,13,,
先手,17,,
先手,13,,
先手,11,,
先手,13,,
先手,15,,
先手,13,,
先手,13,,
先手,13,,
先手,11,,
先手,11,,
先手,11,,
先手,15,,
先手,15,,
先手,13,,
先手,13,,
先手,17,,
先手,13,,
先手,15,,
先手,11,,
先手,13,,
先手,13,,
先手,17,,
先手,13,,
先手,15,,
先手,13,,
先手,13,,
先手,11,,
先手,11,,
先手,11,,
先手,13,,
先手,13,,
先手,15,,
先手,9,,
先手,15,,
先手,11,,
先手,13,,
先手,13,,
先手,11,,
先手,15,,
先手,11,,
先手,15,,
先手,11,,
先手,15,,
先手,13,,
先手,13,,
先手,11,,
先手,13,,
先手,13,,
先手,13,,
先手,11,,
先手,13,,
先手,11,,
先手,13,,
先手,15,,
先手,13,,
先手,13,,
先手,13,,
先手,11,,
先手,15,,
先手,13,,
先手,13,,
先手,15,,
先手,15,,
先手,9,,
先手,13,,
先手,15,,
先手,13,,
先手,13,,
先手,15,,
先手,13,,
先手,15,,
先手,13,,
先手,11,,
先手,13,,
先手,11,,
先手,11,,
先手,9,,
先手,15,,
先手,13,,
先手,15,,
先手,11,,
先手,13,,
先手,13,,
先手,13,,
先手,17,,
先手,15,,
先手,15,,
先手,15,,
先手,13,,
先手,13,,
先手,13,,
先手,13,,
先手,13,,
先手,15,,
先手,13,,
先手,17,,
先手,15,,
先手,13,,
先手,13,,
先手,13,,
先手,11,,
先手,13,,
先手,13,,
先手,11,,
先手,13,,
先手,15,,
先手,15,,
先手,13,,
先手,13,,
先手,13,,
先手,15,,
先手,13,,
先手,15,,
先手,13,,
先手,15,,
先手,11,,
先手,15,,
先手,11,,
先手,13,,
先手,15,,
先手,13,,
先手,9,,
先手,15,,
先手,15,,
先手,11,,
先手,13,,
先手,13,,
先手,11,,
先手,11,,
先手,13,,
先手,13,,
先手,15,,
先手,11,,
先手,13,,
先手,13,,
先手,13,,
先手,13,,
先手,15,,
先手,17,,
先手,13,,
先手,13,,
先手,13,,
先手,13,,
先手,17,,
先手,13,,
先手,15,,
先手,13,,
先手,15,,
先手,11,,
先手,13,,
先手,11,,
先手,15,,
先手,13,,
先手,11,,
先手,13,,
先手,15,,
先手,13,,
先手,15,,
先手,11,,
先手,13,,
先手,11,,
先手,15,,
先手,13,,
先手,11,,
先手,13,,
先手,13,,
先手,15,,
先手,13,,
先手,15,,
先手,11,,
先手,15,,
先手,13,,
先手,13,,
先手,13,,
先手,17,,
先手,11,,
先手,11,,
先手,13,,
先手,13,,
先手,15,,
先手,11,,
先手,15,,
先手,11,,
先手,15,,
先手,11,,
先手,13,,
先手,13,,
先手,15,,
先手,13,,
先手,11,,
先手,15,,
先手,17,,
先手,13,,
先手,15,,
先手,11,,
先手,15,,
先手,13,,
先手,15,,
先手,13,,
先手,13,,
先手,13,,
先手,13,,
先手,9,,
先手,15,,
先手,11,,
先手,15,,
先手,15,,
先手,15,,
先手,11,,
先手,11,,
先手,11,,
先手,15,,
先手,13,,
先手,17,,
先手,13,,
先手,13,,
先手,11,,
先手,9,,
先手,13,,
先手,13,,
先手,15,,
先手,11,,
先手,13,,
先手,13,,
先手,13,,
先手,13,,
先手,13,,
先手,13,,
先手,13,,
先手,15,,
先手,15,,
先手,13,,
先手,13,,
先手,13,,
先手,13,,
先手,13,,
先手,17,,
先手,15,,
先手,11,,
先手,15,,
先手,13,,
先手,15,,
先手,15,,
先手,13,,
先手,13,,
先手,13,,
先手,15,,
先手,13,,
先手,11,,
先手,13,,
先手,11,,
先手,13,,
先手,13,,
先手,11,,
先手,15,,
先手,13,,
先手,13,,
先手,11,,
先手,15,,
先手,11,,
先手,11,,
先手,9,,
先手,11,,
先手,17,,
先手,11,,
先手,13,,
先手,13,,
先手,13,,
先手,13,,
先手,13,,
先手,11,,
先手,13,,
先手,13,,
先手,11,,
先手,13,,
先手,17,,
先手,15,,
先手,13,,
先手,13,,
先手,11,,
先手,13,,
先手,11,,
先手,11,,
先手,9,,
先手,15,,
先手,13,,
先手,11,,
先手,13,,
先手,11,,
先手,15,,
先手,9,,
先手,11,,
先手,11,,
先手,9,,
先手,15,,
先手,13,,
先手,15,,
先手,13,,
先手,11,,
先手,13,,
先手,15,,
先手,13,,
先手,17,,
先手,11,,
先手,17,,
先手,15,,
先手,11,,
先手,11,,
先手,13,,
先手,13,,
先手,13,,
先手,15,,
先手,13,,
先手,13,,
先手,11,,
先手,13,,
先手,11,,
先手,15,,
先手,11,,
先手,13,,
先手,13,,
先手,11,,
先手,13,,
先手,13,,
先手,13,,
先手,13,,
先手,11,,
先手,13,,
先手,13,,
先手,11,,
先手,11,,
先手,13,,
先手,15,,
先手,13,,
先手,13,,
先手,15,,
先手,13,,
先手,15,,
先手,11,,
先手,13,,
先手,13,,
先手,11,,
先手,11,,
先手,13,,
先手,11,,
先手,9,,
先手,11,,
先手,15,,
先手,13,,
先手,11,,
先手,11,,
先手,11,,
先手,11,,
先手,15,,
先手,15,,
先手,15,,
先手,13,,
先手,15,,
先手,11,,
先手,15,,
先手,11,,
先手,11,,
先手,11,,
先手,13,,
先手,13,,
先手,13,,
先手,15,,
先手,19,,
先手,13,,
先手,11,,
先手,13,,
先手,15,,
先手,13,,
先手,13,,
先手,13,,
先手,13,,
先手,13,,
先手,13,,
先手,13,,
先手,13,,
先手,13,,
先手,11,,
先手,15,,
先手,15,,
先手,11,,
先手,15,,
先手,13,,
先手,13,,
先手,13,,
先手,13,,
先手,15,,
先手,13,,
先手,13,,
先手,17,,
先手,15,,
先手,11,,
先手,11,,
先手,11,,
先手,13,,
先手,11,,
先手,15,,
先手,13,,
先手,11,,
先手,15,,
先手,11,,
先手,9,,
先手,11,,
先手,15,,
先手,13,,
先手,15,,
先手,13,,
先手,13,,
先手,15,,
先手,13,,
先手,15,,
先手,15,,
先手,9,,
先手,15,,
先手,13,,
先手,13,,
先手,15,,
先手,11,,
先手,11,,
先手,13,,
先手,11,,
先手,13,,
先手,13,,
先手,13,,
先手,13,,
先手,15,,
先手,13,,
先手,13,,
先手,9,,
先手,13,,
先手,13,,
先手,13,,
先手,15,,
先手,13,,
先手,15,,
先手,15,,
先手,13,,
先手,13,,
先手,13,,
先手,13,,
先手,15,,
先手,11,,
先手,17,,
先手,11,,
先手,11,,
先手,11,,
先手,13,,
先手,11,,
先手,17,,
先手,13,,
先手,13,,
先手,11,,
先手,15,,
先手,15,,
先手,13,,
先手,13,,
先手,13,,
先手,13,,
先手,13,,
先手,15,,
先手,11,,
先手,11,,
先手,13,,
先手,15,,
先手,13,,
先手,13,,
先手,11,,
先手,13,,
先手,13,,
先手,11,,
先手,15,,
先手,15,,
先手,17,,
先手,11,,
先手,13,,
先手,13,,
先手,13,,
先手,13,,
先手,15,,
先手,11,,
先手,15,,
先手,15,,
先手,13,,
先手,15,,
先手,13,,
先手,15,,
先手,11,,
先手,15,,
先手,11,,
先手,13,,
先手,15,,
先手,13,,
先手,13,,
先手,13,,
先手,11,,
先手,11,,
先手,13,,
先手,13,,
先手,13,,
先手,13,,
先手,13,,
先手,11,,
先手,13,,
先手,15,,
先手,11,,
先手,13,,
先手,13,,
先手,13,,
先手,11,,
先手,15,,
先手,15,,
先手,13,,
先手,13,,
先手,13,,
先手,13,,
先手,11,,
先手,13,,
先手,13,,
先手,11,,
先手,9,,
先手,11,,
先手,13,,
先手,11,,
先手,13,,
先手,15,,
先手,11,,
先手,13,,
先手,13,,
先手,11,,
先手,11,,
先手,13,,
先手,11,,
先手,13,,
先手,13,,
先手,11,,
先手,11,,
先手,13,,
先手,11,,
先手,15,,
先手,13,,
先手,13,,
先手,15,,
先手,13,,
先手,15,,
先手,13,,
先手,13,,
先手,11,,
先手,13,,
先手,15,,
先手,9,,
先手,13,,
先手,15,,
先手,13,,
先手,15,,
先手,15,,
先手,11,,
先手,15,,
先手,13,,
先手,13,,
先手,11,,
先手,13,,
先手,11,,
先手,13,,
先手,13,,
先手,13,,
先手,11,,
先手,13,,
先手,11,,
先手,13,,
先手,13,,
先手,15,,
先手,13,,
先手,17,,
先手,9,,
先手,11,,
先手,17,,
先手,15,,
先手,11,,
先手,13,,
先手,11,,
先手,13,,
先手,15,,
先手,13,,
先手,13,,
先手,15,,
先手,11,,
先手,15,,
先手,11,,
先手,11,,
先手,13,,
先手,15,,
先手,15,,
先手,13,,
先手,13,,
先手,13,,
先手,11,,
先手,13,,
先手,11,,
先手,11,,
先手,15,,
先手,9,,
先手,13,,
先手,11,,
先手,15,,
先手,11,,
先手,11,,
先手,15,,
先手,17,,
先手,15,,
先手,13,,
先手,13,,
先手,13,,
先手,13,,
先手,13,,
先手,11,,
先手,13,,
先手,13,,
先手,15,,
先手,17,,
先手,9,,
先手,13,,
先手,13,,
先手,13,,
先手,11,,
先手,15,,
先手,13,,
先手,15,,
先手,19,,
先手,15,,
先手,13,,
先手,13,,
先手,11,,
先手,11,,
先手,13,,
先手,15,,
先手,9,,
先手,11,,
先手,13,,
先手,15,,
先手,13,,
先手,15,,
先手,11,,
先手,15,,
先手,11,,
先手,13,,
先手,13,,
先手,13,,
先手,15,,
先手,11,,
先手,15,,
先手,11,,
先手,11,,
先手,15,,
先手,17,,
先手,13,,
先手,13,,
先手,13,,
先手,11,,
先手,9,,
先手,13,,
先手,13,,
先手,13,,
先手,13,,
先手,11,,
先手,13,,
先手,11,,
先手,15,,
先手,17,,
先手,13,,
先手,11,,
先手,11,,
先手,11,,
先手,13,,
先手,15,,
先手,13,,
先手,13,,
先手,13,,
先手,15,,
先手,15,,
先手,13,,
先手,13,,
先手,17,,
先手,11,,
先手,17,,
先手,13,,
先手,15,,
先手,15,,
先手,17,,
先手,13,,
先手,13,,
先手,13,,
先手,13,,
先手,15,,
先手,13,,
先手,11,,
先手,15,,
先手,13,,
先手,11,,
先手,11,,
先手,13,,
先手,13,,
先手,15,,
先手,15,,
先手,11,,
先手,13,,
先手,15,,
先手,11,,
先手,13,,
先手,11,,
先手,13,,
先手,15,,
先手,11,,
先手,13,,
先手,11,,
先手,13,,
先手,13,,
先手,13,,
先手,15,,
先手,19,,
先手,13,,
先手,11,,
先手,13,,
先手,13,,
先手,15,,
先手,13,,
先手,15,,
先手,13,,
先手,11,,
先手,11,,
先手,13,,
先手,13,,
先手,15,,
先手,11,,
先手,15,,
先手,9,,
先手,9,,
先手,13,,
先手,13,,
先手,15,,
先手,13,,
先手,11,,
先手,13,,
先手,17,,
先手,15,,
先手,13,,
先手,11,,
先手,13,,
先手,11,,
先手,13,,
先手,11,,
先手,13,,
先手,13,,
先手,15,,
先手,15,,
先手,13,,
先手,11,,
先手,13,,
先手,13,,
先手,15,,
先手,9,,
先手,17,,
先手,15,,
先手,15,,
先手,13,,
先手,13,,
先手,13,,
先手,13,,
先手,17,,
先手,13,,
先手,13,,
先手,11,,
先手,13,,
先手,15,,
先手,13,,
先手,13,,
先手,17,,
先手,15,,
先手,13,,
先手,15,,
先手,11,,
先手,15,,
先手,13,,
先手,11,,
先手,11,,
先手,13,,
先手,9,,
先手,11,,
先手,11,,
先手,15,,
先手,17,,
先手,15,,
先手,11,,
先手,13,,
先手,11,,
先手,15,,
先手,17,,
先手,11,,
先手,11,,
先手,13,,
先手,13,,
先手,13,,
先手,15,,
先手,11,,
先手,11,,
先手,11,,
先手,13,,
先手,11,,
先手,13,,
先手,11,,
先手,17,,
先手,15,,
先手,13,,
先手,11,,
先手,11,,
先手,11,,
先手,15,,
先手,15,,
先手,11,,
先手,13,,
先手,13,,
先手,13,,
先手,13,,
先手,15,,
先手,11,,
先手,15,,
先手,13,,
先手,13,,
先手,13,,
先手,13,,
先手,13,,
先手,15,,
先手,15,,
先手,11,,
先手,11,,
先手,13,,
先手,13,,
先手,13,,
先手,13,,
先手,17,,
先手,11,,
先手,15,,
先手,11,,
先手,11,,
先手,13,,
先手,15,,
先手,11,,
先手,11,,
先手,15,,
先手,15,,
先手,13,,
先手,15,,
先手,11,,
先手,11,,
先手,11,,
先手,11,,
先手,15,,
先手,13,,
先手,15,,
先手,13,,
先手,13,,
先手,15,,
先手,15,,
先手,13,,
先手,13,,
先手,11,,
先手,15,,
先手,13,,
先手,11,,
先手,15,,
先手,17,,
先手,13,,
先手,13,,
先手,13,,
先手,13,,
先手,11,,
先手,17,,
先手,15,,
先手,13,,
先手,13,,
先手,15,,
先手,11,,
先手,13,,
先手,13,,
先手,13,,
先手,15,,
先手,13,,
先手,13,,
先手,13,,
先手,11,,
先手,13,,
先手,11,,
先手,13,,
先手,15,,
先手,15,,
先手,11,,
先手,11,,
先手,15,,
先手,11,,
先手,9,,
先手,13,,
先手,11,,
先手,17,,
先手,13,,
先手,11,,
先手,11,,
先手,13,,
先手,15,,
先手,11,,
先手,13,,
先手,15,,
先手,13,,
先手,13,,
先手,11,,
先手,13,,
先手,11,,
先手,13,,
先手,11,,
先手,13,,
先手,13,,
先手,13,,
先手,11,,
先手,13,,
先手,13,,
先手,9,,
先手,13,,
先手,11,,
先手,13,,
先手,13,,
先手,15,,
先手,11,,
先手,13,,
先手,13,,
先手,13,,
先手,13,,
先手,13,,
先手,15,,
先手,11,,
先手,15,,
先手,13,,
先手,13,,
先手,11,,
先手,13,,
先手,13,,
先手,13,,
先手,11,,
先手,13,,
先手,15,,
先手,9,,
先手,11,,
先手,15,,
先手,11,,
先手,13,,
先手,15,,
先手,13,,
先手,13,,
先手,13,,
先手,15,,
先手,15,,
先手,13,,
先手,13,,
先手,11,,
先手,17,,
先手,13,,
先手,15,,
先手,13,,
先手,15,,
先手,15,,
先手,13,,
先手,13,,
先手,15,,
先手,13,,
先手,11,,
先手,13,,
先手,13,,
先手,11,,
先手,11,,
先手,15,,
先手,15,,
先手,11,,
先手,15,,
先手,13,,
先手,13,,
先手,13,,
先手,13,,
先手,13,,
先手,15,,
先手,11,,
先手,9,,
先手,13,,
先手,11,,
先手,13,,
先手,13,,
先手,11,,
先手,9,,
先手,13,,
先手,13,,
先手,15,,
先手,15,,
先手,13,,
先手,9,,
先手,13,,
先手,13,,
先手,15,,
先手,17,,
先手,13,,
先手,13,,
先手,13,,
先手,13,,
先手,13,,
先手,15,,
先手,15,,
先手,11,,
先手,13,,
先手,13,,
先手,13,,
先手,11,,
先手,9,,
先手,15,,
先手,11,,
先手,13,,
先手,11,,
先手,13,,
先手,13,,
先手,11,,
先手,15,,
先手,15,,
先手,11,,
先手,11,,
先手,13,,
先手,13,,
先手,15,,
先手,11,,
先手,13,,
先手,17,,
先手,13,,
先手,17,,
先手,17,,
先手,13,,
先手,13,,
先手,13,,
先手,15,,
先手,15,,
先手,17,,
先手,15,,
先手,11,,
先手,13,,
先手,11,,
先手,13,,
先手,11,,
先手,13,,
先手,15,,
先手,15,,
先手,13,,
先手,11,,
先手,11,,
先手,11,,
先手,15,,
先手,15,,
先手,13,,
先手,13,,
先手,11,,
先手,15,,
先手,11,,
先手,13,,
先手,13,,
先手,13,,
先手,13,,
先手,13,,
先手,11,,
先手,11,,
先手,13,,
先手,13,,
先手,13,,
先手,13,,
先手,11,,
先手,13,,
先手,15,,
先手,9,,
先手,13,,
先手,11,,
先手,13,,
先手,11,,
先手,13,,
先手,13,,
先手,13,,
先手,11,,
先手,13,,
先手,17,,
先手,15,,
先手,15,,
先手,17,,
先手,13,,
先手,13,,
先手,15,,
先手,13,,
先手,13,,
先手,13,,
先手,15,,
先手,11,,
先手,11,,
先手,15,,
先手,13,,
先手,13,,
先手,15,,
先手,11,,
先手,17,,
先手,15,,
先手,17,,
先手,15,,
先手,13,,
先手,15,,
先手,13,,
先手,13,,
先手,11,,
先手,11,,
先手,13,,
先手,15,,
先手,13,,
先手,15,,
先手,17,,
先手,13,,
先手,11,,
先手,11,,
先手,13,,
先手,15,,
先手,11,,
先手,17,,
先手,13,,
先手,13,,
先手,13,,
先手,17,,
先手,13,,
先手,15,,
先手,11,,
先手,13,,
先手,13,,
先手,13,,
先手,11,,
先手,11,,
先手,13,,
先手,13,,
先手,13,,
先手,15,,
先手,13,,
先手,11,,
先手,13,,
先手,15,,
先手,15,,
先手,11,,
先手,13,,
先手,15,,
先手,13,,
先手,13,,
先手,15,,
先手,13,,
先手,13,,
先手,11,,
先手,11,,
先手,13,,
先手,13,,
先手,15,,
先手,13,,
先手,13,,
先手,13,,
先手,11,,
先手,13,,
先手,15,,
先手,11,,
先手,15,,
先手,13,,
先手,11,,
先手,11,,
先手,11,,
先手,13,,
先手,11,,
先手,13,,
先手,13,,
先手,13,,
先手,17,,
先手,15,,
先手,15,,
先手,13,,
先手,13,,
先手,15,,
先手,15,,
先手,11,,
先手,13,,
先手,13,,
先手,13,,
先手,11,,
先手,13,,
先手,15,,
先手,15,,
先手,11,,
先手,15,,
先手,15,,
先手,11,,
先手,15,,
先手,15,,
先手,11,,
先手,11,,
先手,15,,
先手,11,,
先手,13,,
先手,13,,
先手,11,,
先手,13,,
先手,11,,
先手,11,,
先手,15,,
先手,11,,
先手,11,,
先手,15,,
先手,11,,
先手,17,,
先手,13,,
先手,13,,
先手,15,,
先手,15,,
先手,11,,
先手,11,,
先手,13,,
先手,13,,
先手,11,,
先手,13,,
先手,11,,
先手,13,,
先手,15,,
先手,17,,
先手,11,,
先手,15,,
先手,15,,
先手,11,,
先手,15,,
先手,13,,
先手,13,,
先手,11,,
先手,15,,
先手,15,,
先手,13,,
先手,13,,
先手,13,,
先手,11,,
先手,17,,
先手,13,,
先手,13,,
先手,13,,
先手,13,,
先手,11,,
先手,13,,
先手,11,,
先手,13,,
先手,13,,
先手,11,,
先手,13,,
先手,11,,
先手,13,,
先手,11,,
先手,11,,
先手,13,,
先手,15,,
先手,13,,
先手,13,,
先手,15,,
先手,13,,
先手,13,,
先手,13,,
先手,13,,
先手,15,,
先手,13,,
先手,13,,
先手,13,,
先手,11,,
先手,9,,
先手,15,,
先手,15,,
先手,11,,
先手,11,,
先手,11,,
先手,13,,
先手,11,,
先手,13,,
先手,13,,
先手,13,,
先手,11,,
先手,13,,
先手,13,,
先手,15,,
先手,11,,
先手,13,,
先手,15,,
先手,15,,
先手,13,,
先手,13,,
先手,13,,
先手,15,,
先手,11,,
先手,13,,
先手,15,,
先手,13,,
先手,13,,
先手,11,,
先手,11,,
先手,17,,
先手,17,,
先手,13,,
先手,13,,
先手,11,,
先手,13,,
先手,17,,
先手,15,,
先手,15,,
先手,13,,
先手,15,,
先手,13,,
先手,13,,
先手,15,,
先手,13,,
先手,11,,
先手,15,,
先手,13,,
先手,15,,
先手,11,,
先手,15,,
先手,13,,
先手,11,,
先手,13,,
先手,13,,
先手,13,,
先手,11,,
先手,13,,
先手,13,,
先手,13,,
先手,11,,
先手,15,,
先手,15,,
先手,15,,
先手,15,,
先手,15,,
先手,15,,
先手,13,,
先手,13,,
先手,11,,
先手,13,,
先手,13,,
先手,13,,
先手,11,,
先手,13,,
先手,13,,
先手,13,,
先手,11,,
先手,13,,
先手,15,,
先手,15,,
先手,13,,
先手,13,,
先手,19,,
先手,11,,
先手,13,,
先手,11,,
先手,13,,
先手,13,,
先手,11,,
先手,11,,
先手,15,,
先手,15,,
先手,15,,
先手,11,,
先手,11,,
先手,15,,
先手,13,,
先手,13,,
先手,15,,
先手,15,,
先手,15,,
先手,15,,
先手,13,,
先手,11,,
先手,11,,
先手,15,,
先手,15,,
先手,15,,
先手,13,,
先手,13,,
先手,13,,
先手,13,,
先手,15,,
先手,13,,
先手,13,,
先手,13,,
先手,13,,
先手,15,,
先手,11,,
先手,13,,
先手,11,,
先手,11,,
先手,13,,
先手,17,,
先手,13,,
先手,17,,
先手,13,,
先手,13,,
先手,13,,
先手,13,,
先手,15,,
先手,15,,
先手,9,,
先手,11,,
先手,15,,
先手,15,,
先手,11,,
先手,11,,
先手,13,,
先手,15,,
先手,13,,
先手,13,,
先手,13,,
先手,13,,
先手,13,,
先手,15,,
先手,13,,
先手,15,,
先手,15,,
先手,15,,
先手,13,,
先手,13,,
先手,13,,
先手,13,,
先手,11,,
先手,13,,
先手,13,,
先手,11,,
先手,13,,
先手,13,,
先手,11,,
先手,13,,
先手,13,,
先手,13,,
先手,15,,
先手,13,,
先手,15,,
先手,11,,
先手,11,,
先手,11,,
先手,13,,
先手,13,,
先手,13,,
先手,11,,
先手,13,,
先手,15,,
先手,13,,
先手,15,,
先手,13,,
先手,13,,
先手,13,,
先手,15,,
先手,11,,
先手,11,,
先手,15,,
先手,11,,
先手,13,,
先手,13,,
先手,11,,
先手,15,,
先手,11,,
先手,15,,
先手,13,,
先手,11,,
先手,15,,
先手,15,,
先手,11,,
先手,13,,
先手,11,,
先手,15,,
先手,11,,
先手,11,,
先手,13,,
先手,9,,
先手,11,,
先手,13,,
先手,13,,
先手,15,,
先手,13,,
先手,13,,
先手,13,,
先手,13,,
先手,13,,
先手,15,,
先手,11,,
先手,13,,
先手,13,,
先手,13,,
先手,13,,
先手,15,,
先手,13,,
先手,11,,
先手,11,,
先手,13,,
先手,13,,
先手,11,,
先手,17,,
先手,11,,
先手,13,,
先手,13,,
先手,13,,
先手,11,,
先手,13,,
先手,13,,
先手,13,,
先手,15,,
先手,13,,
先手,13,,
先手,13,,
先手,15,,
先手,11,,
先手,13,,
先手,13,,
先手,15,,
先手,15,,
先手,11,,
先手,15,,
先手,13,,
先手,11,,
先手,15,,
先手,13,,
先手,9,,
先手,15,,
先手,13,,
先手,13,,
先手,9,,
先手,15,,
先手,13,,
先手,13,,
先手,15,,
先手,13,,
先手,17,,
先手,11,,
先手,13,,
先手,13,,
先手,15,,
先手,13,,
先手,11,,
先手,9,,
先手,13,,
先手,15,,
先手,11,,
先手,11,,
先手,11,,
先手,13,,
先手,13,,
先手,13,,
先手,11,,
先手,11,,
先手,11,,
先手,13,,
先手,13,,
先手,15,,
先手,11,,
先手,11,,
先手,15,,
先手,15,,
先手,11,,
先手,9,,
先手,13,,
先手,13,,
先手,15,,
先手,13,,
先手,17,,
先手,11,,
先手,13,,
先手,13,,
先手,11,,
先手,15,,
先手,17,,
先手,15,,
先手,13,,
先手,13,,
先手,13,,
先手,13,,
先手,13,,
先手,11,,
先手,13,,
先手,11,,
先手,15,,
先手,13,,
先手,13,,
先手,15,,
先手,11,,
先手,15,,
先手,11,,
先手,13,,
先手,13,,
先手,11,,
先手,11,,
先手,11,,
先手,13,,
先手,15,,
先手,13,,
先手,13,,
先手,15,,
先手,13,,
先手,13,,
先手,13,,
先手,15,,
先手,11,,
先手,13,,
先手,13,,
先手,13,,
先手,13,,
先手,13,,
先手,11,,
先手,13,,
先手,11,,
先手,11,,
先手,17,,
先手,11,,
先手,15,,
先手,9,,
先手,13,,
先手,11,,
先手,13,,
先手,11,,
先手,11,,
先手,15,,
先手,13,,
先手,15,,
先手,9,,
先手,13,,
先手,15,,
先手,11,,
先手,11,,
先手,11,,
先手,11,,
先手,13,,
先手,15,,
先手,13,,
先手,13,,
先手,15,,
先手,15,,
先手,13,,
先手,11,,
先手,13,,
先手,15,,
先手,13,,
先手,13,,
先手,11,,
先手,15,,
先手,11,,
先手,15,,
先手,15,,
先手,15,,
先手,15,,
先手,13,,
先手,9,,
先手,13,,
先手,13,,
先手,15,,
先手,15,,
先手,17,,
先手,13,,
先手,13,,
先手,11,,
先手,11,,
先手,15,,
先手,17,,
先手,11,,
先手,11,,
先手,11,,
先手,13,,
先手,13,,
先手,13,,
先手,13,,
先手,11,,
先手,15,,
先手,11,,
先手,15,,
先手,15,,
先手,15,,
先手,11,,
先手,11,,
先手,15,,
先手,13,,
先手,13,,
先手,15,,
先手,13,,
先手,15,,
先手,11,,
先手,13,,
先手,15,,
先手,13,,
先手,13,,
先手,11,,
先手,13,,
先手,15,,
先手,15,,
先手,17,,
先手,11,,
先手,17,,
先手,13,,
先手,13,,
先手,15,,
先手,11,,
先手,13,,
先手,15,,
先手,11,,
先手,13,,
先手,15,,
先手,13,,
先手,13,,
先手,15,,
先手,11,,
先手,13,,
先手,15,,
先手,15,,
先手,13,,
先手,15,,
先手,13,,
先手,13,,
先手,11,,
先手,13,,
先手,11,,
先手,13,,
先手,13,,
先手,13,,
先手,13,,
先手,13,,
先手,13,,
先手,11,,
先手,13,,
先手,11,,
先手,13,,
先手,11,,
先手,15,,
先手,15,,
先手,9,,
先手,15,,
先手,15,,
先手,9,,
先手,11,,
先手,11,,
先手,15,,
先手,13,,
先手,13,,
先手,13,,
先手,13,,
先手,13,,
先手,13,,
先手,13,,
先手,11,,
先手,11,,
先手,13,,
先手,13,,
先手,15,,
先手,15,,
先手,13,,
先手,15,,
先手,15,,
先手,11,,
先手,15,,
先手,11,,
先手,11,,
先手,11,,
先手,13,,
先手,17,,
先手,15,,
先手,13,,
先手,15,,
先手,13,,
先手,11,,
先手,11,,
先手,11,,
先手,15,,
先手,13,,
先手,13,,
先手,13,,
先手,9,,
先手,13,,
先手,17,,
先手,13,,
先手,15,,
先手,15,,
先手,11,,
先手,9,,
先手,13,,
先手,11,,
先手,11,,
先手,15,,
先手,13,,
先手,13,,
先手,17,,
先手,13,,
先手,13,,
先手,15,,
先手,13,,
先手,13,,
先手,15,,
先手,15,,
先手,17,,
先手,13,,
先手,13,,
先手,15,,
先手,13,,
先手,15,,
先手,13,,
先手,11,,
先手,11,,
先手,13,,
先手,15,,
先手,13,,
先手,13,,
先手,11,,
先手,15,,
先手,15,,
先手,11,,
先手,13,,
先手,15,,
先手,11,,
先手,13,,
先手,13,,
先手,15,,
先手,11,,
先手,13,,
先手,13,,
先手,13,,
先手,11,,
先手,13,,
先手,11,,
先手,11,,
先手,17,,
先手,11,,
先手,9,,
先手,13,,
先手,11,,
先手,15,,
先手,13,,
先手,11,,
先手,11,,
先手,15,,
先手,17,,
先手,15,,
先手,15,,
先手,15,,
先手,17,,
先手,13,,
先手,15,,
先手,15,,
先手,13,,
先手,11,,
先手,13,,
先手,13,,
先手,11,,
先手,15,,
先手,11,,
先手,13,,
先手,11,,
先手,13,,
先手,13,,
先手,11,,
先手,15,,
先手,13,,
先手,9,,
先手,11,,
先手,13,,
先手,15,,
先手,11,,
先手,13,,
先手,13,,
先手,15,,
先手,15,,
先手,13,,
先手,15,,
先手,13,,
先手,17,,
先手,13,,
先手,11,,
先手,11,,
先手,13,,
先手,13,,
先手,15,,
先手,15,,
先手,13,,
先手,13,,
先手,15,,
先手,15,,
先手,13,,
先手,13,,
先手,13,,
先手,11,,
先手,11,,
先手,11,,
先手,15,,
先手,11,,
先手,15,,
先手,13,,
先手,13,,
先手,15,,
先手,13,,
先手,11,,
先手,13,,
先手,15,,
先手,13,,
先手,15,,
先手,9,,
先手,11,,
先手,11,,
先手,13,,
先手,15,,
先手,15,,
先手,13,,
先手,13,,
先手,13,,
先手,11,,
先手,15,,
先手,11,,
先手,13,,
先手,13,,
先手,15,,
先手,15,,
先手,11,,
先手,13,,
先手,15,,
先手,17,,
先手,11,,
先手,11,,
先手,13,,
先手,9,,
先手,13,,
先手,15,,
先手,15,,
先手,13,,
先手,13,,
先手,11,,
先手,13,,
先手,13,,
先手,13,,
先手,15,,
先手,13,,
先手,13,,
先手,13,,
先手,13,,
先手,13,,
先手,15,,
先手,13,,
先手,15,,
先手,13,,
先手,13,,
先手,17,,
先手,11,,
先手,13,,
先手,11,,
先手,13,,
先手,11,,
先手,15,,
先手,15,,
先手,15,,
先手,11,,
先手,9,,
先手,13,,
先手,11,,
先手,13,,
先手,15,,
先手,17,,
先手,13,,
先手,15,,
先手,11,,
先手,13,,
先手,13,,
先手,13,,
先手,15,,
先手,15,,
先手,15,,
先手,11,,
先手,13,,
先手,13,,
先手,11,,
先手,13,,
先手,11,,
先手,13,,
先手,11,,
先手,15,,
先手,13,,
先手,11,,
先手,11,,
先手,13,,
先手,13,,
先手,13,,
先手,13,,
先手,11,,
先手,11,,
先手,15,,
先手,15,,
先手,9,,
先手,13,,
先手,13,,
先手,13,,
先手,11,,
先手,13,,
先手,13,,
先手,13,,
先手,11,,
先手,15,,
先手,13,,
先手,15,,
先手,15,,
先手,15,,
先手,15,,
先手,13,,
先手,13,,
先手,13,,
先手,11,,
先手,13,,
先手,13,,
先手,11,,
先手,13,,
先手,13,,
先手,13,,
先手,13,,
先手,9,,
先手,11,,
先手,11,,
先手,13,,
先手,11,,
先手,13,,
先手,13,,
先手,13,,
先手,17,,
先手,11,,
先手,13,,
先手,11,,
先手,13,,
先手,11,,
先手,13,,
先手,11,,
先手,9,,
先手,11,,
先手,15,,
先手,19,,
先手,11,,
先手,13,,
先手,11,,
先手,11,,
先手,11,,
先手,15,,
先手,11,,
先手,11,,
先手,13,,
先手,13,,
先手,13,,
先手,15,,
先手,11,,
先手,15,,
先手,13,,
先手,13,,
先手,13,,
先手,15,,
先手,13,,
先手,15,,
先手,13,,
先手,11,,
先手,11,,
先手,15,,
先手,13,,
先手,11,,
先手,15,,
先手,13,,
先手,13,,
先手,15,,
先手,15,,
先手,11,,
先手,13,,
先手,13,,
先手,11,,
先手,11,,
先手,17,,
先手,15,,
先手,13,,
先手,13,,
先手,15,,
先手,11,,
先手,11,,
先手,13,,
先手,13,,
先手,15,,
先手,13,,
先手,13,,
先手,13,,
先手,13,,
先手,13,,
先手,13,,
先手,11,,
先手,13,,
先手,13,,
先手,13,,
先手,11,,
先手,15,,
先手,9,,
先手,11,,
先手,15,,
先手,11,,
先手,11,,
先手,13,,
先手,13,,
先手,11,,
先手,13,,
先手,13,,
先手,13,,
先手,13,,
先手,17,,
先手,13,,
先手,13,,
先手,13,,
先手,13,,
先手,13,,
先手,15,,
先手,11,,
先手,15,,
先手,15,,
先手,13,,
先手,9,,
先手,13,,
先手,11,,
先手,11,,
先手,15,,
先手,17,,
先手,13,,
先手,15,,
先手,13,,
先手,13,,
先手,13,,
先手,11,,
先手,15,,
先手,15,,
先手,15,,
先手,13,,
先手,17,,
先手,13,,
先手,13,,
先手,17,,
先手,13,,
先手,15,,
先手,13,,
先手,13,,
先手,15,,
先手,13,,
先手,13,,
先手,11,,
先手,11,,
先手,13,,
先手,11,,
先手,17,,
先手,15,,
先手,13,,
先手,11,,
先手,13,,
先手,13,,
先手,13,,
先手,11,,
先手,9,,
先手,13,,
先手,15,,
先手,17,,
先手,11,,
先手,15,,
先手,13,,
先手,13,,
先手,15,,
先手,13,,
先手,13,,
先手,11,,
先手,11,,
先手,13,,
先手,11,,
先手,9,,
先手,11,,
先手,13,,
先手,13,,
先手,13,,
先手,15,,
先手,11,,
先手,13,,
先手,13,,
先手,15,,
先手,13,,
先手,15,,
先手,13,,
先手,11,,
先手,11,,
先手,15,,
先手,11,,
先手,11,,
先手,13,,
先手,13,,
先手,13,,
先手,15,,
先手,13,,
先手,13,,
先手,11,,
先手,13,,
先手,11,,
先手,13,,
先手,11,,
先手,13,,
先手,13,,
先手,13,,
先手,13,,
先手,15,,
先手,15,,
先手,13,,
先手,13,,
先手,13,,
先手,17,,
先手,15,,
先手,15,,
先手,15,,
先手,17,,
先手,13,,
先手,13,,
先手,11,,
先手,13,,
先手,13,,
先手,13,,
先手,13,,
先手,9,,
先手,11,,
先手,9,,
先手,11,,
先手,11,,
先手,13,,
先手,15,,
先手,15,,
先手,11,,
先手,11,,
先手,15,,
先手,13,,
先手,13,,
先手,13,,
先手,11,,
先手,13,,
先手,13,,
先手,13,,
先手,13,,
先手,13,,
先手,13,,
先手,13,,
先手,13,,
先手,15,,
先手,13,,
先手,13,,
先手,11,,
先手,11,,
先手,15,,
先手,13,,
先手,15,,
先手,11,,
先手,13,,
先手,11,,
先手,13,,
先手,13,,
先手,11,,
先手,11,,
先手,15,,
先手,13,,
先手,13,,
先手,15,,
先手,11,,
先手,11,,
先手,11,,
先手,17,,
先手,13,,
先手,13,,
先手,13,,
先手,13,,
先手,11,,
先手,13,,
先手,11,,
先手,15,,
先手,11,,
先手,15,,
先手,11,,
先手,11,,
先手,11,,
先手,13,,
先手,13,,
先手,13,,
先手,15,,
先手,11,,
先手,13,,
先手,11,,
先手,11,,
先手,13,,
先手,11,,
先手,15,,
先手,13,,
先手,13,,
先手,13,,
先手,13,,
先手,11,,
先手,13,,
先手,13,,
先手,11,,
先手,11,,
先手,15,,
先手,15,,
先手,15,,
先手,15,,
先手,13,,
先手,15,,
先手,13,,
先手,15,,
先手,13,,
先手,15,,
先手,15,,
先手,13,,
先手,15,,
先手,11,,
先手,13,,
先手,13,,
先手,15,,
先手,15,,
先手,15,,
先手,11,,
先手,13,,
先手,15,,
先手,13,,
先手,13,,
先手,13,,
先手,13,,
先手,15,,
先手,13,,
先手,13,,
先手,13,,
先手,13,,
先手,13,,
先手,11,,
先手,17,,
先手,13,,
先手,15,,
先手,13,,
先手,15,,
先手,13,,
先手,15,,
先手,11,,
先手,15,,
先手,15,,
先手,13,,
先手,13,,
先手,11,,
先手,13,,
先手,13,,
先手,11,,
先手,13,,
先手,15,,
先手,15,,
先手,13,,
先手,13,,
先手,13,,
先手,13,,
先手,15,,
先手,13,,
先手,13,,
先手,13,,
先手,13,,
先手,13,,
先手,15,,
先手,13,,
先手,13,,
先手,13,,
先手,13,,
先手,13,,
先手,11,,
先手,13,,
先手,13,,
先手,15,,
先手,13,,
先手,13,,
先手,13,,
先手,17,,
先手,13,,
先手,13,,
先手,13,,
先手,13,,
先手,9,,
先手,13,,
先手,11,,
先手,11,,
先手,11,,
先手,13,,
先手,11,,
先手,11,,
先手,13,,
先手,13,,
先手,15,,
先手,17,,
先手,9,,
先手,11,,
先手,17,,
先手,11,,
先手,13,,
先手,15,,
先手,11,,
先手,15,,
先手,15,,
先手,11,,
先手,13,,
先手,13,,
先手,11,,
先手,11,,
先手,13,,
先手,9,,
先手,15,,
先手,13,,
先手,13,,
先手,13,,
先手,11,,
先手,11,,
先手,11,,
先手,11,,
先手,15,,
先手,15,,
先手,13,,
先手,11,,
先手,13,,
先手,15,,
先手,11,,
先手,13,,
先手,11,,
先手,13,,
先手,15,,
先手,13,,
先手,13,,
先手,13,,
先手,15,,
先手,11,,
先手,13,,
先手,13,,
先手,11,,
先手,15,,
先手,17,,
先手,11,,
先手,15,,
先手,9,,
先手,13,,
先手,11,,
先手,11,,
先手,13,,
先手,13,,
先手,13,,
先手,13,,
先手,15,,
先手,11,,
先手,11,,
先手,11,,
先手,13,,
先手,13,,
先手,15,,
先手,13,,
先手,11,,
先手,13,,
先手,13,,
先手,11,,
先手,13,,
先手,11,,
先手,13,,
先手,13,,
先手,13,,
先手,15,,
先手,11,,
先手,11,,
先手,13,,
先手,13,,
先手,13,,
先手,17,,
先手,11,,
先手,11,,
先手,15,,
先手,13,,
先手,13,,
先手,13,,
先手,15,,
先手,13,,
先手,15,,
先手,15,,
先手,15,,
先手,15,,
先手,13,,
先手,15,,
先手,11,,
先手,15,,
先手,13,,
先手,11,,
先手,15,,
先手,15,,
先手,13,,
先手,15,,
先手,13,,
先手,15,,
先手,13,,
先手,15,,
先手,11,,
先手,11,,
先手,13,,
先手,17,,
先手,15,,
先手,15,,
先手,11,,
先手,11,,
先手,17,,
先手,13,,
先手,13,,
先手,13,,
先手,13,,
先手,13,,
先手,13,,
先手,15,,
先手,9,,
先手,13,,
先手,13,,
先手,13,,
先手,15,,
先手,11,,
先手,13,,
先手,13,,
先手,13,,
先手,13,,
先手,13,,
先手,11,,
先手,11,,
先手,11,,
先手,15,,
先手,13,,
先手,11,,
先手,15,,
先手,11,,
先手,13,,
先手,13,,
先手,15,,
先手,11,,
先手,15,,
先手,13,,
先手,15,,
先手,13,,
先手,11,,
先手,11,,
先手,11,,
先手,15,,
先手,13,,
先手,13,,
先手,13,,
先手,15,,
先手,13,,
先手,11,,
先手,13,,
先手,13,,
先手,13,,
先手,13,,
先手,13,,
先手,15,,
先手,13,,
先手,13,,
先手,13,,
先手,11,,
先手,13,,
先手,17,,
先手,9,,
先手,15,,
先手,15,,
先手,13,,
先手,11,,
先手,17,,
先手,11,,
先手,13,,
先手,13,,
先手,15,,
先手,13,,
先手,11,,
先手,13,,
先手,13,,
先手,11,,
先手,11,,
先手,15,,
先手,15,,
先手,17,,
先手,13,,
先手,11,,
先手,11,,
先手,15,,
先手,11,,
先手,15,,
先手,13,,
先手,13,,
先手,13,,
先手,13,,
先手,17,,
先手,17,,
先手,11,,
先手,11,,
先手,11,,
先手,13,,
先手,13,,
先手,13,,
先手,15,,
先手,13,,
先手,11,,
先手,11,,
先手,11,,
先手,13,,
先手,13,,
先手,11,,
先手,13,,
先手,13,,
先手,11,,
先手,13,,
先手,11,,
先手,15,,
先手,13,,
先手,15,,
先手,13,,
先手,11,,
先手,13,,
先手,15,,
先手,13,,
先手,15,,
先手,13,,
先手,13,,
先手,15,,
先手,13,,
先手,11,,
先手,15,,
先手,13,,
先手,13,,
先手,11,,
先手,13,,
先手,11,,
先手,11,,
先手,13,,
先手,15,,
先手,13,,
先手,13,,
先手,11,,
先手,9,,
先手,13,,
先手,13,,
先手,13,,
先手,11,,
先手,13,,
先手,15,,
先手,11,,
先手,11,,
先手,13,,
先手,13,,
先手,15,,
先手,15,,
先手,15,,
先手,15,,
先手,11,,
先手,15,,
先手,13,,
先手,13,,
先手,13,,
先手,13,,
先手,11,,
先手,11,,
先手,13,,
先手,11,,
先手,11,,
先手,15,,
先手,13,,
先手,11,,
先手,13,,
先手,11,,
先手,15,,
先手,13,,
先手,11,,
先手,13,,
先手,15,,
先手,11,,
先手,11,,
先手,13,,
先手,11,,
先手,13,,
先手,13,,
先手,13,,
先手,13,,
先手,13,,
先手,11,,
先手,13,,
先手,11,,
先手,11,,
先手,13,,
先手,13,,
先手,15,,
先手,13,,
先手,13,,
先手,11,,
先手,11,,
先手,13,,
先手,15,,
先手,11,,
先手,13,,
先手,13,,
先手,15,,
先手,11,,
先手,11,,
先手,11,,
先手,15,,
先手,17,,
先手,17,,
先手,11,,
先手,17,,
先手,9,,
先手,15,,
先手,13,,
先手,13,,
先手,13,,
先手,15,,
先手,13,,
先手,17,,
先手,17,,
先手,11,,
先手,13,,
先手,13,,
先手,15,,
先手,15,,
先手,13,,
先手,13,,
先手,15,,
先手,13,,
先手,13,,
先手,13,,
先手,11,,
先手,15,,
先手,13,,
先手,15,,
先手,15,,
先手,13,,
先手,13,,
先手,13,,
先手,13,,
先手,13,,
先手,15,,
先手,13,,
先手,17,,
先手,9,,
先手,13,,
先手,13,,
先手,17,,
先手,11,,
先手,11,,
先手,13,,
先手,15,,
先手,13,,
先手,11,,
先手,11,,
先手,11,,
先手,13,,
先手,11,,
先手,13,,
先手,13,,
先手,15,,
先手,11,,
先手,11,,
先手,13,,
先手,13,,
先手,13,,
先手,13,,
先手,13,,
先手,9,,
先手,13,,
先手,9,,
先手,11,,
先手,13,,
先手,15,,
先手,13,,
先手,13,,
先手,15,,
先手,13,,
先手,15,,
先手,13,,
先手,9,,
先手,15,,
先手,15,,
先手,13,,
先手,11,,
先手,15,,
先手,17,,
先手,11,,
先手,9,,
先手,13,,
先手,13,,
先手,13,,
先手,13,,
先手,11,,
先手,13,,
先手,13,,
先手,11,,
先手,11,,
先手,15,,
先手,13,,
先手,13,,
先手,13,,
先手,9,,
先手,11,,
先手,13,,
先手,13,,
先手,13,,
先手,13,,
先手,13,,
先手,15,,
先手,15,,
先手,13,,
先手,11,,
先手,15,,
先手,11,,
先手,11,,
先手,13,,
先手,15,,
先手,15,,
先手,17,,
先手,13,,
先手,15,,
先手,15,,
先手,13,,
先手,13,,
先手,11,,
先手,13,,
先手,13,,
先手,13,,
先手,13,,
先手,13,,
先手,11,,
先手,13,,
先手,15,,
先手,17,,
先手,11,,
先手,11,,
先手,13,,
先手,13,,
先手,15,,
先手,13,,
先手,13,,
先手,13,,
先手,13,,
先手,15,,
先手,15,,
先手,11,,
先手,13,,
先手,13,,
先手,11,,
先手,15,,
先手,13,,
先手,15,,
先手,15,,
先手,11,,
先手,13,,
先手,13,,
先手,13,,
先手,11,,
先手,15,,
先手,13,,
先手,13,,
先手,13,,
先手,13,,
先手,13,,
先手,11,,
先手,13,,
先手,13,,
先手,15,,
先手,13,,
先手,11,,
先手,13,,
先手,15,,
先手,13,,
先手,13,,
先手,13,,
先手,13,,
先手,13,,
先手,11,,
先手,11,,
先手,15,,
先手,11,,
先手,15,,
先手,13,,
先手,13,,
先手,11,,
先手,15,,
先手,13,,
先手,13,,
先手,13,,
先手,13,,
先手,9,,
先手,11,,
先手,13,,
先手,11,,
先手,15,,
先手,13,,
先手,9,,
先手,11,,
先手,13,,
先手,15,,
先手,13,,
先手,13,,
先手,11,,
先手,15,,
先手,11,,
先手,15,,
先手,11,,
先手,11,,
先手,13,,
先手,15,,
先手,13,,
先手,11,,
先手,13,,
先手,13,,
先手,13,,
先手,15,,
先手,15,,
先手,11,,
先手,11,,
先手,13,,
先手,13,,
先手,13,,
先手,11,,
先手,11,,
先手,13,,
先手,11,,
先手,13,,
先手,11,,
先手,13,,
先手,15,,
先手,11,,
先手,13,,
先手,15,,
先手,13,,
先手,15,,
先手,13,,
先手,13,,
先手,11,,
先手,13,,
先手,11,,
先手,11,,
先手,15,,
先手,11,,
先手,11,,
先手,11,,
先手,15,,
先手,13,,
先手,13,,
先手,13,,
先手,13,,
先手,13,,
先手,13,,
先手,11,,
先手,13,,
先手,11,,
先手,11,,
先手,9,,
先手,11,,
先手,15,,
先手,15,,
先手,13,,
先手,13,,
先手,13,,
先手,11,,
先手,13,,
先手,11,,
先手,13,,
先手,13,,
先手,13,,
先手,13,,
先手,11,,
先手,13,,
先手,11,,
先手,11,,
先手,13,,
先手,13,,
先手,11,,
先手,13,,
先手,13,,
先手,11,,
先手,11,,
先手,13,,
先手,15,,
先手,11,,
先手,13,,
先手,13,,
先手,13,,
先手,13,,
先手,11,,
先手,13,,
先手,11,,
先手,13,,
先手,13,,
先手,11,,
先手,13,,
先手,15,,
先手,15,,
先手,11,,
先手,11,,
先手,13,,
先手,11,,
先手,13,,
先手,11,,
先手,9,,
先手,11,,
先手,13,,
先手,11,,
先手,17,,
先手,15,,
先手,13,,
先手,15,,
先手,11,,
先手,13,,
先手,13,,
先手,13,,
先手,15,,
先手,11,,
先手,13,,
先手,15,,
先手,11,,
先手,11,,
先手,13,,
先手,13,,
先手,13,,
先手,13,,
先手,13,,
先手,13,,
先手,11,,
先手,15,,
先手,11,,
先手,11,,
先手,13,,
先手,15,,
先手,13,,
先手,15,,
先手,11,,
先手,13,,
先手,11,,
先手,13,,
先手,11,,
先手,13,,
先手,15,,
先手,11,,
先手,13,,
先手,13,,
先手,15,,
先手,13,,
先手,11,,
先手,11,,
先手,13,,
先手,13,,
先手,15,,
先手,11,,
先手,11,,
先手,11,,
先手,15,,
先手,15,,
先手,13,,
先手,17,,
先手,15,,
先手,13,,
先手,15,,
先手,15,,
先手,13,,
先手,11,,
先手,13,,
先手,13,,
先手,11,,
先手,13,,
先手,11,,
先手,13,,
先手,11,,
先手,11,,
先手,11,,
先手,11,,
先手,13,,
先手,13,,
先手,13,,
先手,11,,
先手,13,,
先手,15,,
先手,11,,
先手,15,,
先手,11,,
先手,13,,
先手,13,,
先手,15,,
先手,13,,
先手,15,,
先手,15,,
先手,11,,
先手,11,,
先手,15,,
先手,11,,
先手,13,,
先手,13,,
先手,13,,
先手,11,,
先手,11,,
先手,13,,
先手,13,,
先手,15,,
先手,15,,
先手,11,,
先手,15,,
先手,17,,
先手,13,,
先手,15,,
先手,13,,
先手,13,,
先手,11,,
先手,13,,
先手,11,,
先手,15,,
先手,9,,
先手,13,,
先手,13,,
先手,11,,
先手,11,,
先手,11,,
先手,11,,
先手,13,,
先手,13,,
先手,13,,
先手,13,,
先手,11,,
先手,11,,
先手,15,,
先手,11,,
先手,11,,
先手,15,,
先手,11,,
先手,13,,
先手,13,,
先手,11,,
先手,15,,
先手,13,,
先手,15,,
先手,11,,
先手,11,,
先手,15,,
先手,15,,
先手,13,,
先手,15,,
先手,13,,
先手,13,,
先手,11,,
先手,13,,
先手,11,,
先手,13,,
先手,15,,
先手,13,,
先手,15,,
先手,15,,
先手,13,,
先手,13,,
先手,11,,
先手,11,,
先手,13,,
先手,15,,
先手,13,,
先手,11,,
先手,13,,
先手,11,,
先手,13,,
先手,15,,
先手,13,,
先手,15,,
先手,15,,
先手,13,,
先手,15,,
先手,13,,
先手,15,,
先手,13,,
先手,11,,
先手,11,,
先手,15,,
先手,13,,
先手,13,,
先手,13,,
先手,11,,
先手,9,,
先手,15,,
先手,11,,
先手,11,,
先手,15,,
先手,11,,
先手,11,,
先手,13,,
先手,13,,
先手,13,,
先手,17,,
先手,13,,
先手,15,,
先手,15,,
先手,13,,
先手,15,,
先手,13,,
先手,13,,
先手,13,,
先手,15,,
先手,11,,
先手,9,,
先手,15,,
先手,13,,
先手,13,,
先手,13,,
先手,15,,
先手,15,,
先手,13,,
先手,11,,
先手,11,,
先手,15,,
先手,15,,
先手,9,,
先手,17,,
先手,17,,
先手,11,,
先手,13,,
先手,15,,
先手,13,,
先手,13,,
先手,15,,
先手,13,,
先手,17,,
先手,13,,
先手,11,,
先手,15,,
先手,11,,
先手,11,,
先手,11,,
先手,13,,
先手,13,,
先手,13,,
先手,17,,
先手,11,,
先手,11,,
先手,13,,
先手,11,,
先手,13,,
先手,13,,
先手,13,,
先手,13,,
先手,11,,
先手,11,,
先手,15,,
先手,13,,
先手,13,,
先手,11,,
先手,15,,
先手,13,,
先手,15,,
先手,13,,
先手,11,,
先手,15,,
先手,11,,
先手,13,,
先手,13,,
先手,13,,
先手,15,,
先手,15,,
先手,11,,
先手,15,,
先手,13,,
先手,11,,
先手,13,,
先手,11,,
先手,13,,
先手,11,,
先手,13,,
先手,11,,
先手,11,,
先手,13,,
先手,13,,
先手,13,,
先手,11,,
先手,15,,
先手,11,,
先手,9,,
先手,13,,
先手,11,,
先手,13,,
先手,11,,
先手,13,,
先手,13,,
先手,13,,
先手,11,,
先手,15,,
先手,13,,
先手,13,,
先手,15,,
先手,15,,
先手,13,,
先手,15,,
先手,11,,
先手,13,,
先手,13,,
先手,15,,
先手,13,,
先手,13,,
先手,11,,
先手,11,,
先手,13,,
先手,15,,
先手,13,,
先手,15,,
先手,11,,
先手,13,,
先手,13,,
先手,11,,
先手,13,,
先手,15,,
先手,17,,
先手,11,,
先手,15,,
先手,13,,
先手,11,,
先手,11,,
先手,11,,
先手,15,,
先手,15,,
先手,15,,
先手,13,,
先手,13,,
先手,13,,
先手,11,,
先手,13,,
先手,13,,
先手,15,,
先手,13,,
先手,13,,
先手,13,,
先手,11,,
先手,15,,
先手,9,,
先手,11,,
先手,11,,
先手,15,,
先手,13,,
先手,15,,
先手,15,,
先手,11,,
先手,13,,
先手,11,,
先手,17,,
先手,15,,
先手,11,,
先手,13,,
先手,13,,
先手,13,,
先手,13,,
先手,11,,
先手,13,,
先手,13,,
先手,17,,
先手,11,,
先手,13,,
先手,15,,
先手,11,,
先手,11,,
先手,13,,
先手,11,,
先手,17,,
先手,19,,
先手,13,,
先手,11,,
先手,13,,
先手,13,,
先手,9,,
先手,11,,
先手,11,,
先手,13,,
先手,13,,
先手,13,,
先手,17,,
先手,13,,
先手,11,,
先手,11,,
先手,13,,
先手,15,,
先手,13,,
先手,13,,
先手,17,,
先手,11,,
先手,11,,
先手,15,,
先手,13,,
先手,13,,
先手,15,,
先手,15,,
先手,13,,
先手,11,,
先手,13,,
先手,15,,
先手,13,,
先手,15,,
先手,15,,
先手,13,,
先手,15,,
先手,13,,
先手,13,,
先手,15,,
先手,17,,
先手,11,,
先手,13,,
先手,13,,
先手,13,,
先手,13,,
先手,15,,
先手,15,,
先手,13,,
先手,13,,
先手,11,,
先手,15,,
先手,11,,
先手,11,,
先手,15,,
先手,13,,
先手,15,,
先手,15,,
先手,15,,
先手,11,,
先手,13,,
先手,17,,
先手,15,,
先手,13,,
先手,13,,
先手,15,,
先手,11,,
先手,17,,
先手,11,,
先手,13,,
先手,13,,
先手,15,,
先手,13,,
先手,13,,
先手,13,,
先手,15,,
先手,13,,
先手,15,,
先手,13,,
先手,11,,
先手,13,,
先手,15,,
先手,13,,
先手,11,,
先手,13,,
先手,11,,
先手,9,,
先手,13,,
先手,11,,
先手,17,,
先手,11,,
先手,15,,
先手,15,,
先手,13,,
先手,13,,
先手,11,,
先手,13,,
先手,15,,
先手,11,,
先手,9,,
先手,13,,
先手,13,,
先手,11,,
先手,13,,
先手,15,,
先手,15,,
先手,15,,
先手,13,,
先手,15,,
先手,13,,
先手,13,,
先手,17,,
先手,15,,
先手,13,,
先手,13,,
先手,13,,
先手,13,,
先手,11,,
先手,13,,
先手,13,,
先手,13,,
先手,11,,
先手,9,,
先手,15,,
先手,13,,
先手,11,,
先手,13,,
先手,11,,
先手,11,,
先手,17,,
先手,17,,
先手,15,,
先手,11,,
先手,15,,
先手,11,,
先手,15,,
先手,11,,
先手,13,,
先手,13,,
先手,13,,
先手,15,,
先手,13,,
先手,13,,
先手,13,,
先手,15,,
先手,13,,
先手,15,,
先手,13,,
先手,13,,
先手,13,,
先手,11,,
先手,13,,
先手,11,,
先手,15,,
先手,15,,
先手,13,,
先手,11,,
先手,13,,
先手,13,,
先手,13,,
先手,13,,
先手,17,,
先手,11,,
先手,13,,
先手,17,,
先手,11,,
先手,11,,
先手,9,,
先手,17,,
先手,11,,
先手,11,,
先手,13,,
先手,15,,
先手,13,,
先手,15,,
先手,13,,
先手,13,,
先手,9,,
先手,11,,
先手,13,,
先手,13,,
先手,13,,
先手,13,,
先手,11,,
先手,11,,
先手,11,,
先手,11,,
先手,17,,
先手,11,,
先手,11,,
先手,11,,
先手,11,,
先手,13,,
先手,17,,
先手,11,,
先手,13,,
先手,17,,
先手,15,,
先手,11,,
先手,11,,
先手,11,,
先手,13,,
先手,13,,
先手,11,,
先手,15,,
先手,13,,
先手,13,,
先手,11,,
先手,13,,
先手,13,,
先手,11,,
先手,13,,
先手,13,,
先手,13,,
先手,11,,
先手,15,,
先手,11,,
先手,13,,
先手,15,,
先手,15,,
先手,13,,
先手,13,,
先手,13,,
先手,11,,
先手,15,,
先手,13,,
先手,11,,
先手,13,,
先手,15,,
先手,11,,
先手,13,,
先手,13,,
先手,13,,
先手,11,,
先手,15,,
先手,13,,
先手,11,,
先手,13,,
先手,13,,
先手,11,,
先手,13,,
先手,11,,
先手,15,,
先手,11,,
先手,13,,
先手,15,,
先手,15,,
先手,13,,
先手,13,,
先手,15,,
先手,11,,
先手,13,,
先手,11,,
先手,11,,
先手,13,,
先手,17,,
先手,13,,
先手,15,,
先手,11,,
先手,13,,
先手,11,,
先手,15,,
先手,11,,
先手,11,,
先手,13,,
先手,15,,
先手,13,,
先手,13,,
先手,13,,
先手,13,,
先手,17,,
先手,15,,
先手,11,,
先手,11,,
先手,11,,
先手,13,,
先手,11,,
先手,11,,
先手,15,,
先手,13,,
先手,13,,
先手,15,,
先手,11,,
先手,13,,
先手,15,,
先手,13,,
先手,11,,
先手,11,,
先手,15,,
先手,13,,
先手,13,,
先手,15,,
先手,15,,
先手,15,,
先手,13,,
先手,13,,
先手,11,,
先手,13,,
先手,11,,
先手,11,,
先手,13,,
先手,15,,
先手,15,,
先手,15,,
先手,11,,
先手,13,,
先手,11,,
先手,13,,
先手,13,,
先手,11,,
先手,15,,
先手,15,,
先手,15,,
先手,13,,
先手,13,,
先手,15,,
先手,15,,
先手,15,,
先手,13,,
先手,13,,
先手,11,,
先手,9,,
先手,13,,
先手,13,,
先手,11,,
先手,13,,
先手,13,,
先手,17,,
先手,15,,
先手,13,,
先手,11,,
先手,13,,
先手,15,,
先手,11,,
先手,13,,
先手,13,,
先手,13,,
先手,11,,
先手,15,,
先手,15,,
先手,13,,
先手,13,,
先手,15,,
先手,17,,
先手,11,,
先手,11,,
先手,11,,
先手,11,,
先手,15,,
先手,11,,
先手,9,,
先手,15,,
先手,15,,
先手,17,,
先手,15,,
先手,13,,
先手,13,,
先手,13,,
先手,11,,
先手,15,,
先手,15,,
先手,15,,
先手,11,,
先手,15,,
先手,15,,
先手,9,,
先手,13,,
先手,11,,
先手,11,,
先手,13,,
先手,13,,
先手,15,,
先手,13,,
先手,15,,
先手,13,,
先手,13,,
先手,13,,
先手,13,,
先手,13,,
先手,15,,
先手,13,,
先手,15,,
先手,15,,
先手,11,,
先手,13,,
先手,13,,
先手,13,,
先手,11,,
先手,13,,
先手,13,,
先手,15,,
先手,13,,
先手,13,,
先手,11,,
先手,15,,
先手,13,,
先手,11,,
先手,17,,
先手,13,,
先手,13,,
先手,15,,
先手,13,,
先手,11,,
先手,15,,
先手,13,,
先手,13,,
先手,15,,
先手,13,,
先手,13,,
先手,13,,
先手,15,,
先手,13,,
先手,13,,
先手,13,,
先手,11,,
先手,13,,
先手,11,,
先手,13,,
先手,13,,
先手,15,,
先手,13,,
先手,13,,
先手,11,,
先手,13,,
先手,13,,
先手,15,,
先手,15,,
先手,13,,
先手,15,,
先手,13,,
先手,13,,
先手,15,,
先手,13,,
先手,13,,
先手,13,,
先手,13,,
先手,15,,
先手,13,,
先手,11,,
先手,13,,
先手,11,,
先手,13,,
先手,17,,
先手,15,,
先手,15,,
先手,13,,
先手,13,,
先手,13,,
先手,13,,
先手,13,,
先手,13,,
先手,13,,
先手,15,,
先手,11,,
先手,11,,
先手,15,,
先手,13,,
先手,15,,
先手,13,,
先手,13,,
先手,13,,
先手,13,,
先手,11,,
先手,13,,
先手,11,,
先手,15,,
先手,13,,
先手,11,,
先手,11,,
先手,13,,
先手,15,,
先手,13,,
先手,15,,
先手,15,,
先手,13,,
先手,13,,
先手,11,,
先手,13,,
先手,13,,
先手,11,,
先手,13,,
先手,11,,
先手,11,,
先手,13,,
先手,17,,
先手,13,,
先手,11,,
先手,11,,
先手,15,,
先手,15,,
先手,13,,
先手,13,,
先手,11,,
先手,13,,
先手,13,,
先手,11,,
先手,13,,
先手,15,,
先手,17,,
先手,15,,
先手,13,,
先手,15,,
先手,17,,
先手,11,,
先手,13,,
先手,13,,
先手,15,,
先手,11,,
先手,13,,
先手,9,,
先手,13,,
先手,11,,
先手,13,,
先手,11,,
先手,13,,
先手,11,,
先手,13,,
先手,9,,
先手,11,,
先手,11,,
先手,15,,
先手,13,,
先手,15,,
先手,13,,
先手,17,,
先手,15,,
先手,15,,
先手,11,,
先手,15,,
先手,11,,
先手,13,,
先手,19,,
先手,13,,
先手,13,,
先手,11,,
先手,13,,
先手,13,,
先手,11,,
先手,15,,
先手,13,,
先手,13,,
先手,13,,
先手,13,,
先手,13,,
先手,13,,
先手,11,,
先手,13,,
先手,13,,
先手,13,,
先手,17,,
先手,13,,
先手,15,,
先手,13,,
先手,9,,
先手,13,,
先手,13,,
先手,13,,
先手,11,,
先手,15,,
先手,13,,
先手,13,,
先手,13,,
先手,15,,
先手,13,,
先手,11,,
先手,13,,
先手,11,,
先手,11,,
先手,15,,
先手,13,,
先手,17,,
先手,13,,
先手,13,,
先手,15,,
先手,13,,
先手,11,,
先手,13,,
先手,13,,
先手,13,,
先手,15,,
先手,13,,
先手,15,,
先手,15,,
先手,13,,
先手,15,,
先手,11,,
先手,15,,
先手,11,,
先手,13,,
先手,11,,
先手,11,,
先手,13,,
先手,11,,
先手,15,,
先手,11,,
先手,15,,
先手,13,,
先手,15,,
先手,11,,
先手,11,,
先手,13,,
先手,13,,
先手,11,,
先手,13,,
先手,13,,
先手,13,,
先手,13,,
先手,17,,
先手,17,,
先手,11,,
先手,9,,
先手,13,,
先手,13,,
先手,11,,
先手,11,,
先手,13,,
先手,13,,
先手,13,,
先手,13,,
先手,11,,
先手,13,,
先手,11,,
先手,13,,
先手,13,,
先手,13,,
先手,11,,
先手,13,,
先手,15,,
先手,11,,
先手,11,,
先手,11,,
先手,11,,
先手,13,,
先手,17,,
先手,13,,
先手,11,,
先手,15,,
先手,15,,
先手,11,,
先手,13,,
先手,15,,
先手,15,,
先手,11,,
先手,15,,
先手,13,,
先手,13,,
先手,13,,
先手,15,,
先手,11,,
先手,13,,
先手,15,,
先手,15,,
先手,9,,
先手,11,,
先手,13,,
先手,13,,
先手,13,,
先手,15,,
先手,13,,
先手,13,,
先手,13,,
先手,13,,
先手,15,,
先手,13,,
先手,11,,
先手,13,,
先手,13,,
先手,11,,
先手,11,,
先手,15,,
先手,13,,
先手,13,,
先手,15,,
先手,15,,
先手,11,,
先手,13,,
先手,15,,
先手,15,,
先手,13,,
先手,15,,
先手,11,,
先手,11,,
先手,13,,
先手,11,,
先手,13,,
先手,11,,
先手,11,,
先手,13,,
先手,13,,
先手,13,,
先手,13,,
先手,11,,
先手,13,,
先手,11,,
先手,11,,
先手,15,,
先手,11,,
先手,11,,
先手,13,,
先手,13,,
先手,15,,
先手,13,,
先手,15,,
先手,15,,
先手,11,,
先手,13,,
先手,11,,
先手,11,,
先手,17,,
先手,15,,
先手,13,,
先手,15,,
先手,11,,
先手,13,,
先手,13,,
先手,13,,
先手,15,,
先手,13,,
先手,11,,
先手,13,,
先手,15,,
先手,15,,
先手,15,,
先手,13,,
先手,11,,
先手,13,,
先手,15,,
先手,13,,
先手,11,,
先手,13,,
先手,15,,
先手,13,,
先手,11,,
先手,13,,
先手,15,,
先手,15,,
先手,13,,
先手,13,,
先手,15,,
先手,15,,
先手,13,,
先手,15,,
先手,13,,
先手,9,,
先手,13,,
先手,13,,
先手,11,,
先手,13,,
先手,11,,
先手,15,,
先手,13,,
先手,13,,
先手,13,,
先手,15,,
先手,11,,
先手,15,,
先手,13,,
先手,15,,
先手,13,,
先手,15,,
先手,15,,
先手,11,,
先手,13,,
先手,13,,
先手,11,,
先手,15,,
先手,13,,
先手,17,,
先手,13,,
先手,13,,
先手,15,,
先手,13,,
先手,13,,
先手,11,,
先手,15,,
先手,13,,
先手,13,,
先手,13,,
先手,11,,
先手,9,,
先手,11,,
先手,15,,
先手,13,,
先手,13,,
先手,11,,
先手,13,,
先手,13,,
先手,15,,
先手,13,,
先手,15,,
先手,11,,
先手,11,,
先手,15,,
先手,13,,
先手,11,,
先手,11,,
先手,15,,
先手,15,,
先手,13,,
先手,13,,
先手,11,,
先手,17,,
先手,11,,
先手,11,,
先手,13,,
先手,13,,
先手,11,,
先手,13,,
先手,13,,
先手,13,,
先手,11,,
先手,13,,
先手,13,,
先手,13,,
先手,11,,
先手,11,,
先手,13,,
先手,13,,
先手,15,,
先手,13,,
先手,15,,
先手,11,,
先手,11,,
先手,15,,
先手,11,,
先手,13,,
先手,13,,
先手,13,,
先手,13,,
先手,11,,
先手,13,,
先手,13,,
先手,15,,
先手,15,,
先手,13,,
先手,13,,
先手,13,,
先手,13,,
先手,11,,
先手,13,,
先手,13,,
先手,11,,
先手,13,,
先手,13,,
先手,13,,
先手,13,,
先手,15,,
先手,11,,
先手,13,,
先手,13,,
先手,11,,
先手,11,,
先手,15,,
先手,13,,
先手,17,,
先手,11,,
先手,13,,
先手,13,,
先手,13,,
先手,15,,
先手,15,,
先手,13,,
先手,15,,
先手,15,,
先手,15,,
先手,11,,
先手,11,,
先手,13,,
先手,13,,
先手,13,,
先手,17,,
先手,13,,
先手,15,,
先手,15,,
先手,11,,
先手,11,,
先手,13,,
先手,15,,
先手,13,,
先手,11,,
先手,15,,
先手,15,,
先手,13,,
先手,13,,
先手,11,,
先手,13,,
先手,15,,
先手,13,,
先手,13,,
先手,17,,
先手,15,,
先手,15,,
先手,13,,
先手,13,,
先手,11,,
先手,13,,
先手,15,,
先手,11,,
先手,15,,
先手,13,,
先手,17,,
先手,13,,
先手,13,,
先手,15,,
先手,13,,
先手,11,,
先手,13,,
先手,13,,
先手,15,,
先手,15,,
先手,13,,
先手,13,,
先手,13,,
先手,13,,
先手,11,,
先手,13,,
先手,15,,
先手,13,,
先手,13,,
先手,15,,
先手,15,,
先手,15,,
先手,11,,
先手,13,,
先手,17,,
先手,15,,
先手,11,,
先手,15,,
先手,11,,
先手,13,,
先手,13,,
先手,15,,
先手,15,,
先手,13,,
先手,11,,
先手,15,,
先手,13,,
先手,17,,
先手,13,,
先手,15,,
先手,11,,
先手,11,,
先手,17,,
先手,11,,
先手,13,,
先手,13,,
先手,13,,
先手,13,,
先手,13,,
先手,13,,
先手,11,,
先手,15,,
先手,15,,
先手,11,,
先手,15,,
先手,11,,
先手,15,,
先手,15,,
先手,11,,
先手,13,,
先手,11,,
先手,17,,
先手,15,,
先手,11,,
先手,15,,
先手,11,,
先手,13,,
先手,13,,
先手,11,,
先手,15,,
先手,13,,
先手,13,,
先手,13,,
先手,11,,
先手,13,,
先手,11,,
先手,11,,
先手,11,,
先手,13,,
先手,13,,
先手,15,,
先手,17,,
先手,13,,
先手,13,,
先手,11,,
先手,13,,
先手,13,,
先手,11,,
先手,13,,
先手,13,,
先手,15,,
先手,13,,
先手,13,,
先手,13,,
先手,9,,
先手,13,,
先手,11,,
先手,15,,
先手,13,,
先手,15,,
先手,11,,
先手,13,,
先手,13,,
先手,13,,
先手,13,,
先手,9,,
先手,13,,
先手,13,,
先手,17,,
先手,13,,
先手,13,,
先手,15,,
先手,15,,
先手,13,,
先手,13,,
先手,13,,
先手,11,,
先手,15,,
先手,11,,
先手,13,,
先手,11,,
先手,15,,
先手,15,,
先手,11,,
先手,13,,
先手,11,,
先手,13,,
先手,13,,
先手,11,,
先手,15,,
先手,13,,
先手,17,,
先手,11,,
先手,11,,
先手,11,,
先手,13,,
先手,11,,
先手,13,,
先手,13,,
先手,11,,
先手,13,,
先手,11,,
先手,13,,
先手,13,,
先手,15,,
先手,13,,
先手,13,,
先手,13,,
先手,15,,
先手,11,,
先手,11,,
先手,15,,
先手,13,,
先手,13,,
先手,13,,
先手,13,,
先手,13,,
先手,15,,
先手,11,,
先手,13,,
先手,13,,
先手,11,,
先手,11,,
先手,9,,
先手,13,,
先手,15,,
先手,11,,
先手,15,,
先手,17,,
先手,15,,
先手,11,,
先手,13,,
先手,13,,
先手,13,,
先手,11,,
先手,11,,
先手,11,,
先手,13,,
先手,13,,
先手,15,,
先手,15,,
先手,11,,
先手,11,,
先手,13,,
先手,13,,
先手,13,,
先手,13,,
先手,17,,
先手,15,,
先手,13,,
先手,13,,
先手,13,,
先手,13,,
先手,15,,
先手,11,,
先手,15,,
先手,13,,
先手,13,,
先手,13,,
先手,11,,
先手,15,,
先手,11,,
先手,13,,
先手,11,,
先手,15,,
先手,13,,
先手,13,,
先手,13,,
先手,13,,
先手,11,,
先手,13,,
先手,13,,
先手,13,,
先手,11,,
先手,15,,
先手,13,,
先手,11,,
先手,13,,
先手,11,,
先手,11,,
先手,13,,
先手,15,,
先手,15,,
先手,11,,
先手,11,,
先手,11,,
先手,13,,
先手,13,,
先手,11,,
先手,9,,
先手,13,,
先手,13,,
先手,17,,
先手,15,,
先手,13,,
先手,15,,
先手,11,,
先手,13,,
先手,13,,
先手,13,,
先手,11,,
先手,11,,
先手,15,,
先手,11,,
先手,13,,
先手,17,,
先手,11,,
先手,15,,
先手,11,,
先手,11,,
先手,15,,
先手,15,,
先手,13,,
先手,13,,
先手,13,,
先手,11,,
先手,11,,
先手,11,,
先手,11,,
先手,15,,
先手,11,,
先手,11,,
先手,13,,
先手,13,,
先手,13,,
先手,11,,
先手,13,,
先手,13,,
先手,11,,
先手,13,,
先手,15,,
先手,13,,
先手,11,,
先手,11,,
先手,15,,
先手,11,,
先手,11,,
先手,11,,
先手,13,,
先手,13,,
先手,13,,
先手,13,,
先手,15,,
先手,13,,
先手,15,,
先手,13,,
先手,17,,
先手,13,,
先手,13,,
先手,11,,
先手,13,,
先手,11,,
先手,11,,
先手,11,,
先手,13,,
先手,13,,
先手,15,,
先手,11,,
先手,17,,
先手,11,,
先手,11,,
先手,11,,
先手,15,,
先手,15,,
先手,15,,
先手,13,,
先手,15,,
先手,17,,
先手,13,,
先手,13,,
先手,15,,
先手,15,,
先手,13,,
先手,15,,
先手,17,,
先手,15,,
先手,11,,
先手,13,,
先手,9,,
先手,11,,
先手,13,,
先手,13,,
先手,13,,
先手,15,,
先手,13,,
先手,15,,
先手,15,,
先手,11,,
先手,13,,
先手,9,,
先手,15,,
先手,11,,
先手,15,,
先手,15,,
先手,13,,
先手,15,,
先手,13,,
先手,11,,
先手,13,,
先手,13,,
先手,15,,
先手,13,,
先手,11,,
先手,11,,
先手,15,,
先手,15,,
先手,9,,
先手,15,,
先手,11,,
先手,13,,
先手,13,,
先手,11,,
先手,11,,
先手,11,,
先手,15,,
先手,11,,
先手,11,,
先手,15,,
先手,13,,
先手,11,,
先手,15,,
先手,11,,
先手,15,,
先手,13,,
先手,9,,
先手,13,,
先手,13,,
先手,11,,
先手,13,,
先手,11,,
先手,13,,
先手,15,,
先手,13,,
先手,13,,
先手,15,,
先手,13,,
先手,13,,
先手,13,,
先手,13,,
先手,15,,
先手,13,,
先手,11,,
先手,15,,
先手,15,,
先手,15,,
先手,15,,
先手,15,,
先手,15,,
先手,13,,
先手,13,,
先手,15,,
先手,13,,
先手,15,,
先手,13,,
先手,13,,
先手,11,,
先手,13,,
先手,13,,
先手,13,,
先手,13,,
先手,13,,
先手,11,,
先手,13,,
先手,13,,
先手,11,,
先手,9,,
先手,15,,
先手,15,,
先手,13,,
先手,11,,
先手,13,,
先手,11,,
先手,13,,
先手,13,,
先手,9,,
先手,11,,
先手,17,,
先手,13,,
先手,11,,
先手,13,,
先手,13,,
先手,13,,
先手,15,,
先手,13,,
先手,13,,
先手,13,,
先手,13,,
先手,13,,
先手,13,,
先手,13,,
先手,13,,
先手,15,,
先手,15,,
先手,13,,
先手,11,,
先手,13,,
先手,15,,
先手,13,,
先手,13,,
先手,13,,
先手,13,,
先手,13,,
先手,11,,
先手,15,,
先手,15,,
先手,13,,
先手,17,,
先手,11,,
先手,15,,
先手,13,,
先手,13,,
先手,13,,
先手,13,,
先手,13,,
先手,11,,
先手,13,,
先手,11,,
先手,11,,
先手,11,,
先手,15,,
先手,13,,
先手,13,,
先手,13,,
先手,13,,
先手,13,,
先手,11,,
先手,17,,
先手,13,,
先手,13,,
先手,13,,
先手,13,,
先手,11,,
先手,17,,
先手,15,,
先手,15,,
先手,15,,
先手,13,,
先手,11,,
先手,15,,
先手,11,,
先手,11,,
先手,15,,
先手,13,,
先手,13,,
先手,15,,
先手,11,,
先手,17,,
先手,15,,
先手,13,,
先手,11,,
先手,13,,
先手,13,,
先手,11,,
先手,15,,
先手,13,,
先手,13,,
先手,13,,
先手,11,,
先手,13,,
先手,13,,
先手,15,,
先手,13,,
先手,13,,
先手,13,,
先手,13,,
先手,13,,
先手,13,,
先手,13,,
先手,15,,
先手,11,,
先手,15,,
先手,11,,
先手,11,,
先手,13,,
先手,15,,
先手,15,,
先手,11,,
先手,11,,
先手,13,,
先手,13,,
先手,11,,
先手,15,,
先手,15,,
先手,15,,
先手,15,,
先手,9,,
先手,17,,
先手,15,,
先手,13,,
先手,15,,
先手,11,,
後手,12,,
後手,12,,
後手,16,,
後手,14,,
後手,14,,
後手,12,,
後手,12,,
後手,10,,
後手,14,,
後手,12,,
後手,12,,
後手,10,,
後手,14,,
後手,12,,
後手,14,,
後手,14,,
後手,12,,
後手,12,,
後手,14,,
後手,16,,
後手,12,,
後手,16,,
後手,10,,
後手,12,,
後手,12,,
後手,12,,
後手,14,,
後手,14,,
後手,14,,
後手,14,,
後手,14,,
後手,16,,
後手,14,,
後手,14,,
後手,16,,
後手,16,,
後手,10,,
後手,16,,
後手,14,,
後手,12,,
後手,12,,
後手,14,,
後手,14,,
後手,14,,
後手,12,,
後手,14,,
後手,14,,
後手,14,,
後手,12,,
後手,12,,
後手,12,,
後手,14,,
後手,10,,
後手,10,,
後手,12,,
後手,12,,
後手,10,,
後手,12,,
後手,14,,
後手,14,,
後手,18,,
後手,10,,
後手,12,,
後手,14,,
後手,14,,
後手,12,,
後手,14,,
後手,14,,
後手,12,,
後手,12,,
後手,14,,
後手,12,,
後手,10,,
後手,12,,
後手,14,,
後手,12,,
後手,14,,
後手,12,,
後手,14,,
後手,10,,
後手,12,,
後手,12,,
後手,14,,
後手,14,,
後手,14,,
後手,12,,
後手,14,,
後手,16,,
後手,14,,
後手,12,,
後手,12,,
後手,14,,
後手,12,,
後手,14,,
後手,16,,
後手,14,,
後手,14,,
後手,16,,
後手,12,,
後手,12,,
後手,14,,
後手,18,,
後手,10,,
後手,14,,
後手,16,,
後手,16,,
後手,12,,
後手,12,,
後手,14,,
後手,14,,
後手,16,,
後手,14,,
後手,12,,
後手,12,,
後手,14,,
後手,14,,
後手,12,,
後手,14,,
後手,16,,
後手,10,,
後手,14,,
後手,14,,
後手,14,,
後手,14,,
後手,14,,
後手,14,,
後手,14,,
後手,12,,
後手,14,,
後手,12,,
後手,14,,
後手,10,,
後手,14,,
後手,14,,
後手,14,,
後手,14,,
後手,14,,
後手,16,,
後手,12,,
後手,14,,
後手,12,,
後手,14,,
後手,12,,
後手,16,,
後手,14,,
後手,14,,
後手,14,,
後手,12,,
後手,14,,
後手,14,,
後手,10,,
後手,12,,
後手,12,,
後手,12,,
後手,14,,
後手,12,,
後手,14,,
後手,10,,
後手,18,,
後手,12,,
後手,14,,
後手,14,,
後手,8,,
後手,14,,
後手,12,,
後手,14,,
後手,14,,
後手,12,,
後手,16,,
後手,16,,
後手,14,,
後手,14,,
後手,12,,
後手,10,,
後手,14,,
後手,14,,
後手,12,,
後手,12,,
後手,14,,
後手,12,,
後手,12,,
後手,10,,
後手,14,,
後手,10,,
後手,14,,
後手,14,,
後手,14,,
後手,14,,
後手,14,,
後手,10,,
後手,16,,
後手,12,,
後手,16,,
後手,16,,
後手,14,,
後手,10,,
後手,14,,
後手,14,,
後手,14,,
後手,12,,
後手,16,,
後手,14,,
後手,12,,
後手,14,,
後手,14,,
後手,12,,
後手,12,,
後手,14,,
後手,10,,
後手,12,,
後手,12,,
後手,12,,
後手,14,,
後手,10,,
後手,12,,
後手,14,,
後手,14,,
後手,12,,
後手,14,,
後手,14,,
後手,10,,
後手,14,,
後手,12,,
後手,12,,
後手,14,,
後手,14,,
後手,14,,
後手,10,,
後手,14,,
後手,16,,
後手,12,,
後手,14,,
後手,16,,
後手,14,,
後手,12,,
後手,12,,
後手,14,,
後手,14,,
後手,14,,
後手,14,,
後手,14,,
後手,12,,
後手,14,,
後手,12,,
後手,12,,
後手,12,,
後手,10,,
後手,16,,
後手,16,,
後手,12,,
後手,16,,
後手,14,,
後手,12,,
後手,12,,
後手,14,,
後手,12,,
後手,14,,
後手,12,,
後手,16,,
後手,12,,
後手,16,,
後手,12,,
後手,14,,
後手,12,,
後手,12,,
後手,12,,
後手,12,,
後手,14,,
後手,14,,
後手,12,,
後手,12,,
後手,16,,
後手,16,,
後手,10,,
後手,12,,
後手,12,,
後手,10,,
後手,16,,
後手,12,,
後手,14,,
後手,16,,
後手,16,,
後手,8,,
後手,12,,
後手,18,,
後手,14,,
後手,14,,
後手,14,,
後手,16,,
後手,14,,
後手,14,,
後手,14,,
後手,10,,
後手,12,,
後手,12,,
後手,14,,
後手,12,,
後手,14,,
後手,14,,
後手,12,,
後手,14,,
後手,10,,
後手,12,,
後手,14,,
後手,14,,
後手,16,,
後手,14,,
後手,14,,
後手,14,,
後手,16,,
後手,10,,
後手,18,,
後手,12,,
後手,14,,
後手,14,,
後手,14,,
後手,10,,
後手,14,,
後手,14,,
後手,14,,
後手,12,,
後手,12,,
後手,12,,
後手,16,,
後手,12,,
後手,14,,
後手,10,,
後手,12,,
後手,12,,
後手,8,,
後手,14,,
後手,12,,
後手,12,,
後手,10,,
後手,12,,
後手,12,,
後手,12,,
後手,14,,
後手,16,,
後手,12,,
後手,12,,
後手,14,,
後手,12,,
後手,14,,
後手,12,,
後手,14,,
後手,12,,
後手,12,,
後手,12,,
後手,14,,
後手,14,,
後手,10,,
後手,16,,
後手,12,,
後手,14,,
後手,14,,
後手,12,,
後手,14,,
後手,12,,
後手,14,,
後手,12,,
後手,12,,
後手,14,,
後手,12,,
後手,12,,
後手,14,,
後手,16,,
後手,12,,
後手,12,,
後手,16,,
後手,18,,
後手,12,,
後手,12,,
後手,14,,
後手,14,,
後手,14,,
後手,12,,
後手,16,,
後手,18,,
後手,16,,
後手,14,,
後手,16,,
後手,14,,
後手,12,,
後手,14,,
後手,12,,
後手,12,,
後手,14,,
後手,10,,
後手,14,,
後手,14,,
後手,12,,
後手,14,,
後手,12,,
後手,16,,
後手,14,,
後手,12,,
後手,14,,
後手,12,,
後手,16,,
後手,12,,
後手,12,,
後手,14,,
後手,14,,
後手,10,,
後手,12,,
後手,12,,
後手,12,,
後手,12,,
後手,12,,
後手,12,,
後手,16,,
後手,14,,
後手,16,,
後手,14,,
後手,8,,
後手,12,,
後手,10,,
後手,14,,
後手,12,,
後手,14,,
後手,12,,
後手,16,,
後手,16,,
後手,14,,
後手,12,,
後手,14,,
後手,14,,
後手,16,,
後手,12,,
後手,16,,
後手,12,,
後手,14,,
後手,16,,
後手,12,,
後手,12,,
後手,10,,
後手,12,,
後手,14,,
後手,14,,
後手,12,,
後手,12,,
後手,12,,
後手,12,,
後手,12,,
後手,14,,
後手,14,,
後手,12,,
後手,14,,
後手,16,,
後手,16,,
後手,14,,
後手,12,,
後手,12,,
後手,16,,
後手,14,,
後手,14,,
後手,14,,
後手,14,,
後手,14,,
後手,16,,
後手,16,,
後手,14,,
後手,14,,
後手,12,,
後手,16,,
後手,14,,
後手,10,,
後手,14,,
後手,12,,
後手,16,,
後手,12,,
後手,12,,
後手,14,,
後手,14,,
後手,16,,
後手,12,,
後手,12,,
後手,14,,
後手,14,,
後手,16,,
後手,14,,
後手,14,,
後手,14,,
後手,14,,
後手,12,,
後手,10,,
後手,12,,
後手,14,,
後手,14,,
後手,12,,
後手,14,,
後手,12,,
後手,16,,
後手,14,,
後手,10,,
後手,12,,
後手,14,,
後手,12,,
後手,12,,
後手,14,,
後手,12,,
後手,14,,
後手,12,,
後手,14,,
後手,14,,
後手,12,,
後手,12,,
後手,10,,
後手,16,,
後手,12,,
後手,10,,
後手,14,,
後手,12,,
後手,14,,
後手,14,,
後手,12,,
後手,12,,
後手,14,,
後手,12,,
後手,14,,
後手,12,,
後手,16,,
後手,12,,
後手,16,,
後手,12,,
後手,12,,
後手,14,,
後手,12,,
後手,16,,
後手,14,,
後手,16,,
後手,14,,
後手,14,,
後手,14,,
後手,14,,
後手,12,,
後手,14,,
後手,12,,
後手,12,,
後手,10,,
後手,12,,
後手,14,,
後手,12,,
後手,10,,
後手,12,,
後手,14,,
後手,12,,
後手,12,,
後手,12,,
後手,16,,
後手,14,,
後手,12,,
後手,12,,
後手,10,,
後手,10,,
後手,16,,
後手,14,,
後手,10,,
後手,12,,
後手,14,,
後手,14,,
後手,14,,
後手,16,,
後手,14,,
後手,14,,
後手,16,,
後手,14,,
後手,12,,
後手,14,,
後手,14,,
後手,14,,
後手,12,,
後手,12,,
後手,14,,
後手,12,,
後手,12,,
後手,14,,
後手,12,,
後手,12,,
後手,14,,
後手,12,,
後手,12,,
後手,12,,
後手,10,,
後手,12,,
後手,16,,
後手,10,,
後手,14,,
後手,12,,
後手,10,,
後手,10,,
後手,10,,
後手,14,,
後手,14,,
後手,10,,
後手,12,,
後手,12,,
後手,14,,
後手,14,,
後手,12,,
後手,14,,
後手,14,,
後手,14,,
後手,14,,
後手,12,,
後手,14,,
後手,14,,
後手,12,,
後手,14,,
後手,14,,
後手,12,,
後手,12,,
後手,14,,
後手,14,,
後手,14,,
後手,12,,
後手,16,,
後手,14,,
後手,14,,
後手,14,,
後手,14,,
後手,10,,
後手,10,,
後手,12,,
後手,12,,
後手,12,,
後手,10,,
後手,14,,
後手,14,,
後手,14,,
後手,14,,
後手,14,,
後手,12,,
後手,14,,
後手,16,,
後手,10,,
後手,12,,
後手,10,,
後手,12,,
後手,12,,
後手,14,,
後手,14,,
後手,12,,
後手,12,,
後手,12,,
後手,14,,
後手,12,,
後手,12,,
後手,12,,
後手,18,,
後手,16,,
後手,12,,
後手,12,,
後手,14,,
後手,14,,
後手,12,,
後手,12,,
後手,12,,
後手,14,,
後手,12,,
後手,14,,
後手,10,,
後手,16,,
後手,14,,
後手,10,,
後手,12,,
後手,14,,
後手,14,,
後手,16,,
後手,14,,
後手,14,,
後手,12,,
後手,12,,
後手,16,,
後手,12,,
後手,10,,
後手,12,,
後手,12,,
後手,14,,
後手,12,,
後手,12,,
後手,12,,
後手,14,,
後手,12,,
後手,14,,
後手,12,,
後手,14,,
後手,12,,
後手,14,,
後手,12,,
後手,12,,
後手,12,,
後手,10,,
後手,12,,
後手,14,,
後手,14,,
後手,12,,
後手,14,,
後手,12,,
後手,16,,
後手,14,,
後手,12,,
後手,10,,
後手,14,,
後手,12,,
後手,12,,
後手,12,,
後手,16,,
後手,12,,
後手,14,,
後手,14,,
後手,14,,
後手,14,,
後手,14,,
後手,12,,
後手,12,,
後手,14,,
後手,12,,
後手,16,,
後手,10,,
後手,14,,
後手,14,,
後手,12,,
後手,12,,
後手,12,,
後手,16,,
後手,12,,
後手,10,,
後手,12,,
後手,14,,
後手,18,,
後手,10,,
後手,12,,
後手,12,,
後手,14,,
後手,14,,
後手,14,,
後手,14,,
後手,14,,
後手,10,,
後手,12,,
後手,12,,
後手,12,,
後手,10,,
後手,14,,
後手,12,,
後手,12,,
後手,10,,
後手,14,,
後手,14,,
後手,16,,
後手,12,,
後手,14,,
後手,12,,
後手,12,,
後手,14,,
後手,14,,
後手,12,,
後手,10,,
後手,16,,
後手,12,,
後手,14,,
後手,10,,
後手,12,,
後手,12,,
後手,14,,
後手,14,,
後手,14,,
後手,16,,
後手,10,,
後手,10,,
後手,12,,
後手,10,,
後手,14,,
後手,14,,
後手,12,,
後手,12,,
後手,8,,
後手,14,,
後手,14,,
後手,12,,
後手,14,,
後手,12,,
後手,14,,
後手,14,,
後手,12,,
後手,16,,
後手,14,,
後手,12,,
後手,12,,
後手,16,,
後手,14,,
後手,14,,
後手,14,,
後手,10,,
後手,16,,
後手,12,,
後手,12,,
後手,12,,
後手,12,,
後手,12,,
後手,14,,
後手,14,,
後手,12,,
後手,16,,
後手,14,,
後手,14,,
後手,14,,
後手,10,,
後手,14,,
後手,12,,
後手,10,,
後手,14,,
後手,16,,
後手,12,,
後手,14,,
後手,10,,
後手,12,,
後手,16,,
後手,12,,
後手,14,,
後手,10,,
後手,14,,
後手,16,,
後手,14,,
後手,10,,
後手,14,,
後手,12,,
後手,10,,
後手,12,,
後手,12,,
後手,14,,
後手,14,,
後手,12,,
後手,14,,
後手,12,,
後手,14,,
後手,12,,
後手,14,,
後手,12,,
後手,10,,
後手,14,,
後手,10,,
後手,12,,
後手,14,,
後手,14,,
後手,14,,
後手,14,,
後手,14,,
後手,16,,
後手,16,,
後手,14,,
後手,14,,
後手,14,,
後手,14,,
後手,14,,
後手,12,,
後手,14,,
後手,12,,
後手,12,,
後手,12,,
後手,14,,
後手,12,,
後手,12,,
後手,14,,
後手,12,,
後手,12,,
後手,14,,
後手,14,,
後手,16,,
後手,12,,
後手,14,,
後手,12,,
後手,10,,
後手,10,,
後手,10,,
後手,14,,
後手,12,,
後手,12,,
後手,12,,
後手,12,,
後手,14,,
後手,14,,
後手,14,,
後手,12,,
後手,12,,
後手,14,,
後手,14,,
後手,14,,
後手,10,,
後手,12,,
後手,12,,
後手,14,,
後手,10,,
後手,14,,
後手,14,,
後手,14,,
後手,12,,
後手,12,,
後手,12,,
後手,12,,
後手,16,,
後手,12,,
後手,14,,
後手,14,,
後手,10,,
後手,14,,
後手,10,,
後手,12,,
後手,14,,
後手,14,,
後手,12,,
後手,12,,
後手,10,,
後手,16,,
後手,12,,
後手,16,,
後手,12,,
後手,10,,
後手,14,,
後手,14,,
後手,12,,
後手,12,,
後手,16,,
後手,14,,
後手,14,,
後手,16,,
後手,10,,
後手,12,,
後手,14,,
後手,12,,
後手,14,,
後手,10,,
後手,12,,
後手,12,,
後手,14,,
後手,14,,
後手,12,,
後手,12,,
後手,12,,
後手,10,,
後手,14,,
後手,12,,
後手,12,,
後手,12,,
後手,14,,
後手,16,,
後手,12,,
後手,14,,
後手,12,,
後手,12,,
後手,10,,
後手,14,,
後手,12,,
後手,14,,
後手,14,,
後手,14,,
後手,14,,
後手,14,,
後手,14,,
後手,14,,
後手,12,,
後手,14,,
後手,12,,
後手,14,,
後手,14,,
後手,12,,
後手,14,,
後手,16,,
後手,14,,
後手,12,,
後手,12,,
後手,12,,
後手,16,,
後手,14,,
後手,14,,
後手,14,,
後手,12,,
後手,12,,
後手,14,,
後手,12,,
後手,16,,
後手,12,,
後手,12,,
後手,16,,
後手,12,,
後手,10,,
後手,12,,
後手,14,,
後手,10,,
後手,12,,
後手,12,,
後手,14,,
後手,12,,
後手,14,,
後手,12,,
後手,12,,
後手,14,,
後手,14,,
後手,12,,
後手,12,,
後手,14,,
後手,12,,
後手,12,,
後手,12,,
後手,12,,
後手,12,,
後手,14,,
後手,14,,
後手,14,,
後手,12,,
後手,10,,
後手,12,,
後手,12,,
後手,14,,
後手,16,,
後手,14,,
後手,14,,
後手,16,,
後手,12,,
後手,12,,
後手,14,,
後手,14,,
後手,14,,
後手,14,,
後手,14,,
後手,16,,
後手,14,,
後手,10,,
後手,14,,
後手,14,,
後手,14,,
後手,14,,
後手,14,,
後手,14,,
後手,12,,
後手,16,,
後手,14,,
後手,10,,
後手,14,,
後手,12,,
後手,12,,
後手,14,,
後手,14,,
後手,12,,
後手,14,,
後手,14,,
後手,12,,
後手,12,,
後手,12,,
後手,12,,
後手,10,,
後手,12,,
後手,14,,
後手,12,,
後手,18,,
後手,14,,
後手,12,,
後手,16,,
後手,16,,
後手,12,,
後手,10,,
後手,14,,
後手,12,,
後手,14,,
後手,14,,
後手,16,,
後手,14,,
後手,14,,
後手,14,,
後手,12,,
後手,12,,
後手,18,,
後手,14,,
後手,14,,
後手,12,,
後手,14,,
後手,16,,
後手,12,,
後手,12,,
後手,12,,
後手,12,,
後手,12,,
後手,12,,
後手,14,,
後手,12,,
後手,12,,
後手,12,,
後手,16,,
後手,12,,
後手,12,,
後手,14,,
後手,16,,
後手,14,,
後手,10,,
後手,14,,
後手,16,,
後手,10,,
後手,12,,
後手,14,,
後手,14,,
後手,14,,
後手,14,,
後手,16,,
後手,14,,
後手,18,,
後手,14,,
後手,14,,
後手,14,,
後手,14,,
後手,10,,
後手,12,,
後手,12,,
後手,14,,
後手,14,,
後手,10,,
後手,14,,
後手,12,,
後手,16,,
後手,12,,
後手,16,,
後手,10,,
後手,10,,
後手,12,,
後手,12,,
後手,12,,
後手,12,,
後手,12,,
後手,12,,
後手,14,,
後手,10,,
後手,14,,
後手,14,,
後手,14,,
後手,10,,
後手,12,,
後手,14,,
後手,12,,
後手,16,,
後手,14,,
後手,12,,
後手,16,,
後手,14,,
後手,12,,
後手,14,,
後手,12,,
後手,14,,
後手,14,,
後手,14,,
後手,14,,
後手,12,,
後手,14,,
後手,12,,
後手,12,,
後手,14,,
後手,10,,
後手,12,,
後手,14,,
後手,16,,
後手,14,,
後手,16,,
後手,14,,
後手,10,,
後手,12,,
後手,14,,
後手,14,,
後手,14,,
後手,10,,
後手,12,,
後手,12,,
後手,14,,
後手,16,,
後手,14,,
後手,12,,
後手,14,,
後手,12,,
後手,14,,
後手,12,,
後手,14,,
後手,10,,
後手,12,,
後手,12,,
後手,12,,
後手,16,,
後手,16,,
後手,14,,
後手,14,,
後手,16,,
後手,14,,
後手,16,,
後手,12,,
後手,14,,
後手,12,,
後手,12,,
後手,12,,
後手,12,,
後手,14,,
後手,14,,
後手,10,,
後手,12,,
後手,12,,
後手,10,,
後手,14,,
後手,14,,
後手,10,,
後手,14,,
後手,12,,
後手,10,,
後手,12,,
後手,12,,
後手,14,,
後手,10,,
後手,14,,
後手,10,,
後手,14,,
後手,14,,
後手,14,,
後手,14,,
後手,10,,
後手,12,,
後手,14,,
後手,14,,
後手,12,,
後手,10,,
後手,10,,
後手,12,,
後手,14,,
後手,10,,
後手,14,,
後手,14,,
後手,14,,
後手,12,,
後手,14,,
後手,14,,
後手,14,,
後手,14,,
後手,16,,
後手,12,,
後手,12,,
後手,16,,
後手,14,,
後手,12,,
後手,12,,
後手,14,,
後手,16,,
後手,16,,
後手,14,,
後手,8,,
後手,10,,
後手,12,,
後手,16,,
後手,14,,
後手,12,,
後手,10,,
後手,12,,
後手,14,,
後手,14,,
後手,12,,
後手,12,,
後手,14,,
後手,16,,
後手,14,,
後手,12,,
後手,12,,
後手,14,,
後手,12,,
後手,14,,
後手,14,,
後手,14,,
後手,16,,
後手,12,,
後手,12,,
後手,14,,
後手,14,,
後手,12,,
後手,14,,
後手,14,,
後手,10,,
後手,14,,
後手,14,,
後手,16,,
後手,12,,
後手,10,,
後手,14,,
後手,14,,
後手,12,,
後手,14,,
後手,14,,
後手,14,,
後手,12,,
後手,12,,
後手,10,,
後手,16,,
後手,12,,
後手,14,,
後手,14,,
後手,12,,
後手,12,,
後手,14,,
後手,16,,
後手,12,,
後手,14,,
後手,10,,
後手,12,,
後手,12,,
後手,14,,
後手,14,,
後手,14,,
後手,14,,
後手,12,,
後手,14,,
後手,12,,
後手,10,,
後手,12,,
後手,14,,
後手,14,,
後手,14,,
後手,14,,
後手,12,,
後手,14,,
後手,14,,
後手,16,,
後手,14,,
後手,10,,
後手,12,,
後手,10,,
後手,12,,
後手,12,,
後手,12,,
後手,14,,
後手,10,,
後手,14,,
後手,14,,
後手,10,,
後手,16,,
後手,16,,
後手,10,,
後手,12,,
後手,12,,
後手,10,,
後手,14,,
後手,12,,
後手,10,,
後手,12,,
後手,14,,
後手,12,,
後手,12,,
後手,10,,
後手,14,,
後手,12,,
後手,12,,
後手,16,,
後手,12,,
後手,12,,
後手,14,,
後手,16,,
後手,14,,
後手,12,,
後手,12,,
後手,12,,
後手,10,,
後手,14,,
後手,16,,
後手,16,,
後手,12,,
後手,14,,
後手,10,,
後手,12,,
後手,12,,
後手,14,,
後手,14,,
後手,12,,
後手,12,,
後手,14,,
後手,14,,
後手,12,,
後手,16,,
後手,14,,
後手,14,,
後手,14,,
後手,14,,
後手,14,,
後手,14,,
後手,16,,
後手,14,,
後手,12,,
後手,14,,
後手,12,,
後手,14,,
後手,14,,
後手,16,,
後手,14,,
後手,12,,
後手,14,,
後手,14,,
後手,16,,
後手,14,,
後手,12,,
後手,14,,
後手,16,,
後手,14,,
後手,12,,
後手,12,,
後手,16,,
後手,14,,
後手,14,,
後手,14,,
後手,12,,
後手,14,,
後手,14,,
後手,16,,
後手,12,,
後手,10,,
後手,12,,
後手,14,,
後手,16,,
後手,14,,
後手,10,,
後手,14,,
後手,18,,
後手,16,,
後手,10,,
後手,14,,
後手,14,,
後手,14,,
後手,16,,
後手,10,,
後手,10,,
後手,12,,
後手,12,,
後手,12,,
後手,18,,
後手,12,,
後手,14,,
後手,10,,
後手,12,,
後手,16,,
後手,16,,
後手,14,,
後手,12,,
後手,14,,
後手,16,,
後手,12,,
後手,14,,
後手,14,,
後手,14,,
後手,12,,
後手,14,,
後手,12,,
後手,16,,
後手,12,,
後手,14,,
後手,16,,
後手,14,,
後手,12,,
後手,14,,
後手,14,,
後手,12,,
後手,10,,
後手,12,,
後手,14,,
後手,18,,
後手,10,,
後手,14,,
後手,16,,
後手,12,,
後手,12,,
後手,14,,
後手,14,,
後手,12,,
後手,12,,
後手,14,,
後手,12,,
後手,14,,
後手,12,,
後手,14,,
後手,12,,
後手,10,,
後手,14,,
後手,12,,
後手,16,,
後手,14,,
後手,12,,
後手,12,,
後手,14,,
後手,16,,
後手,12,,
後手,14,,
後手,12,,
後手,16,,
後手,14,,
後手,12,,
後手,14,,
後手,14,,
後手,12,,
後手,12,,
後手,14,,
後手,12,,
後手,14,,
後手,12,,
後手,14,,
後手,14,,
後手,12,,
後手,14,,
後手,16,,
後手,12,,
後手,8,,
後手,14,,
後手,10,,
後手,12,,
後手,14,,
後手,12,,
後手,14,,
後手,10,,
後手,16,,
後手,14,,
後手,12,,
後手,16,,
後手,14,,
後手,14,,
後手,14,,
後手,10,,
後手,12,,
後手,10,,
後手,10,,
後手,12,,
後手,14,,
後手,12,,
後手,12,,
後手,8,,
後手,14,,
後手,12,,
後手,12,,
後手,12,,
後手,10,,
後手,12,,
後手,14,,
後手,12,,
後手,12,,
後手,12,,
後手,14,,
後手,12,,
後手,14,,
後手,16,,
後手,12,,
後手,12,,
後手,12,,
後手,12,,
後手,16,,
後手,14,,
後手,14,,
後手,10,,
後手,16,,
後手,14,,
後手,14,,
後手,12,,
後手,12,,
後手,16,,
後手,12,,
後手,12,,
後手,14,,
後手,14,,
後手,14,,
後手,14,,
後手,12,,
後手,12,,
後手,12,,
後手,10,,
後手,12,,
後手,12,,
後手,12,,
後手,12,,
後手,12,,
後手,14,,
後手,10,,
後手,16,,
後手,12,,
後手,12,,
後手,10,,
後手,12,,
後手,14,,
後手,14,,
後手,14,,
後手,14,,
後手,14,,
後手,12,,
後手,14,,
後手,12,,
後手,14,,
後手,12,,
後手,14,,
後手,12,,
後手,8,,
後手,10,,
後手,14,,
後手,12,,
後手,16,,
後手,12,,
後手,10,,
後手,10,,
後手,14,,
後手,10,,
後手,12,,
後手,12,,
後手,12,,
後手,16,,
後手,10,,
後手,10,,
後手,14,,
後手,14,,
後手,12,,
後手,14,,
後手,12,,
後手,12,,
後手,12,,
後手,14,,
後手,14,,
後手,14,,
後手,12,,
後手,14,,
後手,14,,
後手,16,,
後手,16,,
後手,12,,
後手,12,,
後手,14,,
後手,14,,
後手,16,,
後手,14,,
後手,10,,
後手,12,,
後手,12,,
後手,12,,
後手,14,,
後手,14,,
後手,14,,
後手,12,,
後手,14,,
後手,14,,
後手,14,,
後手,12,,
後手,14,,
後手,12,,
後手,14,,
後手,14,,
後手,14,,
後手,14,,
後手,14,,
後手,12,,
後手,14,,
後手,14,,
後手,10,,
後手,12,,
後手,14,,
後手,12,,
後手,12,,
後手,12,,
後手,10,,
後手,14,,
後手,14,,
後手,12,,
後手,12,,
後手,12,,
後手,14,,
後手,12,,
後手,14,,
後手,10,,
後手,14,,
後手,14,,
後手,12,,
後手,14,,
後手,16,,
後手,12,,
後手,10,,
後手,14,,
後手,12,,
後手,12,,
後手,14,,
後手,18,,
後手,14,,
後手,14,,
後手,10,,
後手,12,,
後手,12,,
後手,12,,
後手,14,,
後手,18,,
後手,14,,
後手,12,,
後手,12,,
後手,12,,
後手,12,,
後手,16,,
後手,12,,
後手,12,,
後手,12,,
後手,14,,
後手,16,,
後手,12,,
後手,10,,
後手,16,,
後手,14,,
後手,14,,
後手,14,,
後手,14,,
後手,14,,
後手,12,,
後手,16,,
後手,12,,
後手,12,,
後手,12,,
後手,14,,
後手,16,,
後手,12,,
後手,12,,
後手,14,,
後手,10,,
後手,12,,
後手,14,,
後手,16,,
後手,10,,
後手,12,,
後手,14,,
後手,12,,
後手,16,,
後手,10,,
後手,14,,
後手,12,,
後手,12,,
後手,12,,
後手,10,,
後手,12,,
後手,16,,
後手,14,,
後手,12,,
後手,12,,
後手,14,,
後手,10,,
後手,14,,
後手,12,,
後手,16,,
後手,12,,
後手,14,,
後手,14,,
後手,12,,
後手,12,,
後手,12,,
後手,14,,
後手,18,,
後手,10,,
後手,12,,
後手,12,,
後手,12,,
後手,12,,
後手,10,,
後手,10,,
後手,12,,
後手,12,,
後手,12,,
後手,14,,
後手,12,,
後手,14,,
後手,12,,
後手,16,,
後手,12,,
後手,14,,
後手,14,,
後手,16,,
後手,16,,
後手,18,,
後手,14,,
後手,12,,
後手,12,,
後手,12,,
後手,12,,
後手,14,,
後手,12,,
後手,14,,
後手,12,,
後手,14,,
後手,14,,
後手,10,,
後手,12,,
後手,14,,
後手,12,,
後手,14,,
後手,12,,
後手,14,,
後手,14,,
後手,12,,
後手,14,,
後手,14,,
後手,12,,
後手,12,,
後手,12,,
後手,12,,
後手,14,,
後手,12,,
後手,10,,
後手,12,,
後手,16,,
後手,12,,
後手,12,,
後手,12,,
後手,12,,
後手,12,,
後手,14,,
後手,12,,
後手,10,,
後手,14,,
後手,12,,
後手,12,,
後手,14,,
後手,12,,
後手,12,,
後手,12,,
後手,14,,
後手,16,,
後手,12,,
後手,10,,
後手,16,,
後手,14,,
後手,12,,
後手,14,,
後手,12,,
後手,14,,
後手,14,,
後手,14,,
後手,14,,
後手,12,,
後手,12,,
後手,14,,
後手,14,,
後手,14,,
後手,14,,
後手,12,,
後手,12,,
後手,12,,
後手,14,,
後手,10,,
後手,14,,
後手,12,,
後手,12,,
後手,12,,
後手,14,,
後手,12,,
後手,12,,
後手,10,,
後手,14,,
後手,14,,
後手,12,,
後手,12,,
後手,10,,
後手,12,,
後手,12,,
後手,14,,
後手,10,,
後手,12,,
後手,12,,
後手,14,,
後手,14,,
後手,12,,
後手,10,,
後手,12,,
後手,12,,
後手,12,,
後手,14,,
後手,14,,
後手,12,,
後手,14,,
後手,12,,
後手,14,,
後手,14,,
後手,14,,
後手,14,,
後手,14,,
後手,14,,
後手,12,,
後手,12,,
後手,14,,
後手,14,,
後手,16,,
後手,12,,
後手,12,,
後手,16,,
後手,14,,
後手,12,,
後手,14,,
後手,14,,
後手,12,,
後手,10,,
後手,14,,
後手,12,,
後手,14,,
後手,14,,
後手,12,,
後手,14,,
後手,14,,
後手,14,,
後手,12,,
後手,10,,
後手,14,,
後手,10,,
後手,8,,
後手,12,,
後手,14,,
後手,14,,
後手,12,,
後手,14,,
後手,14,,
後手,14,,
後手,12,,
後手,14,,
後手,10,,
後手,14,,
後手,14,,
後手,16,,
後手,14,,
後手,10,,
後手,10,,
後手,14,,
後手,12,,
後手,14,,
後手,12,,
後手,12,,
後手,10,,
後手,14,,
後手,12,,
後手,14,,
後手,14,,
後手,12,,
後手,14,,
後手,12,,
後手,14,,
後手,14,,
後手,10,,
後手,12,,
後手,14,,
後手,14,,
後手,12,,
後手,10,,
後手,14,,
後手,14,,
後手,14,,
後手,14,,
後手,12,,
後手,12,,
後手,14,,
後手,12,,
後手,12,,
後手,16,,
後手,12,,
後手,14,,
後手,16,,
後手,14,,
後手,12,,
後手,16,,
後手,12,,
後手,12,,
後手,16,,
後手,12,,
後手,12,,
後手,14,,
後手,12,,
後手,14,,
後手,14,,
後手,14,,
後手,14,,
後手,10,,
後手,14,,
後手,16,,
後手,12,,
後手,12,,
後手,14,,
後手,14,,
後手,10,,
後手,16,,
後手,14,,
後手,12,,
後手,12,,
後手,14,,
後手,14,,
後手,10,,
後手,14,,
後手,12,,
後手,14,,
後手,14,,
後手,12,,
後手,14,,
後手,14,,
後手,10,,
後手,14,,
後手,12,,
後手,12,,
後手,12,,
後手,16,,
後手,14,,
後手,14,,
後手,14,,
後手,12,,
後手,14,,
後手,12,,
後手,12,,
後手,10,,
後手,14,,
後手,12,,
後手,14,,
後手,12,,
後手,14,,
後手,16,,
後手,12,,
後手,14,,
後手,10,,
後手,14,,
後手,12,,
後手,14,,
後手,14,,
後手,14,,
後手,14,,
後手,14,,
後手,16,,
後手,14,,
後手,14,,
後手,16,,
後手,12,,
後手,10,,
後手,12,,
後手,12,,
後手,10,,
後手,12,,
後手,14,,
後手,12,,
後手,14,,
後手,16,,
後手,14,,
後手,14,,
後手,12,,
後手,14,,
後手,10,,
後手,14,,
後手,14,,
後手,14,,
後手,14,,
後手,14,,
後手,10,,
後手,14,,
後手,14,,
後手,14,,
後手,12,,
後手,12,,
後手,14,,
後手,16,,
後手,12,,
後手,12,,
後手,16,,
後手,14,,
後手,12,,
後手,12,,
後手,12,,
後手,14,,
後手,12,,
後手,14,,
後手,14,,
後手,14,,
後手,10,,
後手,14,,
後手,12,,
後手,16,,
後手,14,,
後手,14,,
後手,18,,
後手,14,,
後手,12,,
後手,12,,
後手,14,,
後手,14,,
後手,12,,
後手,12,,
後手,14,,
後手,14,,
後手,16,,
後手,12,,
後手,14,,
後手,12,,
後手,14,,
後手,12,,
後手,12,,
後手,14,,
後手,12,,
後手,14,,
後手,14,,
後手,14,,
後手,14,,
後手,12,,
後手,12,,
後手,10,,
後手,10,,
後手,12,,
後手,12,,
後手,16,,
後手,12,,
後手,14,,
後手,14,,
後手,12,,
後手,18,,
後手,12,,
後手,10,,
後手,12,,
後手,12,,
後手,16,,
後手,14,,
後手,12,,
後手,14,,
後手,12,,
後手,12,,
後手,12,,
後手,12,,
後手,12,,
後手,14,,
後手,14,,
後手,12,,
後手,12,,
後手,12,,
後手,16,,
後手,12,,
後手,14,,
後手,14,,
後手,12,,
後手,14,,
後手,12,,
後手,14,,
後手,14,,
後手,12,,
後手,12,,
後手,14,,
後手,16,,
後手,12,,
後手,14,,
後手,14,,
後手,14,,
後手,16,,
後手,12,,
後手,16,,
後手,14,,
後手,12,,
後手,12,,
後手,12,,
後手,16,,
後手,12,,
後手,14,,
後手,12,,
後手,14,,
後手,12,,
後手,12,,
後手,14,,
後手,14,,
後手,14,,
後手,10,,
後手,12,,
後手,12,,
後手,14,,
後手,12,,
後手,14,,
後手,14,,
後手,14,,
後手,16,,
後手,10,,
後手,14,,
後手,12,,
後手,12,,
後手,10,,
後手,12,,
後手,14,,
後手,16,,
後手,14,,
後手,12,,
後手,12,,
後手,12,,
後手,14,,
後手,14,,
後手,14,,
後手,14,,
後手,14,,
後手,12,,
後手,14,,
後手,14,,
後手,12,,
後手,16,,
後手,14,,
後手,10,,
後手,10,,
後手,14,,
後手,14,,
後手,16,,
後手,14,,
後手,12,,
後手,14,,
後手,12,,
後手,12,,
後手,14,,
後手,12,,
後手,14,,
後手,12,,
後手,12,,
後手,10,,
後手,16,,
後手,14,,
後手,12,,
後手,16,,
後手,12,,
後手,12,,
後手,14,,
後手,12,,
後手,14,,
後手,14,,
後手,12,,
後手,14,,
後手,12,,
後手,10,,
後手,12,,
後手,12,,
後手,12,,
後手,12,,
後手,14,,
後手,14,,
後手,12,,
後手,10,,
後手,14,,
後手,12,,
後手,12,,
後手,14,,
後手,10,,
後手,14,,
後手,12,,
後手,12,,
後手,14,,
後手,14,,
後手,12,,
後手,10,,
後手,12,,
後手,14,,
後手,14,,
後手,14,,
後手,10,,
後手,14,,
後手,14,,
後手,12,,
後手,12,,
後手,14,,
後手,14,,
後手,12,,
後手,14,,
後手,14,,
後手,10,,
後手,14,,
後手,12,,
後手,14,,
後手,14,,
後手,14,,
後手,12,,
後手,14,,
後手,12,,
後手,14,,
後手,16,,
後手,16,,
後手,12,,
後手,10,,
後手,16,,
後手,14,,
後手,14,,
後手,12,,
後手,14,,
後手,14,,
後手,14,,
後手,10,,
後手,14,,
後手,12,,
後手,12,,
後手,16,,
後手,12,,
後手,12,,
後手,12,,
後手,14,,
後手,14,,
後手,14,,
後手,12,,
後手,14,,
後手,16,,
後手,16,,
後手,10,,
後手,16,,
後手,12,,
後手,14,,
後手,12,,
後手,12,,
後手,12,,
後手,16,,
後手,12,,
後手,18,,
後手,14,,
後手,12,,
後手,14,,
後手,10,,
後手,14,,
後手,12,,
後手,14,,
後手,14,,
後手,10,,
後手,12,,
後手,12,,
後手,12,,
後手,12,,
後手,10,,
後手,10,,
後手,16,,
後手,16,,
後手,14,,
後手,14,,
後手,14,,
後手,12,,
後手,12,,
後手,14,,
後手,14,,
後手,12,,
後手,14,,
後手,14,,
後手,12,,
後手,14,,
後手,12,,
後手,16,,
後手,14,,
後手,14,,
後手,14,,
後手,14,,
後手,14,,
後手,12,,
後手,12,,
後手,10,,
後手,14,,
後手,14,,
後手,16,,
後手,14,,
後手,14,,
後手,12,,
後手,14,,
後手,12,,
後手,14,,
後手,12,,
後手,14,,
後手,12,,
後手,14,,
後手,12,,
後手,14,,
後手,16,,
後手,16,,
後手,16,,
後手,12,,
後手,14,,
後手,12,,
後手,14,,
後手,10,,
後手,12,,
後手,10,,
後手,12,,
後手,14,,
後手,12,,
後手,14,,
後手,10,,
後手,14,,
後手,14,,
後手,14,,
後手,12,,
後手,12,,
後手,14,,
後手,16,,
後手,12,,
後手,10,,
後手,14,,
後手,14,,
後手,16,,
後手,14,,
後手,14,,
後手,12,,
後手,12,,
後手,14,,
後手,14,,
後手,16,,
後手,14,,
後手,12,,
後手,12,,
後手,12,,
後手,10,,
後手,14,,
後手,14,,
後手,18,,
後手,12,,
後手,12,,
後手,10,,
後手,10,,
後手,14,,
後手,14,,
後手,16,,
後手,16,,
後手,12,,
後手,16,,
後手,10,,
後手,12,,
後手,14,,
後手,12,,
後手,14,,
後手,14,,
後手,12,,
後手,12,,
後手,12,,
後手,12,,
後手,14,,
後手,14,,
後手,14,,
後手,10,,
後手,14,,
後手,12,,
後手,14,,
後手,12,,
後手,12,,
後手,16,,
後手,14,,
後手,12,,
後手,14,,
後手,18,,
後手,12,,
後手,12,,
後手,10,,
後手,14,,
後手,14,,
後手,12,,
後手,12,,
後手,16,,
後手,12,,
後手,14,,
後手,12,,
後手,10,,
後手,12,,
後手,12,,
後手,12,,
後手,14,,
後手,12,,
後手,14,,
後手,14,,
後手,12,,
後手,12,,
後手,12,,
後手,18,,
後手,14,,
後手,12,,
後手,14,,
後手,12,,
後手,12,,
後手,12,,
後手,10,,
後手,10,,
後手,16,,
後手,14,,
後手,14,,
後手,10,,
後手,12,,
後手,14,,
後手,12,,
後手,10,,
後手,14,,
後手,12,,
後手,12,,
後手,12,,
後手,10,,
後手,14,,
後手,12,,
後手,14,,
後手,12,,
後手,14,,
後手,16,,
後手,16,,
後手,10,,
後手,14,,
後手,10,,
後手,10,,
後手,14,,
後手,14,,
後手,16,,
後手,14,,
後手,12,,
後手,14,,
後手,12,,
後手,12,,
後手,10,,
後手,14,,
後手,12,,
後手,16,,
後手,10,,
後手,14,,
後手,12,,
後手,14,,
後手,12,,
後手,14,,
後手,14,,
後手,10,,
後手,14,,
後手,10,,
後手,12,,
後手,12,,
後手,12,,
後手,14,,
後手,10,,
後手,12,,
後手,12,,
後手,12,,
後手,10,,
後手,14,,
後手,16,,
後手,16,,
後手,16,,
後手,12,,
後手,12,,
後手,10,,
後手,16,,
後手,16,,
後手,12,,
後手,10,,
後手,14,,
後手,12,,
後手,10,,
後手,14,,
後手,12,,
後手,14,,
後手,10,,
後手,10,,
後手,14,,
後手,14,,
後手,14,,
後手,14,,
後手,12,,
後手,14,,
後手,14,,
後手,12,,
後手,16,,
後手,14,,
後手,14,,
後手,10,,
後手,12,,
後手,12,,
後手,14,,
後手,12,,
後手,16,,
後手,16,,
後手,16,,
後手,14,,
後手,14,,
後手,14,,
後手,14,,
後手,12,,
後手,14,,
後手,10,,
後手,12,,
後手,12,,
後手,14,,
後手,12,,
後手,14,,
後手,14,,
後手,12,,
後手,14,,
後手,10,,
後手,14,,
後手,14,,
後手,12,,
後手,10,,
後手,14,,
後手,12,,
後手,14,,
後手,12,,
後手,16,,
後手,12,,
後手,14,,
後手,14,,
後手,12,,
後手,12,,
後手,12,,
後手,16,,
後手,14,,
後手,14,,
後手,12,,
後手,14,,
後手,12,,
後手,16,,
後手,12,,
後手,10,,
後手,12,,
後手,10,,
後手,12,,
後手,10,,
後手,14,,
後手,12,,
後手,12,,
後手,12,,
後手,12,,
後手,18,,
後手,16,,
後手,12,,
後手,14,,
後手,12,,
後手,16,,
後手,16,,
後手,14,,
後手,12,,
後手,12,,
後手,12,,
後手,12,,
後手,12,,
後手,12,,
後手,16,,
後手,14,,
後手,14,,
後手,16,,
後手,12,,
後手,12,,
後手,10,,
後手,14,,
後手,14,,
後手,16,,
後手,14,,
後手,14,,
後手,14,,
後手,14,,
後手,14,,
後手,12,,
後手,12,,
後手,14,,
後手,16,,
後手,16,,
後手,12,,
後手,14,,
後手,14,,
後手,12,,
後手,12,,
後手,14,,
後手,14,,
後手,12,,
後手,14,,
後手,14,,
後手,16,,
後手,14,,
後手,12,,
後手,10,,
後手,14,,
後手,14,,
後手,14,,
後手,10,,
後手,12,,
後手,16,,
後手,12,,
後手,14,,
後手,14,,
後手,14,,
後手,12,,
後手,12,,
後手,12,,
後手,10,,
後手,16,,
後手,16,,
後手,12,,
後手,14,,
後手,18,,
後手,14,,
後手,14,,
後手,14,,
後手,14,,
後手,14,,
後手,14,,
後手,14,,
後手,10,,
後手,14,,
後手,12,,
後手,14,,
後手,14,,
後手,12,,
後手,14,,
後手,14,,
後手,14,,
後手,16,,
後手,12,,
後手,10,,
後手,12,,
後手,12,,
後手,12,,
後手,14,,
後手,16,,
後手,14,,
後手,12,,
後手,12,,
後手,14,,
後手,12,,
後手,16,,
後手,14,,
後手,12,,
後手,12,,
後手,12,,
後手,10,,
後手,14,,
後手,12,,
後手,14,,
後手,12,,
後手,10,,
後手,16,,
後手,12,,
後手,14,,
後手,12,,
後手,12,,
後手,14,,
後手,14,,
後手,10,,
後手,14,,
後手,16,,
後手,10,,
後手,14,,
後手,12,,
後手,12,,
後手,14,,
後手,12,,
後手,14,,
後手,16,,
後手,12,,
後手,12,,
後手,12,,
後手,10,,
後手,14,,
後手,14,,
後手,16,,
後手,12,,
後手,12,,
後手,14,,
後手,12,,
後手,10,,
後手,10,,
後手,14,,
後手,12,,
後手,16,,
後手,12,,
後手,18,,
後手,12,,
後手,14,,
後手,14,,
後手,12,,
後手,18,,
後手,16,,
後手,14,,
後手,12,,
後手,14,,
後手,12,,
後手,14,,
後手,12,,
後手,16,,
後手,12,,
後手,16,,
後手,12,,
後手,12,,
後手,14,,
後手,14,,
後手,14,,
後手,14,,
後手,12,,
後手,12,,
後手,10,,
後手,12,,
後手,12,,
後手,10,,
後手,12,,
後手,12,,
後手,12,,
後手,12,,
後手,16,,
後手,12,,
後手,12,,
後手,16,,
後手,12,,
後手,12,,
後手,10,,
後手,12,,
後手,12,,
後手,14,,
後手,12,,
後手,12,,
後手,14,,
後手,16,,
後手,16,,
後手,14,,
後手,12,,
後手,10,,
後手,12,,
後手,14,,
後手,12,,
後手,10,,
後手,14,,
後手,12,,
後手,12,,
後手,14,,
後手,12,,
後手,10,,
後手,14,,
後手,14,,
後手,14,,
後手,12,,
後手,14,,
後手,14,,
後手,14,,
後手,12,,
後手,12,,
後手,16,,
後手,10,,
後手,12,,
後手,14,,
後手,12,,
後手,14,,
後手,12,,
後手,14,,
後手,12,,
後手,16,,
後手,12,,
後手,12,,
後手,12,,
後手,12,,
後手,14,,
後手,14,,
後手,14,,
後手,10,,
後手,12,,
後手,12,,
後手,12,,
後手,14,,
後手,16,,
後手,14,,
後手,14,,
後手,12,,
後手,10,,
後手,14,,
後手,12,,
後手,12,,
後手,16,,
後手,10,,
後手,12,,
後手,14,,
後手,10,,
後手,14,,
後手,10,,
後手,14,,
後手,16,,
後手,14,,
後手,14,,
後手,16,,
後手,14,,
後手,12,,
後手,16,,
後手,14,,
後手,10,,
後手,14,,
後手,14,,
後手,14,,
後手,12,,
後手,10,,
後手,16,,
後手,14,,
後手,16,,
後手,14,,
後手,12,,
後手,12,,
後手,12,,
後手,14,,
後手,14,,
後手,14,,
後手,12,,
後手,14,,
後手,14,,
後手,12,,
後手,12,,
後手,10,,
後手,16,,
後手,10,,
後手,12,,
後手,14,,
後手,14,,
後手,12,,
後手,14,,
後手,14,,
後手,16,,
後手,12,,
後手,14,,
後手,12,,
後手,16,,
後手,14,,
後手,14,,
後手,16,,
後手,12,,
後手,14,,
後手,12,,
後手,14,,
後手,14,,
後手,14,,
後手,14,,
後手,12,,
後手,16,,
後手,14,,
後手,14,,
後手,12,,
後手,10,,
後手,14,,
後手,14,,
後手,14,,
後手,12,,
後手,16,,
後手,14,,
後手,16,,
後手,12,,
後手,12,,
後手,14,,
後手,12,,
後手,10,,
後手,10,,
後手,14,,
後手,16,,
後手,12,,
後手,12,,
後手,14,,
後手,16,,
後手,14,,
後手,12,,
後手,14,,
後手,14,,
後手,16,,
後手,14,,
後手,14,,
後手,12,,
後手,14,,
後手,14,,
後手,14,,
後手,14,,
後手,12,,
後手,14,,
後手,14,,
後手,12,,
後手,12,,
後手,12,,
後手,16,,
後手,16,,
後手,12,,
後手,12,,
後手,16,,
後手,16,,
後手,12,,
後手,12,,
後手,14,,
後手,12,,
後手,12,,
後手,12,,
後手,12,,
後手,18,,
後手,12,,
後手,14,,
後手,12,,
後手,12,,
後手,12,,
後手,14,,
後手,16,,
後手,10,,
後手,14,,
後手,16,,
後手,12,,
後手,12,,
後手,14,,
後手,14,,
後手,12,,
後手,14,,
後手,12,,
後手,12,,
後手,12,,
後手,16,,
後手,16,,
後手,12,,
後手,14,,
後手,12,,
後手,14,,
後手,12,,
後手,14,,
後手,12,,
後手,14,,
後手,12,,
後手,12,,
後手,12,,
後手,14,,
後手,10,,
後手,14,,
後手,12,,
後手,14,,
後手,12,,
後手,14,,
後手,14,,
後手,10,,
後手,12,,
後手,14,,
後手,10,,
後手,10,,
後手,14,,
後手,14,,
後手,14,,
後手,12,,
後手,16,,
後手,14,,
後手,12,,
後手,14,,
後手,12,,
後手,8,,
後手,16,,
後手,14,,
後手,12,,
後手,10,,
後手,12,,
後手,8,,
後手,12,,
後手,14,,
後手,12,,
後手,12,,
後手,12,,
後手,10,,
後手,14,,
後手,14,,
後手,12,,
後手,14,,
後手,14,,
後手,12,,
後手,14,,
後手,14,,
後手,12,,
後手,16,,
後手,12,,
後手,14,,
後手,16,,
後手,14,,
後手,12,,
後手,12,,
後手,14,,
後手,12,,
後手,10,,
後手,14,,
後手,12,,
後手,14,,
後手,12,,
後手,16,,
後手,12,,
後手,12,,
後手,14,,
後手,14,,
後手,14,,
後手,10,,
後手,14,,
後手,12,,
後手,12,,
後手,10,,
後手,12,,
後手,12,,
後手,10,,
後手,12,,
後手,14,,
後手,16,,
後手,12,,
後手,12,,
後手,12,,
後手,12,,
後手,12,,
後手,14,,
後手,12,,
後手,12,,
後手,14,,
後手,14,,
後手,14,,
後手,14,,
後手,10,,
後手,12,,
後手,16,,
後手,14,,
後手,14,,
後手,14,,
後手,12,,
後手,12,,
後手,14,,
後手,14,,
後手,14,,
後手,12,,
後手,12,,
後手,12,,
後手,12,,
後手,12,,
後手,12,,
後手,14,,
後手,12,,
後手,10,,
後手,10,,
後手,12,,
後手,14,,
後手,14,,
後手,14,,
後手,14,,
後手,12,,
後手,12,,
後手,14,,
後手,12,,
後手,12,,
後手,12,,
後手,14,,
後手,12,,
後手,14,,
後手,12,,
後手,14,,
後手,14,,
後手,14,,
後手,12,,
後手,18,,
後手,14,,
後手,14,,
後手,14,,
後手,10,,
後手,10,,
後手,12,,
後手,12,,
後手,14,,
後手,14,,
後手,10,,
後手,12,,
後手,12,,
後手,10,,
後手,14,,
後手,12,,
後手,16,,
後手,14,,
後手,12,,
後手,14,,
後手,14,,
後手,14,,
後手,14,,
後手,16,,
後手,14,,
後手,14,,
後手,14,,
後手,12,,
後手,14,,
後手,14,,
後手,12,,
後手,16,,
後手,14,,
後手,14,,
後手,10,,
後手,12,,
後手,14,,
後手,12,,
後手,10,,
後手,12,,
後手,12,,
後手,12,,
後手,14,,
後手,14,,
後手,12,,
後手,12,,
後手,14,,
後手,16,,
後手,14,,
後手,10,,
後手,8,,
後手,14,,
後手,12,,
後手,14,,
後手,12,,
後手,14,,
後手,14,,
後手,16,,
後手,14,,
後手,14,,
後手,10,,
後手,16,,
後手,14,,
後手,10,,
後手,12,,
後手,10,,
後手,16,,
後手,12,,
後手,10,,
後手,12,,
後手,16,,
後手,10,,
後手,12,,
後手,14,,
後手,12,,
後手,10,,
後手,12,,
後手,12,,
後手,12,,
後手,16,,
後手,14,,
後手,12,,
後手,14,,
後手,14,,
後手,12,,
後手,14,,
後手,16,,
後手,12,,
後手,14,,
後手,14,,
後手,14,,
後手,14,,
後手,10,,
後手,12,,
後手,14,,
後手,12,,
後手,12,,
後手,12,,
後手,12,,
後手,10,,
後手,14,,
後手,8,,
後手,10,,
後手,14,,
後手,14,,
後手,14,,
後手,10,,
後手,12,,
後手,14,,
後手,12,,
後手,14,,
後手,16,,
後手,12,,
後手,14,,
後手,10,,
後手,14,,
後手,14,,
後手,14,,
後手,12,,
後手,12,,
後手,14,,
後手,16,,
後手,14,,
後手,12,,
後手,16,,
後手,12,,
後手,12,,
後手,14,,
後手,16,,
後手,14,,
後手,14,,
後手,12,,
後手,14,,
後手,12,,
後手,14,,
後手,14,,
後手,14,,
後手,14,,
後手,16,,
後手,16,,
後手,14,,
後手,14,,
後手,12,,
後手,14,,
後手,14,,
後手,12,,
後手,12,,
後手,12,,
後手,12,,
後手,12,,
後手,12,,
後手,8,,
後手,16,,
後手,12,,
後手,12,,
後手,14,,
後手,14,,
後手,12,,
後手,10,,
後手,10,,
後手,14,,
後手,12,,
後手,12,,
後手,12,,
後手,14,,
後手,12,,
後手,12,,
後手,14,,
後手,14,,
後手,14,,
後手,14,,
後手,12,,
後手,12,,
後手,16,,
後手,10,,
後手,14,,
後手,10,,
後手,16,,
後手,12,,
後手,14,,
後手,14,,
後手,12,,
後手,12,,
後手,12,,
後手,12,,
後手,14,,
後手,12,,
後手,18,,
後手,14,,
後手,16,,
後手,12,,
後手,10,,
後手,14,,
後手,14,,
後手,12,,
後手,8,,
後手,12,,
後手,12,,
後手,10,,
後手,10,,
後手,14,,
後手,14,,
後手,12,,
後手,16,,
後手,12,,
後手,16,,
後手,14,,
後手,14,,
後手,10,,
後手,14,,
後手,12,,
後手,12,,
後手,16,,
後手,14,,
後手,14,,
後手,16,,
後手,12,,
後手,12,,
後手,14,,
後手,14,,
後手,14,,
後手,10,,
後手,16,,
後手,12,,
後手,12,,
後手,16,,
後手,12,,
後手,12,,
後手,18,,
後手,16,,
後手,16,,
後手,14,,
後手,12,,
後手,10,,
後手,14,,
後手,14,,
後手,12,,
後手,12,,
後手,12,,
後手,16,,
後手,12,,
後手,12,,
後手,18,,
後手,10,,
後手,14,,
後手,16,,
後手,14,,
後手,14,,
後手,10,,
後手,14,,
後手,12,,
後手,12,,
後手,14,,
後手,18,,
後手,12,,
後手,14,,
後手,12,,
後手,14,,
後手,12,,
後手,14,,
後手,12,,
後手,12,,
後手,14,,
後手,14,,
後手,14,,
後手,12,,
後手,12,,
後手,14,,
後手,14,,
後手,12,,
後手,14,,
後手,12,,
後手,12,,
後手,12,,
後手,14,,
後手,14,,
後手,16,,
後手,12,,
後手,16,,
後手,10,,
後手,14,,
後手,14,,
後手,16,,
後手,12,,
後手,16,,
後手,16,,
後手,16,,
後手,14,,
後手,10,,
後手,12,,
後手,12,,
後手,10,,
後手,14,,
後手,14,,
後手,10,,
後手,12,,
後手,14,,
後手,12,,
後手,12,,
後手,10,,
後手,10,,
後手,12,,
後手,14,,
後手,12,,
後手,12,,
後手,12,,
後手,12,,
後手,16,,
後手,14,,
後手,16,,
後手,14,,
後手,10,,
後手,14,,
後手,14,,
後手,16,,
後手,10,,
後手,14,,
後手,14,,
後手,16,,
後手,12,,
後手,14,,
後手,14,,
後手,14,,
後手,14,,
後手,10,,
後手,12,,
後手,12,,
後手,14,,
後手,14,,
後手,16,,
後手,12,,
後手,16,,
後手,10,,
後手,12,,
後手,12,,
後手,14,,
後手,12,,
後手,14,,
後手,12,,
後手,12,,
後手,16,,
後手,12,,
後手,10,,
後手,14,,
後手,14,,
後手,12,,
後手,10,,
後手,16,,
後手,12,,
後手,14,,
後手,12,,
後手,14,,
後手,14,,
後手,14,,
後手,12,,
後手,14,,
後手,12,,
後手,14,,
後手,10,,
後手,10,,
後手,12,,
後手,14,,
後手,14,,
後手,14,,
後手,10,,
後手,14,,
後手,14,,
後手,12,,
後手,14,,
後手,18,,
後手,12,,
後手,12,,
後手,10,,
後手,12,,
後手,14,,
後手,12,,
後手,12,,
後手,12,,
後手,16,,
後手,16,,
後手,12,,
後手,12,,
後手,14,,
後手,16,,
後手,12,,
後手,14,,
後手,12,,
後手,14,,
後手,12,,
後手,14,,
後手,10,,
後手,14,,
後手,14,,
後手,12,,
後手,14,,
後手,16,,
後手,14,,
後手,16,,
後手,14,,
後手,10,,
後手,12,,
後手,12,,
後手,10,,
後手,10,,
後手,16,,
後手,12,,
後手,14,,
後手,12,,
後手,16,,
後手,16,,
後手,16,,
後手,12,,
後手,12,,
後手,12,,
後手,14,,
後手,16,,
後手,14,,
後手,16,,
後手,14,,
後手,14,,
後手,14,,
後手,16,,
後手,14,,
後手,14,,
後手,10,,
後手,14,,
後手,16,,
後手,14,,
後手,14,,
後手,12,,
後手,12,,
後手,12,,
後手,12,,
後手,14,,
後手,14,,
後手,10,,
後手,16,,
後手,12,,
後手,12,,
後手,12,,
後手,14,,
後手,12,,
後手,14,,
後手,12,,
後手,16,,
後手,10,,
後手,14,,
後手,14,,
後手,12,,
後手,12,,
後手,12,,
後手,12,,
後手,12,,
後手,12,,
後手,14,,
後手,14,,
後手,12,,
後手,12,,
後手,12,,
後手,14,,
後手,10,,
後手,12,,
後手,12,,
後手,14,,
後手,14,,
後手,16,,
後手,16,,
後手,12,,
後手,14,,
後手,12,,
後手,14,,
後手,12,,
後手,12,,
後手,16,,
後手,12,,
後手,10,,
後手,14,,
後手,12,,
後手,12,,
後手,12,,
後手,12,,
後手,12,,
後手,12,,
後手,12,,
後手,10,,
後手,14,,
後手,14,,
後手,14,,
後手,12,,
後手,12,,
後手,14,,
後手,14,,
後手,12,,
後手,12,,
後手,14,,
後手,14,,
後手,12,,
後手,12,,
後手,14,,
後手,10,,
後手,12,,
後手,16,,
後手,14,,
後手,14,,
後手,14,,
後手,14,,
後手,12,,
後手,16,,
後手,12,,
後手,12,,
後手,12,,
後手,14,,
後手,12,,
後手,12,,
後手,12,,
後手,14,,
後手,12,,
後手,12,,
後手,12,,
後手,10,,
後手,14,,
後手,12,,
後手,12,,
後手,12,,
後手,18,,
後手,14,,
後手,12,,
後手,12,,
後手,14,,
後手,12,,
後手,12,,
後手,12,,
後手,12,,
後手,14,,
後手,10,,
後手,14,,
後手,14,,
後手,16,,
後手,12,,
後手,12,,
後手,14,,
後手,12,,
後手,12,,
後手,14,,
後手,12,,
後手,10,,
後手,14,,
後手,12,,
後手,14,,
後手,12,,
後手,16,,
後手,14,,
後手,12,,
後手,16,,
後手,12,,
後手,12,,
後手,14,,
後手,10,,
後手,12,,
後手,12,,
後手,12,,
後手,10,,
後手,12,,
後手,14,,
後手,14,,
後手,14,,
後手,12,,
後手,12,,
後手,14,,
後手,14,,
後手,14,,
後手,14,,
後手,12,,
後手,8,,
後手,10,,
後手,12,,
後手,12,,
後手,16,,
後手,12,,
後手,12,,
後手,14,,
後手,12,,
後手,12,,
後手,14,,
後手,12,,
後手,10,,
後手,14,,
後手,12,,
後手,16,,
後手,14,,
後手,14,,
後手,12,,
後手,16,,
後手,14,,
後手,14,,
後手,12,,
後手,10,,
後手,10,,
後手,10,,
後手,14,,
後手,12,,
後手,12,,
後手,16,,
後手,14,,
後手,16,,
後手,14,,
後手,12,,
後手,12,,
後手,14,,
後手,10,,
後手,16,,
後手,12,,
後手,16,,
後手,16,,
後手,14,,
後手,14,,
後手,12,,
後手,12,,
後手,14,,
後手,14,,
後手,12,,
後手,16,,
後手,14,,
後手,12,,
後手,14,,
後手,12,,
後手,14,,
後手,12,,
後手,14,,
後手,16,,
後手,14,,
後手,16,,
後手,14,,
後手,10,,
後手,10,,
後手,14,,
後手,14,,
後手,14,,
後手,14,,
後手,12,,
後手,18,,
後手,10,,
後手,12,,
後手,12,,
後手,16,,
後手,12,,
後手,16,,
後手,14,,
後手,14,,
後手,14,,
後手,14,,
後手,10,,
後手,14,,
後手,12,,
後手,14,,
後手,14,,
後手,12,,
後手,12,,
後手,14,,
後手,12,,
後手,14,,
後手,14,,
後手,14,,
後手,14,,
後手,16,,
後手,14,,
後手,14,,
後手,16,,
後手,12,,
後手,14,,
後手,16,,
後手,14,,
後手,12,,
後手,12,,
後手,14,,
後手,10,,
後手,14,,
後手,12,,
後手,10,,
後手,12,,
後手,12,,
後手,14,,
後手,14,,
後手,12,,
後手,12,,
後手,14,,
後手,14,,
後手,14,,
後手,10,,
後手,14,,
後手,12,,
後手,12,,
後手,10,,
後手,14,,
後手,14,,
後手,16,,
後手,14,,
後手,16,,
後手,14,,
後手,12,,
後手,12,,
後手,14,,
後手,10,,
後手,12,,
後手,10,,
後手,14,,
後手,12,,
後手,12,,
後手,12,,
後手,12,,
後手,12,,
後手,14,,
後手,12,,
後手,16,,
後手,12,,
後手,12,,
後手,14,,
後手,16,,
後手,14,,
後手,12,,
後手,10,,
後手,10,,
後手,12,,
後手,14,,
後手,12,,
後手,14,,
後手,12,,
後手,14,,
後手,12,,
後手,14,,
後手,10,,
後手,12,,
後手,14,,
後手,16,,
後手,14,,
後手,12,,
後手,12,,
後手,16,,
後手,14,,
後手,14,,
後手,12,,
後手,14,,
後手,14,,
後手,14,,
後手,14,,
後手,14,,
後手,12,,
後手,10,,
後手,14,,
後手,12,,
後手,16,,
後手,14,,
後手,14,,
後手,10,,
後手,16,,
後手,14,,
後手,14,,
後手,12,,
後手,12,,
後手,14,,
後手,16,,
後手,16,,
後手,12,,
後手,12,,
後手,12,,
後手,14,,
後手,12,,
後手,14,,
後手,12,,
後手,12,,
後手,14,,
後手,14,,
後手,12,,
後手,14,,
後手,10,,
後手,14,,
後手,14,,
後手,12,,
後手,12,,
後手,16,,
後手,14,,
後手,16,,
後手,12,,
後手,14,,
後手,14,,
後手,12,,
後手,10,,
後手,12,,
後手,12,,
後手,14,,
後手,14,,
後手,12,,
後手,10,,
後手,14,,
後手,16,,
後手,12,,
後手,12,,
後手,12,,
後手,14,,
後手,16,,
後手,14,,
後手,12,,
後手,12,,
後手,12,,
後手,14,,
後手,14,,
後手,12,,
後手,12,,
後手,12,,
後手,12,,
後手,12,,
後手,14,,
後手,14,,
後手,10,,
後手,16,,
後手,12,,
後手,14,,
後手,12,,
後手,10,,
後手,14,,
後手,14,,
後手,12,,
後手,14,,
後手,12,,
後手,12,,
後手,12,,
後手,8,,
後手,12,,
後手,12,,
後手,12,,
後手,12,,
後手,12,,
後手,14,,
後手,12,,
後手,14,,
後手,10,,
後手,16,,
後手,12,,
後手,14,,
後手,10,,
後手,12,,
後手,16,,
後手,14,,
後手,14,,
後手,12,,
後手,12,,
後手,14,,
後手,10,,
後手,14,,
後手,16,,
後手,12,,
後手,14,,
後手,16,,
後手,10,,
後手,12,,
後手,14,,
後手,14,,
後手,14,,
後手,12,,
後手,14,,
後手,14,,
後手,14,,
後手,14,,
後手,14,,
後手,12,,
後手,12,,
後手,12,,
後手,14,,
後手,12,,
後手,12,,
後手,10,,
後手,16,,
後手,14,,
後手,12,,
後手,14,,
後手,16,,
後手,16,,
後手,16,,
後手,14,,
後手,14,,
後手,14,,
後手,12,,
後手,12,,
後手,16,,
後手,10,,
後手,14,,
後手,12,,
後手,14,,
後手,12,,
後手,16,,
後手,10,,
後手,12,,
後手,16,,
後手,12,,
後手,16,,
後手,12,,
後手,14,,
後手,14,,
後手,16,,
後手,14,,
後手,12,,
後手,12,,
後手,14,,
後手,12,,
後手,12,,
後手,10,,
後手,14,,
後手,12,,
後手,12,,
後手,14,,
後手,12,,
後手,14,,
後手,12,,
後手,14,,
後手,14,,
後手,12,,
後手,16,,
後手,12,,
後手,12,,
後手,14,,
後手,12,,
後手,14,,
後手,12,,
後手,14,,
後手,12,,
後手,16,,
後手,14,,
後手,12,,
後手,12,,
後手,12,,
後手,14,,
後手,12,,
後手,14,,
後手,14,,
後手,14,,
後手,12,,
後手,12,,
後手,12,,
後手,14,,
後手,14,,
後手,14,,
後手,14,,
後手,10,,
後手,14,,
後手,12,,
後手,14,,
後手,14,,
後手,12,,
後手,14,,
後手,12,,
後手,14,,
後手,14,,
後手,16,,
後手,10,,
後手,12,,
後手,12,,
後手,14,,
後手,18,,
後手,14,,
後手,12,,
後手,16,,
後手,14,,
後手,16,,
後手,14,,
後手,16,,
後手,14,,
後手,14,,
後手,14,,
後手,16,,
後手,12,,
後手,10,,
後手,14,,
後手,12,,
後手,12,,
後手,12,,
後手,14,,
後手,12,,
後手,10,,
後手,12,,
後手,12,,
後手,14,,
後手,16,,
後手,10,,
後手,10,,
後手,12,,
後手,10,,
後手,12,,
後手,12,,
後手,14,,
後手,12,,
後手,12,,
後手,14,,
後手,12,,
後手,12,,
後手,16,,
後手,12,,
後手,16,,
後手,14,,
後手,14,,
後手,12,,
後手,14,,
後手,10,,
後手,12,,
後手,14,,
後手,12,,
後手,14,,
後手,14,,
後手,12,,
後手,14,,
後手,14,,
後手,14,,
後手,16,,
後手,14,,
後手,12,,
後手,16,,
後手,12,,
後手,12,,
後手,16,,
後手,14,,
後手,12,,
後手,14,,
後手,14,,
後手,16,,
後手,12,,
後手,10,,
後手,12,,
後手,12,,
後手,14,,
後手,12,,
後手,14,,
後手,14,,
後手,14,,
後手,12,,
後手,16,,
後手,16,,
後手,12,,
後手,12,,
後手,14,,
後手,14,,
後手,14,,
後手,8,,
後手,14,,
後手,12,,
後手,10,,
後手,14,,
後手,14,,
後手,12,,
後手,14,,
後手,12,,
後手,14,,
後手,14,,
後手,14,,
後手,12,,
後手,14,,
後手,14,,
後手,14,,
後手,14,,
後手,18,,
後手,12,,
後手,12,,
後手,16,,
後手,12,,
後手,14,,
後手,12,,
後手,16,,
後手,12,,
後手,14,,
後手,14,,
後手,14,,
後手,12,,
後手,14,,
後手,12,,
後手,12,,
後手,14,,
後手,12,,
後手,10,,
後手,14,,
後手,10,,
後手,16,,
後手,14,,
後手,12,,
後手,12,,
後手,14,,
後手,12,,
後手,12,,
後手,12,,
後手,16,,
後手,12,,
後手,12,,
後手,16,,
後手,10,,
後手,12,,
後手,14,,
後手,14,,
後手,10,,
後手,16,,
後手,12,,
後手,14,,
後手,16,,
後手,14,,
後手,12,,
後手,12,,
後手,14,,
後手,18,,
後手,16,,
後手,12,,
後手,12,,
後手,12,,
後手,16,,
後手,14,,
後手,12,,
後手,14,,
後手,14,,
後手,12,,
後手,12,,
後手,14,,
後手,12,,
後手,12,,
後手,12,,
後手,14,,
後手,12,,
後手,14,,
後手,14,,
後手,12,,
後手,16,,
後手,12,,
後手,14,,
後手,14,,
後手,14,,
後手,14,,
後手,16,,
後手,14,,
後手,14,,
後手,12,,
後手,12,,
後手,14,,
後手,14,,
後手,12,,
後手,12,,
後手,14,,
後手,12,,
後手,12,,
後手,12,,
後手,12,,
後手,12,,
後手,12,,
後手,14,,
後手,14,,
後手,12,,
後手,14,,
後手,12,,
後手,12,,
後手,14,,
後手,12,,
後手,14,,
後手,16,,
後手,14,,
後手,14,,
後手,14,,
後手,14,,
後手,14,,
後手,14,,
後手,14,,
後手,12,,
後手,12,,
後手,14,,
後手,14,,
後手,12,,
後手,16,,
後手,14,,
後手,12,,
後手,14,,
後手,14,,
後手,16,,
後手,12,,
後手,12,,
後手,12,,
後手,16,,
後手,12,,
後手,12,,
後手,14,,
後手,10,,
後手,14,,
後手,14,,
後手,14,,
後手,14,,
後手,12,,
後手,14,,
後手,12,,
後手,14,,
後手,12,,
後手,12,,
後手,12,,
後手,12,,
後手,12,,
後手,16,,
後手,16,,
後手,14,,
後手,12,,
後手,14,,
後手,14,,
後手,12,,
後手,12,,
後手,14,,
後手,14,,
後手,12,,
後手,12,,
後手,12,,
後手,14,,
後手,12,,
後手,14,,
後手,14,,
後手,10,,
後手,14,,
後手,14,,
後手,16,,
後手,14,,
後手,12,,
後手,14,,
後手,12,,
後手,12,,
後手,14,,
後手,14,,
後手,12,,
後手,14,,
,13.02990299,,
