勝敗,終了ターン数,11.51443955,11.76330749
先手勝利数：,6129,,
先手,11,,
先手,11,,
先手,11,,
先手,11,,
先手,13,,
先手,11,,
先手,11,,
先手,11,,
先手,9,,
先手,13,,
先手,11,,
先手,9,,
先手,11,,
先手,11,,
先手,9,,
先手,13,,
先手,13,,
先手,11,,
先手,9,,
先手,11,,
先手,11,,
先手,11,,
先手,15,,
先手,11,,
先手,13,,
先手,11,,
先手,13,,
先手,11,,
先手,15,,
先手,11,,
先手,11,,
先手,11,,
先手,13,,
先手,15,,
先手,11,,
先手,13,,
先手,11,,
先手,13,,
先手,13,,
先手,11,,
先手,13,,
先手,9,,
先手,11,,
先手,11,,
先手,13,,
先手,11,,
先手,13,,
先手,9,,
先手,13,,
先手,11,,
先手,11,,
先手,11,,
先手,9,,
先手,11,,
先手,9,,
先手,13,,
先手,9,,
先手,9,,
先手,13,,
先手,9,,
先手,9,,
先手,11,,
先手,9,,
先手,15,,
先手,9,,
先手,13,,
先手,11,,
先手,11,,
先手,9,,
先手,13,,
先手,11,,
先手,11,,
先手,11,,
先手,13,,
先手,13,,
先手,11,,
先手,13,,
先手,15,,
先手,15,,
先手,11,,
先手,9,,
先手,11,,
先手,13,,
先手,13,,
先手,13,,
先手,13,,
先手,13,,
先手,9,,
先手,11,,
先手,11,,
先手,11,,
先手,13,,
先手,11,,
先手,11,,
先手,11,,
先手,11,,
先手,11,,
先手,11,,
先手,13,,
先手,13,,
先手,13,,
先手,9,,
先手,11,,
先手,13,,
先手,11,,
先手,11,,
先手,11,,
先手,11,,
先手,11,,
先手,13,,
先手,11,,
先手,11,,
先手,13,,
先手,9,,
先手,11,,
先手,9,,
先手,11,,
先手,13,,
先手,9,,
先手,13,,
先手,9,,
先手,11,,
先手,13,,
先手,13,,
先手,11,,
先手,13,,
先手,9,,
先手,13,,
先手,13,,
先手,13,,
先手,11,,
先手,11,,
先手,11,,
先手,11,,
先手,11,,
先手,13,,
先手,11,,
先手,9,,
先手,11,,
先手,11,,
先手,11,,
先手,13,,
先手,11,,
先手,9,,
先手,15,,
先手,11,,
先手,13,,
先手,13,,
先手,11,,
先手,11,,
先手,15,,
先手,11,,
先手,11,,
先手,13,,
先手,11,,
先手,11,,
先手,13,,
先手,13,,
先手,11,,
先手,15,,
先手,13,,
先手,11,,
先手,11,,
先手,11,,
先手,11,,
先手,13,,
先手,15,,
先手,9,,
先手,9,,
先手,11,,
先手,11,,
先手,13,,
先手,13,,
先手,9,,
先手,11,,
先手,9,,
先手,13,,
先手,9,,
先手,11,,
先手,13,,
先手,11,,
先手,11,,
先手,11,,
先手,11,,
先手,11,,
先手,11,,
先手,13,,
先手,9,,
先手,11,,
先手,11,,
先手,11,,
先手,13,,
先手,13,,
先手,9,,
先手,13,,
先手,11,,
先手,13,,
先手,13,,
先手,15,,
先手,13,,
先手,13,,
先手,9,,
先手,15,,
先手,13,,
先手,13,,
先手,13,,
先手,13,,
先手,11,,
先手,11,,
先手,11,,
先手,13,,
先手,11,,
先手,13,,
先手,11,,
先手,13,,
先手,11,,
先手,13,,
先手,9,,
先手,11,,
先手,15,,
先手,13,,
先手,11,,
先手,9,,
先手,11,,
先手,13,,
先手,13,,
先手,13,,
先手,9,,
先手,13,,
先手,11,,
先手,11,,
先手,9,,
先手,13,,
先手,15,,
先手,9,,
先手,11,,
先手,9,,
先手,13,,
先手,13,,
先手,11,,
先手,13,,
先手,15,,
先手,11,,
先手,11,,
先手,11,,
先手,11,,
先手,13,,
先手,11,,
先手,11,,
先手,13,,
先手,13,,
先手,9,,
先手,11,,
先手,11,,
先手,11,,
先手,11,,
先手,11,,
先手,13,,
先手,11,,
先手,9,,
先手,11,,
先手,11,,
先手,13,,
先手,11,,
先手,13,,
先手,11,,
先手,11,,
先手,13,,
先手,13,,
先手,11,,
先手,11,,
先手,11,,
先手,11,,
先手,11,,
先手,11,,
先手,11,,
先手,13,,
先手,11,,
先手,11,,
先手,11,,
先手,13,,
先手,15,,
先手,13,,
先手,11,,
先手,9,,
先手,11,,
先手,15,,
先手,15,,
先手,11,,
先手,9,,
先手,13,,
先手,11,,
先手,13,,
先手,11,,
先手,15,,
先手,11,,
先手,11,,
先手,9,,
先手,11,,
先手,11,,
先手,9,,
先手,11,,
先手,13,,
先手,11,,
先手,11,,
先手,13,,
先手,11,,
先手,13,,
先手,13,,
先手,13,,
先手,13,,
先手,13,,
先手,9,,
先手,13,,
先手,11,,
先手,11,,
先手,13,,
先手,9,,
先手,11,,
先手,13,,
先手,13,,
先手,11,,
先手,9,,
先手,11,,
先手,11,,
先手,13,,
先手,11,,
先手,11,,
先手,11,,
先手,11,,
先手,9,,
先手,11,,
先手,15,,
先手,11,,
先手,11,,
先手,13,,
先手,13,,
先手,11,,
先手,15,,
先手,11,,
先手,9,,
先手,11,,
先手,11,,
先手,11,,
先手,11,,
先手,11,,
先手,13,,
先手,13,,
先手,11,,
先手,11,,
先手,13,,
先手,11,,
先手,13,,
先手,13,,
先手,11,,
先手,11,,
先手,13,,
先手,13,,
先手,9,,
先手,13,,
先手,13,,
先手,9,,
先手,13,,
先手,13,,
先手,13,,
先手,11,,
先手,13,,
先手,13,,
先手,13,,
先手,11,,
先手,9,,
先手,11,,
先手,11,,
先手,11,,
先手,15,,
先手,11,,
先手,11,,
先手,13,,
先手,9,,
先手,9,,
先手,11,,
先手,11,,
先手,13,,
先手,9,,
先手,15,,
先手,11,,
先手,13,,
先手,13,,
先手,15,,
先手,15,,
先手,13,,
先手,13,,
先手,9,,
先手,9,,
先手,11,,
先手,11,,
先手,11,,
先手,13,,
先手,11,,
先手,11,,
先手,9,,
先手,13,,
先手,13,,
先手,15,,
先手,13,,
先手,11,,
先手,9,,
先手,13,,
先手,9,,
先手,13,,
先手,11,,
先手,11,,
先手,9,,
先手,11,,
先手,13,,
先手,11,,
先手,13,,
先手,11,,
先手,11,,
先手,13,,
先手,11,,
先手,13,,
先手,13,,
先手,11,,
先手,11,,
先手,9,,
先手,13,,
先手,13,,
先手,13,,
先手,13,,
先手,11,,
先手,11,,
先手,9,,
先手,11,,
先手,13,,
先手,13,,
先手,9,,
先手,17,,
先手,11,,
先手,13,,
先手,11,,
先手,13,,
先手,11,,
先手,11,,
先手,11,,
先手,9,,
先手,11,,
先手,11,,
先手,11,,
先手,13,,
先手,9,,
先手,9,,
先手,9,,
先手,11,,
先手,11,,
先手,13,,
先手,13,,
先手,11,,
先手,11,,
先手,11,,
先手,9,,
先手,11,,
先手,13,,
先手,11,,
先手,11,,
先手,13,,
先手,11,,
先手,11,,
先手,11,,
先手,11,,
先手,11,,
先手,15,,
先手,13,,
先手,15,,
先手,11,,
先手,11,,
先手,11,,
先手,9,,
先手,13,,
先手,13,,
先手,13,,
先手,13,,
先手,13,,
先手,9,,
先手,11,,
先手,11,,
先手,9,,
先手,11,,
先手,13,,
先手,11,,
先手,13,,
先手,13,,
先手,11,,
先手,13,,
先手,11,,
先手,9,,
先手,11,,
先手,11,,
先手,9,,
先手,11,,
先手,13,,
先手,15,,
先手,11,,
先手,13,,
先手,13,,
先手,13,,
先手,13,,
先手,15,,
先手,13,,
先手,11,,
先手,13,,
先手,11,,
先手,13,,
先手,13,,
先手,11,,
先手,15,,
先手,7,,
先手,11,,
先手,13,,
先手,11,,
先手,9,,
先手,13,,
先手,13,,
先手,9,,
先手,13,,
先手,11,,
先手,11,,
先手,11,,
先手,11,,
先手,13,,
先手,11,,
先手,11,,
先手,13,,
先手,9,,
先手,9,,
先手,13,,
先手,11,,
先手,7,,
先手,11,,
先手,11,,
先手,13,,
先手,9,,
先手,9,,
先手,11,,
先手,9,,
先手,13,,
先手,11,,
先手,11,,
先手,9,,
先手,9,,
先手,13,,
先手,11,,
先手,13,,
先手,15,,
先手,11,,
先手,11,,
先手,11,,
先手,7,,
先手,11,,
先手,13,,
先手,11,,
先手,13,,
先手,11,,
先手,13,,
先手,15,,
先手,11,,
先手,11,,
先手,13,,
先手,13,,
先手,11,,
先手,11,,
先手,11,,
先手,11,,
先手,11,,
先手,15,,
先手,11,,
先手,13,,
先手,13,,
先手,11,,
先手,9,,
先手,11,,
先手,11,,
先手,11,,
先手,13,,
先手,11,,
先手,11,,
先手,13,,
先手,11,,
先手,9,,
先手,13,,
先手,11,,
先手,13,,
先手,15,,
先手,11,,
先手,11,,
先手,11,,
先手,9,,
先手,13,,
先手,13,,
先手,13,,
先手,11,,
先手,15,,
先手,9,,
先手,11,,
先手,13,,
先手,15,,
先手,11,,
先手,13,,
先手,11,,
先手,15,,
先手,13,,
先手,9,,
先手,11,,
先手,15,,
先手,11,,
先手,9,,
先手,15,,
先手,11,,
先手,15,,
先手,13,,
先手,13,,
先手,15,,
先手,11,,
先手,11,,
先手,13,,
先手,9,,
先手,11,,
先手,11,,
先手,13,,
先手,11,,
先手,13,,
先手,9,,
先手,11,,
先手,13,,
先手,11,,
先手,11,,
先手,9,,
先手,11,,
先手,13,,
先手,13,,
先手,15,,
先手,9,,
先手,13,,
先手,11,,
先手,11,,
先手,11,,
先手,9,,
先手,11,,
先手,11,,
先手,11,,
先手,11,,
先手,13,,
先手,13,,
先手,11,,
先手,11,,
先手,13,,
先手,11,,
先手,9,,
先手,11,,
先手,11,,
先手,11,,
先手,13,,
先手,11,,
先手,11,,
先手,11,,
先手,11,,
先手,9,,
先手,11,,
先手,11,,
先手,11,,
先手,11,,
先手,11,,
先手,9,,
先手,11,,
先手,11,,
先手,13,,
先手,13,,
先手,11,,
先手,11,,
先手,11,,
先手,9,,
先手,9,,
先手,11,,
先手,11,,
先手,9,,
先手,11,,
先手,13,,
先手,11,,
先手,9,,
先手,13,,
先手,9,,
先手,13,,
先手,11,,
先手,15,,
先手,11,,
先手,11,,
先手,13,,
先手,11,,
先手,15,,
先手,9,,
先手,11,,
先手,11,,
先手,9,,
先手,13,,
先手,11,,
先手,11,,
先手,13,,
先手,11,,
先手,11,,
先手,15,,
先手,11,,
先手,9,,
先手,13,,
先手,13,,
先手,11,,
先手,13,,
先手,11,,
先手,13,,
先手,15,,
先手,11,,
先手,15,,
先手,13,,
先手,13,,
先手,9,,
先手,13,,
先手,11,,
先手,11,,
先手,11,,
先手,11,,
先手,13,,
先手,13,,
先手,15,,
先手,13,,
先手,9,,
先手,11,,
先手,11,,
先手,11,,
先手,13,,
先手,11,,
先手,11,,
先手,9,,
先手,9,,
先手,11,,
先手,11,,
先手,11,,
先手,11,,
先手,11,,
先手,11,,
先手,11,,
先手,13,,
先手,9,,
先手,13,,
先手,11,,
先手,13,,
先手,11,,
先手,13,,
先手,13,,
先手,13,,
先手,11,,
先手,15,,
先手,13,,
先手,13,,
先手,13,,
先手,11,,
先手,11,,
先手,15,,
先手,11,,
先手,11,,
先手,9,,
先手,11,,
先手,11,,
先手,9,,
先手,9,,
先手,13,,
先手,9,,
先手,11,,
先手,11,,
先手,13,,
先手,13,,
先手,13,,
先手,13,,
先手,11,,
先手,13,,
先手,11,,
先手,13,,
先手,9,,
先手,11,,
先手,11,,
先手,11,,
先手,11,,
先手,9,,
先手,9,,
先手,11,,
先手,11,,
先手,9,,
先手,9,,
先手,13,,
先手,13,,
先手,9,,
先手,11,,
先手,9,,
先手,11,,
先手,13,,
先手,11,,
先手,11,,
先手,13,,
先手,9,,
先手,15,,
先手,11,,
先手,13,,
先手,11,,
先手,11,,
先手,11,,
先手,9,,
先手,13,,
先手,13,,
先手,13,,
先手,11,,
先手,13,,
先手,13,,
先手,13,,
先手,11,,
先手,11,,
先手,13,,
先手,11,,
先手,11,,
先手,11,,
先手,13,,
先手,11,,
先手,13,,
先手,15,,
先手,13,,
先手,13,,
先手,9,,
先手,13,,
先手,11,,
先手,13,,
先手,11,,
先手,9,,
先手,9,,
先手,13,,
先手,15,,
先手,13,,
先手,9,,
先手,9,,
先手,11,,
先手,11,,
先手,9,,
先手,9,,
先手,9,,
先手,9,,
先手,13,,
先手,11,,
先手,11,,
先手,11,,
先手,11,,
先手,11,,
先手,13,,
先手,13,,
先手,11,,
先手,11,,
先手,11,,
先手,11,,
先手,11,,
先手,11,,
先手,13,,
先手,9,,
先手,13,,
先手,11,,
先手,11,,
先手,11,,
先手,11,,
先手,11,,
先手,13,,
先手,9,,
先手,13,,
先手,11,,
先手,11,,
先手,9,,
先手,13,,
先手,13,,
先手,11,,
先手,13,,
先手,11,,
先手,13,,
先手,11,,
先手,13,,
先手,11,,
先手,11,,
先手,13,,
先手,11,,
先手,13,,
先手,13,,
先手,9,,
先手,11,,
先手,13,,
先手,11,,
先手,11,,
先手,13,,
先手,11,,
先手,13,,
先手,9,,
先手,11,,
先手,11,,
先手,9,,
先手,13,,
先手,11,,
先手,7,,
先手,13,,
先手,15,,
先手,13,,
先手,9,,
先手,13,,
先手,9,,
先手,13,,
先手,9,,
先手,11,,
先手,11,,
先手,13,,
先手,13,,
先手,11,,
先手,11,,
先手,11,,
先手,15,,
先手,13,,
先手,11,,
先手,11,,
先手,13,,
先手,13,,
先手,11,,
先手,11,,
先手,11,,
先手,15,,
先手,13,,
先手,13,,
先手,9,,
先手,11,,
先手,11,,
先手,11,,
先手,11,,
先手,11,,
先手,11,,
先手,9,,
先手,11,,
先手,11,,
先手,13,,
先手,13,,
先手,11,,
先手,11,,
先手,9,,
先手,13,,
先手,13,,
先手,13,,
先手,13,,
先手,15,,
先手,11,,
先手,13,,
先手,13,,
先手,9,,
先手,13,,
先手,11,,
先手,9,,
先手,9,,
先手,11,,
先手,11,,
先手,9,,
先手,11,,
先手,11,,
先手,15,,
先手,9,,
先手,11,,
先手,9,,
先手,11,,
先手,9,,
先手,11,,
先手,11,,
先手,11,,
先手,15,,
先手,9,,
先手,11,,
先手,13,,
先手,11,,
先手,13,,
先手,11,,
先手,11,,
先手,15,,
先手,11,,
先手,13,,
先手,11,,
先手,11,,
先手,9,,
先手,11,,
先手,13,,
先手,11,,
先手,9,,
先手,11,,
先手,11,,
先手,13,,
先手,13,,
先手,13,,
先手,11,,
先手,13,,
先手,15,,
先手,11,,
先手,11,,
先手,13,,
先手,11,,
先手,11,,
先手,13,,
先手,13,,
先手,11,,
先手,11,,
先手,13,,
先手,11,,
先手,13,,
先手,11,,
先手,11,,
先手,13,,
先手,11,,
先手,11,,
先手,9,,
先手,13,,
先手,13,,
先手,11,,
先手,11,,
先手,9,,
先手,11,,
先手,11,,
先手,13,,
先手,13,,
先手,13,,
先手,11,,
先手,11,,
先手,11,,
先手,11,,
先手,11,,
先手,11,,
先手,11,,
先手,11,,
先手,13,,
先手,11,,
先手,9,,
先手,9,,
先手,13,,
先手,11,,
先手,11,,
先手,11,,
先手,9,,
先手,9,,
先手,11,,
先手,11,,
先手,13,,
先手,11,,
先手,11,,
先手,11,,
先手,11,,
先手,11,,
先手,11,,
先手,11,,
先手,11,,
先手,11,,
先手,13,,
先手,11,,
先手,9,,
先手,9,,
先手,11,,
先手,11,,
先手,11,,
先手,11,,
先手,11,,
先手,9,,
先手,13,,
先手,11,,
先手,11,,
先手,11,,
先手,9,,
先手,7,,
先手,11,,
先手,11,,
先手,15,,
先手,13,,
先手,11,,
先手,13,,
先手,11,,
先手,11,,
先手,13,,
先手,9,,
先手,11,,
先手,13,,
先手,11,,
先手,11,,
先手,13,,
先手,13,,
先手,9,,
先手,13,,
先手,11,,
先手,11,,
先手,11,,
先手,13,,
先手,13,,
先手,11,,
先手,11,,
先手,11,,
先手,11,,
先手,9,,
先手,11,,
先手,13,,
先手,11,,
先手,13,,
先手,9,,
先手,13,,
先手,13,,
先手,17,,
先手,11,,
先手,13,,
先手,9,,
先手,9,,
先手,11,,
先手,9,,
先手,13,,
先手,13,,
先手,13,,
先手,11,,
先手,17,,
先手,11,,
先手,13,,
先手,9,,
先手,15,,
先手,13,,
先手,13,,
先手,13,,
先手,11,,
先手,11,,
先手,13,,
先手,11,,
先手,11,,
先手,17,,
先手,13,,
先手,11,,
先手,11,,
先手,11,,
先手,9,,
先手,13,,
先手,11,,
先手,17,,
先手,11,,
先手,13,,
先手,13,,
先手,15,,
先手,9,,
先手,7,,
先手,11,,
先手,9,,
先手,11,,
先手,11,,
先手,13,,
先手,9,,
先手,13,,
先手,11,,
先手,11,,
先手,11,,
先手,11,,
先手,13,,
先手,11,,
先手,11,,
先手,11,,
先手,13,,
先手,13,,
先手,11,,
先手,15,,
先手,11,,
先手,11,,
先手,15,,
先手,11,,
先手,13,,
先手,11,,
先手,9,,
先手,9,,
先手,9,,
先手,11,,
先手,11,,
先手,13,,
先手,11,,
先手,13,,
先手,11,,
先手,9,,
先手,13,,
先手,9,,
先手,9,,
先手,11,,
先手,11,,
先手,9,,
先手,9,,
先手,11,,
先手,15,,
先手,11,,
先手,9,,
先手,13,,
先手,9,,
先手,11,,
先手,15,,
先手,9,,
先手,13,,
先手,13,,
先手,11,,
先手,13,,
先手,11,,
先手,11,,
先手,9,,
先手,11,,
先手,11,,
先手,13,,
先手,11,,
先手,11,,
先手,11,,
先手,11,,
先手,13,,
先手,13,,
先手,11,,
先手,11,,
先手,11,,
先手,13,,
先手,11,,
先手,13,,
先手,13,,
先手,15,,
先手,11,,
先手,11,,
先手,13,,
先手,13,,
先手,11,,
先手,13,,
先手,11,,
先手,11,,
先手,11,,
先手,13,,
先手,9,,
先手,11,,
先手,11,,
先手,9,,
先手,11,,
先手,13,,
先手,13,,
先手,11,,
先手,9,,
先手,11,,
先手,13,,
先手,13,,
先手,11,,
先手,13,,
先手,11,,
先手,13,,
先手,13,,
先手,11,,
先手,9,,
先手,11,,
先手,13,,
先手,11,,
先手,11,,
先手,13,,
先手,11,,
先手,13,,
先手,11,,
先手,9,,
先手,11,,
先手,11,,
先手,15,,
先手,13,,
先手,11,,
先手,9,,
先手,15,,
先手,9,,
先手,9,,
先手,9,,
先手,11,,
先手,13,,
先手,11,,
先手,9,,
先手,13,,
先手,13,,
先手,11,,
先手,11,,
先手,11,,
先手,13,,
先手,9,,
先手,13,,
先手,9,,
先手,11,,
先手,11,,
先手,11,,
先手,9,,
先手,11,,
先手,9,,
先手,9,,
先手,13,,
先手,13,,
先手,13,,
先手,11,,
先手,9,,
先手,13,,
先手,11,,
先手,9,,
先手,7,,
先手,11,,
先手,11,,
先手,13,,
先手,13,,
先手,11,,
先手,11,,
先手,13,,
先手,11,,
先手,9,,
先手,11,,
先手,9,,
先手,11,,
先手,9,,
先手,11,,
先手,11,,
先手,13,,
先手,11,,
先手,11,,
先手,15,,
先手,13,,
先手,13,,
先手,13,,
先手,11,,
先手,11,,
先手,13,,
先手,11,,
先手,9,,
先手,11,,
先手,9,,
先手,13,,
先手,11,,
先手,11,,
先手,13,,
先手,13,,
先手,11,,
先手,13,,
先手,11,,
先手,11,,
先手,11,,
先手,11,,
先手,11,,
先手,11,,
先手,11,,
先手,11,,
先手,11,,
先手,13,,
先手,13,,
先手,11,,
先手,11,,
先手,11,,
先手,11,,
先手,13,,
先手,11,,
先手,11,,
先手,11,,
先手,13,,
先手,13,,
先手,13,,
先手,11,,
先手,11,,
先手,13,,
先手,13,,
先手,11,,
先手,11,,
先手,13,,
先手,11,,
先手,9,,
先手,9,,
先手,13,,
先手,11,,
先手,9,,
先手,11,,
先手,9,,
先手,11,,
先手,11,,
先手,11,,
先手,9,,
先手,9,,
先手,15,,
先手,13,,
先手,11,,
先手,11,,
先手,11,,
先手,13,,
先手,11,,
先手,11,,
先手,11,,
先手,11,,
先手,13,,
先手,13,,
先手,13,,
先手,9,,
先手,11,,
先手,11,,
先手,11,,
先手,9,,
先手,11,,
先手,9,,
先手,13,,
先手,9,,
先手,13,,
先手,17,,
先手,13,,
先手,11,,
先手,9,,
先手,11,,
先手,11,,
先手,11,,
先手,11,,
先手,15,,
先手,9,,
先手,15,,
先手,9,,
先手,11,,
先手,11,,
先手,9,,
先手,11,,
先手,11,,
先手,11,,
先手,11,,
先手,13,,
先手,11,,
先手,11,,
先手,11,,
先手,13,,
先手,9,,
先手,11,,
先手,11,,
先手,13,,
先手,11,,
先手,13,,
先手,11,,
先手,11,,
先手,11,,
先手,13,,
先手,11,,
先手,11,,
先手,11,,
先手,9,,
先手,9,,
先手,13,,
先手,15,,
先手,13,,
先手,9,,
先手,11,,
先手,11,,
先手,9,,
先手,11,,
先手,11,,
先手,9,,
先手,11,,
先手,11,,
先手,11,,
先手,11,,
先手,13,,
先手,11,,
先手,11,,
先手,9,,
先手,11,,
先手,13,,
先手,13,,
先手,13,,
先手,13,,
先手,9,,
先手,11,,
先手,13,,
先手,11,,
先手,9,,
先手,13,,
先手,15,,
先手,11,,
先手,13,,
先手,11,,
先手,9,,
先手,9,,
先手,9,,
先手,13,,
先手,11,,
先手,13,,
先手,7,,
先手,11,,
先手,13,,
先手,11,,
先手,9,,
先手,13,,
先手,9,,
先手,11,,
先手,11,,
先手,9,,
先手,13,,
先手,13,,
先手,11,,
先手,11,,
先手,11,,
先手,13,,
先手,9,,
先手,11,,
先手,11,,
先手,9,,
先手,13,,
先手,13,,
先手,13,,
先手,11,,
先手,9,,
先手,11,,
先手,11,,
先手,11,,
先手,11,,
先手,9,,
先手,11,,
先手,13,,
先手,13,,
先手,9,,
先手,11,,
先手,13,,
先手,11,,
先手,13,,
先手,13,,
先手,13,,
先手,15,,
先手,13,,
先手,11,,
先手,11,,
先手,11,,
先手,11,,
先手,13,,
先手,13,,
先手,11,,
先手,11,,
先手,11,,
先手,11,,
先手,11,,
先手,13,,
先手,9,,
先手,11,,
先手,11,,
先手,9,,
先手,15,,
先手,13,,
先手,11,,
先手,11,,
先手,9,,
先手,11,,
先手,15,,
先手,11,,
先手,13,,
先手,11,,
先手,11,,
先手,11,,
先手,11,,
先手,11,,
先手,13,,
先手,9,,
先手,11,,
先手,11,,
先手,9,,
先手,9,,
先手,13,,
先手,11,,
先手,11,,
先手,11,,
先手,13,,
先手,9,,
先手,13,,
先手,11,,
先手,9,,
先手,13,,
先手,11,,
先手,13,,
先手,13,,
先手,13,,
先手,11,,
先手,13,,
先手,11,,
先手,13,,
先手,15,,
先手,9,,
先手,13,,
先手,11,,
先手,11,,
先手,11,,
先手,13,,
先手,13,,
先手,13,,
先手,13,,
先手,15,,
先手,11,,
先手,11,,
先手,9,,
先手,13,,
先手,15,,
先手,11,,
先手,7,,
先手,11,,
先手,11,,
先手,9,,
先手,11,,
先手,11,,
先手,11,,
先手,11,,
先手,13,,
先手,11,,
先手,11,,
先手,11,,
先手,13,,
先手,9,,
先手,11,,
先手,13,,
先手,11,,
先手,11,,
先手,13,,
先手,11,,
先手,11,,
先手,13,,
先手,13,,
先手,13,,
先手,11,,
先手,9,,
先手,11,,
先手,11,,
先手,11,,
先手,13,,
先手,13,,
先手,11,,
先手,13,,
先手,11,,
先手,9,,
先手,11,,
先手,13,,
先手,13,,
先手,13,,
先手,11,,
先手,11,,
先手,9,,
先手,11,,
先手,11,,
先手,15,,
先手,13,,
先手,11,,
先手,11,,
先手,9,,
先手,9,,
先手,11,,
先手,13,,
先手,13,,
先手,13,,
先手,11,,
先手,11,,
先手,11,,
先手,11,,
先手,13,,
先手,13,,
先手,11,,
先手,11,,
先手,11,,
先手,13,,
先手,11,,
先手,11,,
先手,9,,
先手,11,,
先手,11,,
先手,11,,
先手,11,,
先手,15,,
先手,11,,
先手,9,,
先手,11,,
先手,11,,
先手,11,,
先手,15,,
先手,11,,
先手,9,,
先手,11,,
先手,11,,
先手,13,,
先手,11,,
先手,9,,
先手,13,,
先手,9,,
先手,9,,
先手,11,,
先手,15,,
先手,13,,
先手,9,,
先手,11,,
先手,9,,
先手,13,,
先手,13,,
先手,13,,
先手,11,,
先手,13,,
先手,9,,
先手,13,,
先手,11,,
先手,9,,
先手,11,,
先手,13,,
先手,11,,
先手,11,,
先手,9,,
先手,11,,
先手,11,,
先手,13,,
先手,15,,
先手,15,,
先手,13,,
先手,11,,
先手,11,,
先手,11,,
先手,9,,
先手,13,,
先手,15,,
先手,13,,
先手,11,,
先手,11,,
先手,13,,
先手,9,,
先手,9,,
先手,15,,
先手,13,,
先手,11,,
先手,11,,
先手,11,,
先手,11,,
先手,11,,
先手,13,,
先手,13,,
先手,11,,
先手,11,,
先手,9,,
先手,13,,
先手,11,,
先手,13,,
先手,9,,
先手,11,,
先手,13,,
先手,13,,
先手,13,,
先手,11,,
先手,13,,
先手,13,,
先手,13,,
先手,11,,
先手,11,,
先手,13,,
先手,11,,
先手,11,,
先手,11,,
先手,11,,
先手,13,,
先手,9,,
先手,11,,
先手,13,,
先手,13,,
先手,13,,
先手,15,,
先手,11,,
先手,11,,
先手,9,,
先手,11,,
先手,11,,
先手,13,,
先手,13,,
先手,11,,
先手,11,,
先手,15,,
先手,13,,
先手,15,,
先手,13,,
先手,13,,
先手,11,,
先手,11,,
先手,9,,
先手,11,,
先手,11,,
先手,11,,
先手,9,,
先手,11,,
先手,9,,
先手,9,,
先手,11,,
先手,11,,
先手,15,,
先手,11,,
先手,13,,
先手,11,,
先手,9,,
先手,13,,
先手,11,,
先手,9,,
先手,11,,
先手,11,,
先手,13,,
先手,13,,
先手,13,,
先手,11,,
先手,11,,
先手,11,,
先手,11,,
先手,11,,
先手,13,,
先手,11,,
先手,11,,
先手,9,,
先手,11,,
先手,11,,
先手,11,,
先手,11,,
先手,11,,
先手,13,,
先手,11,,
先手,11,,
先手,11,,
先手,9,,
先手,11,,
先手,13,,
先手,15,,
先手,13,,
先手,13,,
先手,13,,
先手,13,,
先手,11,,
先手,11,,
先手,13,,
先手,13,,
先手,13,,
先手,13,,
先手,11,,
先手,15,,
先手,11,,
先手,11,,
先手,11,,
先手,13,,
先手,9,,
先手,13,,
先手,11,,
先手,9,,
先手,13,,
先手,11,,
先手,11,,
先手,11,,
先手,13,,
先手,9,,
先手,9,,
先手,13,,
先手,13,,
先手,11,,
先手,11,,
先手,11,,
先手,9,,
先手,11,,
先手,11,,
先手,13,,
先手,9,,
先手,9,,
先手,11,,
先手,13,,
先手,11,,
先手,11,,
先手,13,,
先手,9,,
先手,13,,
先手,11,,
先手,11,,
先手,11,,
先手,13,,
先手,13,,
先手,13,,
先手,11,,
先手,9,,
先手,13,,
先手,11,,
先手,13,,
先手,13,,
先手,13,,
先手,11,,
先手,11,,
先手,9,,
先手,13,,
先手,11,,
先手,13,,
先手,11,,
先手,13,,
先手,13,,
先手,11,,
先手,11,,
先手,13,,
先手,13,,
先手,11,,
先手,15,,
先手,9,,
先手,15,,
先手,11,,
先手,15,,
先手,9,,
先手,15,,
先手,11,,
先手,9,,
先手,13,,
先手,9,,
先手,11,,
先手,13,,
先手,13,,
先手,11,,
先手,11,,
先手,13,,
先手,9,,
先手,11,,
先手,13,,
先手,13,,
先手,13,,
先手,13,,
先手,9,,
先手,11,,
先手,13,,
先手,11,,
先手,11,,
先手,11,,
先手,11,,
先手,11,,
先手,11,,
先手,13,,
先手,13,,
先手,11,,
先手,11,,
先手,11,,
先手,11,,
先手,11,,
先手,11,,
先手,11,,
先手,13,,
先手,11,,
先手,13,,
先手,11,,
先手,9,,
先手,11,,
先手,11,,
先手,13,,
先手,13,,
先手,13,,
先手,11,,
先手,11,,
先手,11,,
先手,13,,
先手,13,,
先手,11,,
先手,11,,
先手,13,,
先手,11,,
先手,13,,
先手,15,,
先手,11,,
先手,11,,
先手,11,,
先手,13,,
先手,11,,
先手,13,,
先手,11,,
先手,9,,
先手,11,,
先手,11,,
先手,11,,
先手,11,,
先手,13,,
先手,9,,
先手,13,,
先手,13,,
先手,11,,
先手,13,,
先手,11,,
先手,11,,
先手,13,,
先手,11,,
先手,13,,
先手,11,,
先手,11,,
先手,11,,
先手,9,,
先手,13,,
先手,11,,
先手,7,,
先手,13,,
先手,13,,
先手,13,,
先手,9,,
先手,11,,
先手,15,,
先手,13,,
先手,9,,
先手,13,,
先手,9,,
先手,15,,
先手,13,,
先手,9,,
先手,11,,
先手,7,,
先手,13,,
先手,15,,
先手,11,,
先手,9,,
先手,9,,
先手,11,,
先手,11,,
先手,9,,
先手,13,,
先手,11,,
先手,9,,
先手,11,,
先手,11,,
先手,11,,
先手,13,,
先手,13,,
先手,11,,
先手,13,,
先手,11,,
先手,11,,
先手,13,,
先手,15,,
先手,13,,
先手,15,,
先手,11,,
先手,11,,
先手,13,,
先手,13,,
先手,15,,
先手,11,,
先手,13,,
先手,9,,
先手,13,,
先手,11,,
先手,9,,
先手,11,,
先手,9,,
先手,15,,
先手,9,,
先手,13,,
先手,13,,
先手,11,,
先手,13,,
先手,11,,
先手,11,,
先手,15,,
先手,11,,
先手,9,,
先手,13,,
先手,9,,
先手,11,,
先手,11,,
先手,13,,
先手,9,,
先手,11,,
先手,13,,
先手,13,,
先手,11,,
先手,13,,
先手,13,,
先手,13,,
先手,11,,
先手,11,,
先手,11,,
先手,11,,
先手,9,,
先手,11,,
先手,9,,
先手,13,,
先手,15,,
先手,13,,
先手,15,,
先手,11,,
先手,13,,
先手,13,,
先手,9,,
先手,11,,
先手,11,,
先手,11,,
先手,11,,
先手,11,,
先手,11,,
先手,11,,
先手,11,,
先手,11,,
先手,11,,
先手,9,,
先手,13,,
先手,11,,
先手,11,,
先手,11,,
先手,15,,
先手,11,,
先手,11,,
先手,15,,
先手,9,,
先手,13,,
先手,9,,
先手,11,,
先手,11,,
先手,13,,
先手,9,,
先手,9,,
先手,11,,
先手,13,,
先手,11,,
先手,11,,
先手,13,,
先手,11,,
先手,11,,
先手,13,,
先手,15,,
先手,15,,
先手,11,,
先手,13,,
先手,11,,
先手,13,,
先手,11,,
先手,11,,
先手,13,,
先手,13,,
先手,11,,
先手,11,,
先手,9,,
先手,11,,
先手,13,,
先手,13,,
先手,11,,
先手,11,,
先手,11,,
先手,11,,
先手,11,,
先手,13,,
先手,11,,
先手,11,,
先手,11,,
先手,9,,
先手,9,,
先手,9,,
先手,11,,
先手,11,,
先手,13,,
先手,11,,
先手,13,,
先手,13,,
先手,11,,
先手,9,,
先手,9,,
先手,11,,
先手,11,,
先手,9,,
先手,13,,
先手,13,,
先手,11,,
先手,13,,
先手,11,,
先手,11,,
先手,11,,
先手,13,,
先手,9,,
先手,9,,
先手,13,,
先手,11,,
先手,9,,
先手,11,,
先手,13,,
先手,9,,
先手,11,,
先手,11,,
先手,11,,
先手,13,,
先手,13,,
先手,11,,
先手,9,,
先手,15,,
先手,13,,
先手,13,,
先手,11,,
先手,13,,
先手,9,,
先手,9,,
先手,9,,
先手,11,,
先手,15,,
先手,13,,
先手,11,,
先手,13,,
先手,13,,
先手,9,,
先手,13,,
先手,11,,
先手,11,,
先手,11,,
先手,11,,
先手,11,,
先手,11,,
先手,11,,
先手,11,,
先手,11,,
先手,11,,
先手,13,,
先手,9,,
先手,9,,
先手,11,,
先手,13,,
先手,13,,
先手,13,,
先手,13,,
先手,11,,
先手,11,,
先手,11,,
先手,11,,
先手,9,,
先手,13,,
先手,13,,
先手,11,,
先手,9,,
先手,13,,
先手,9,,
先手,11,,
先手,13,,
先手,11,,
先手,11,,
先手,13,,
先手,13,,
先手,11,,
先手,11,,
先手,11,,
先手,13,,
先手,11,,
先手,11,,
先手,9,,
先手,9,,
先手,13,,
先手,11,,
先手,13,,
先手,17,,
先手,11,,
先手,11,,
先手,11,,
先手,11,,
先手,11,,
先手,11,,
先手,11,,
先手,11,,
先手,11,,
先手,11,,
先手,9,,
先手,11,,
先手,11,,
先手,11,,
先手,11,,
先手,15,,
先手,11,,
先手,13,,
先手,11,,
先手,9,,
先手,13,,
先手,11,,
先手,9,,
先手,11,,
先手,11,,
先手,11,,
先手,11,,
先手,13,,
先手,11,,
先手,13,,
先手,11,,
先手,11,,
先手,9,,
先手,13,,
先手,13,,
先手,11,,
先手,13,,
先手,11,,
先手,13,,
先手,13,,
先手,11,,
先手,9,,
先手,11,,
先手,13,,
先手,11,,
先手,11,,
先手,15,,
先手,13,,
先手,15,,
先手,15,,
先手,13,,
先手,11,,
先手,9,,
先手,9,,
先手,15,,
先手,13,,
先手,11,,
先手,11,,
先手,9,,
先手,13,,
先手,13,,
先手,11,,
先手,13,,
先手,9,,
先手,11,,
先手,13,,
先手,13,,
先手,15,,
先手,9,,
先手,11,,
先手,11,,
先手,11,,
先手,9,,
先手,11,,
先手,9,,
先手,11,,
先手,11,,
先手,9,,
先手,9,,
先手,11,,
先手,11,,
先手,13,,
先手,11,,
先手,13,,
先手,11,,
先手,11,,
先手,11,,
先手,11,,
先手,11,,
先手,13,,
先手,9,,
先手,13,,
先手,15,,
先手,13,,
先手,15,,
先手,9,,
先手,13,,
先手,13,,
先手,11,,
先手,13,,
先手,13,,
先手,11,,
先手,13,,
先手,11,,
先手,13,,
先手,15,,
先手,11,,
先手,11,,
先手,11,,
先手,11,,
先手,11,,
先手,9,,
先手,11,,
先手,13,,
先手,11,,
先手,11,,
先手,9,,
先手,13,,
先手,13,,
先手,11,,
先手,11,,
先手,13,,
先手,13,,
先手,11,,
先手,11,,
先手,13,,
先手,9,,
先手,15,,
先手,13,,
先手,11,,
先手,9,,
先手,11,,
先手,13,,
先手,11,,
先手,11,,
先手,15,,
先手,11,,
先手,13,,
先手,11,,
先手,13,,
先手,11,,
先手,13,,
先手,13,,
先手,11,,
先手,11,,
先手,13,,
先手,15,,
先手,11,,
先手,15,,
先手,11,,
先手,11,,
先手,11,,
先手,9,,
先手,11,,
先手,13,,
先手,13,,
先手,13,,
先手,9,,
先手,9,,
先手,15,,
先手,13,,
先手,13,,
先手,13,,
先手,11,,
先手,9,,
先手,11,,
先手,11,,
先手,11,,
先手,11,,
先手,15,,
先手,11,,
先手,9,,
先手,9,,
先手,13,,
先手,11,,
先手,11,,
先手,13,,
先手,11,,
先手,11,,
先手,13,,
先手,11,,
先手,13,,
先手,11,,
先手,13,,
先手,11,,
先手,13,,
先手,9,,
先手,13,,
先手,13,,
先手,13,,
先手,11,,
先手,11,,
先手,13,,
先手,13,,
先手,9,,
先手,13,,
先手,13,,
先手,11,,
先手,9,,
先手,11,,
先手,13,,
先手,11,,
先手,11,,
先手,11,,
先手,11,,
先手,13,,
先手,13,,
先手,13,,
先手,11,,
先手,11,,
先手,13,,
先手,11,,
先手,13,,
先手,13,,
先手,15,,
先手,13,,
先手,11,,
先手,11,,
先手,11,,
先手,11,,
先手,11,,
先手,13,,
先手,11,,
先手,11,,
先手,11,,
先手,13,,
先手,13,,
先手,13,,
先手,11,,
先手,11,,
先手,11,,
先手,11,,
先手,11,,
先手,13,,
先手,11,,
先手,11,,
先手,11,,
先手,11,,
先手,13,,
先手,11,,
先手,13,,
先手,11,,
先手,9,,
先手,11,,
先手,11,,
先手,11,,
先手,11,,
先手,11,,
先手,11,,
先手,11,,
先手,11,,
先手,11,,
先手,11,,
先手,11,,
先手,13,,
先手,11,,
先手,13,,
先手,11,,
先手,11,,
先手,9,,
先手,15,,
先手,11,,
先手,13,,
先手,11,,
先手,11,,
先手,11,,
先手,11,,
先手,11,,
先手,11,,
先手,13,,
先手,9,,
先手,13,,
先手,11,,
先手,13,,
先手,15,,
先手,13,,
先手,11,,
先手,13,,
先手,11,,
先手,9,,
先手,11,,
先手,11,,
先手,11,,
先手,13,,
先手,15,,
先手,13,,
先手,9,,
先手,13,,
先手,9,,
先手,11,,
先手,9,,
先手,15,,
先手,11,,
先手,11,,
先手,13,,
先手,13,,
先手,11,,
先手,11,,
先手,9,,
先手,13,,
先手,7,,
先手,9,,
先手,9,,
先手,11,,
先手,13,,
先手,13,,
先手,9,,
先手,13,,
先手,11,,
先手,13,,
先手,9,,
先手,11,,
先手,9,,
先手,11,,
先手,13,,
先手,15,,
先手,11,,
先手,9,,
先手,9,,
先手,13,,
先手,13,,
先手,11,,
先手,11,,
先手,15,,
先手,13,,
先手,11,,
先手,9,,
先手,13,,
先手,9,,
先手,15,,
先手,11,,
先手,11,,
先手,13,,
先手,11,,
先手,11,,
先手,15,,
先手,11,,
先手,13,,
先手,11,,
先手,9,,
先手,13,,
先手,11,,
先手,13,,
先手,9,,
先手,9,,
先手,11,,
先手,11,,
先手,11,,
先手,13,,
先手,11,,
先手,15,,
先手,11,,
先手,11,,
先手,13,,
先手,13,,
先手,13,,
先手,13,,
先手,11,,
先手,9,,
先手,9,,
先手,13,,
先手,11,,
先手,11,,
先手,13,,
先手,15,,
先手,9,,
先手,11,,
先手,11,,
先手,9,,
先手,9,,
先手,9,,
先手,13,,
先手,13,,
先手,11,,
先手,9,,
先手,9,,
先手,13,,
先手,11,,
先手,15,,
先手,13,,
先手,13,,
先手,11,,
先手,11,,
先手,11,,
先手,9,,
先手,11,,
先手,11,,
先手,13,,
先手,13,,
先手,11,,
先手,9,,
先手,11,,
先手,11,,
先手,11,,
先手,13,,
先手,13,,
先手,11,,
先手,15,,
先手,11,,
先手,13,,
先手,15,,
先手,13,,
先手,11,,
先手,11,,
先手,11,,
先手,11,,
先手,11,,
先手,9,,
先手,13,,
先手,17,,
先手,13,,
先手,13,,
先手,13,,
先手,13,,
先手,13,,
先手,11,,
先手,11,,
先手,9,,
先手,11,,
先手,15,,
先手,9,,
先手,11,,
先手,11,,
先手,13,,
先手,9,,
先手,11,,
先手,11,,
先手,11,,
先手,13,,
先手,9,,
先手,13,,
先手,11,,
先手,13,,
先手,11,,
先手,11,,
先手,11,,
先手,13,,
先手,13,,
先手,11,,
先手,11,,
先手,11,,
先手,11,,
先手,13,,
先手,13,,
先手,9,,
先手,11,,
先手,11,,
先手,11,,
先手,11,,
先手,13,,
先手,11,,
先手,11,,
先手,9,,
先手,13,,
先手,11,,
先手,13,,
先手,13,,
先手,11,,
先手,11,,
先手,11,,
先手,11,,
先手,13,,
先手,13,,
先手,13,,
先手,13,,
先手,13,,
先手,13,,
先手,11,,
先手,13,,
先手,11,,
先手,11,,
先手,11,,
先手,13,,
先手,11,,
先手,11,,
先手,11,,
先手,11,,
先手,9,,
先手,15,,
先手,11,,
先手,13,,
先手,11,,
先手,11,,
先手,11,,
先手,13,,
先手,11,,
先手,11,,
先手,11,,
先手,13,,
先手,11,,
先手,11,,
先手,11,,
先手,15,,
先手,11,,
先手,13,,
先手,11,,
先手,11,,
先手,11,,
先手,11,,
先手,11,,
先手,11,,
先手,13,,
先手,13,,
先手,11,,
先手,11,,
先手,11,,
先手,9,,
先手,11,,
先手,11,,
先手,11,,
先手,11,,
先手,13,,
先手,11,,
先手,11,,
先手,11,,
先手,15,,
先手,9,,
先手,13,,
先手,11,,
先手,11,,
先手,11,,
先手,9,,
先手,13,,
先手,11,,
先手,9,,
先手,13,,
先手,9,,
先手,11,,
先手,11,,
先手,13,,
先手,11,,
先手,11,,
先手,15,,
先手,13,,
先手,13,,
先手,11,,
先手,11,,
先手,11,,
先手,15,,
先手,11,,
先手,9,,
先手,11,,
先手,13,,
先手,13,,
先手,13,,
先手,13,,
先手,13,,
先手,11,,
先手,13,,
先手,9,,
先手,13,,
先手,9,,
先手,9,,
先手,11,,
先手,13,,
先手,11,,
先手,13,,
先手,11,,
先手,15,,
先手,11,,
先手,9,,
先手,11,,
先手,11,,
先手,13,,
先手,11,,
先手,15,,
先手,11,,
先手,9,,
先手,11,,
先手,13,,
先手,11,,
先手,13,,
先手,9,,
先手,11,,
先手,15,,
先手,11,,
先手,9,,
先手,11,,
先手,11,,
先手,11,,
先手,13,,
先手,13,,
先手,15,,
先手,13,,
先手,13,,
先手,13,,
先手,13,,
先手,9,,
先手,11,,
先手,9,,
先手,9,,
先手,9,,
先手,13,,
先手,9,,
先手,11,,
先手,11,,
先手,13,,
先手,13,,
先手,13,,
先手,13,,
先手,11,,
先手,9,,
先手,13,,
先手,9,,
先手,13,,
先手,11,,
先手,11,,
先手,11,,
先手,11,,
先手,13,,
先手,13,,
先手,13,,
先手,11,,
先手,13,,
先手,11,,
先手,11,,
先手,11,,
先手,11,,
先手,11,,
先手,13,,
先手,13,,
先手,11,,
先手,11,,
先手,9,,
先手,15,,
先手,9,,
先手,9,,
先手,9,,
先手,11,,
先手,13,,
先手,11,,
先手,13,,
先手,13,,
先手,13,,
先手,15,,
先手,15,,
先手,11,,
先手,11,,
先手,9,,
先手,9,,
先手,13,,
先手,7,,
先手,11,,
先手,11,,
先手,13,,
先手,13,,
先手,15,,
先手,11,,
先手,13,,
先手,13,,
先手,9,,
先手,9,,
先手,11,,
先手,13,,
先手,15,,
先手,15,,
先手,13,,
先手,13,,
先手,11,,
先手,15,,
先手,9,,
先手,11,,
先手,9,,
先手,13,,
先手,11,,
先手,9,,
先手,13,,
先手,11,,
先手,9,,
先手,11,,
先手,7,,
先手,15,,
先手,11,,
先手,15,,
先手,13,,
先手,13,,
先手,11,,
先手,11,,
先手,13,,
先手,15,,
先手,15,,
先手,11,,
先手,11,,
先手,9,,
先手,11,,
先手,11,,
先手,13,,
先手,13,,
先手,9,,
先手,9,,
先手,9,,
先手,9,,
先手,13,,
先手,9,,
先手,11,,
先手,13,,
先手,13,,
先手,11,,
先手,11,,
先手,11,,
先手,11,,
先手,13,,
先手,13,,
先手,9,,
先手,9,,
先手,11,,
先手,11,,
先手,13,,
先手,13,,
先手,9,,
先手,9,,
先手,11,,
先手,11,,
先手,11,,
先手,11,,
先手,9,,
先手,11,,
先手,11,,
先手,11,,
先手,9,,
先手,17,,
先手,9,,
先手,13,,
先手,11,,
先手,13,,
先手,11,,
先手,9,,
先手,11,,
先手,11,,
先手,9,,
先手,13,,
先手,11,,
先手,13,,
先手,11,,
先手,13,,
先手,11,,
先手,11,,
先手,11,,
先手,11,,
先手,13,,
先手,15,,
先手,11,,
先手,11,,
先手,11,,
先手,15,,
先手,11,,
先手,13,,
先手,13,,
先手,11,,
先手,13,,
先手,13,,
先手,15,,
先手,11,,
先手,15,,
先手,11,,
先手,11,,
先手,9,,
先手,11,,
先手,13,,
先手,11,,
先手,11,,
先手,11,,
先手,15,,
先手,9,,
先手,13,,
先手,11,,
先手,11,,
先手,13,,
先手,13,,
先手,11,,
先手,13,,
先手,13,,
先手,13,,
先手,13,,
先手,11,,
先手,13,,
先手,13,,
先手,11,,
先手,11,,
先手,11,,
先手,11,,
先手,13,,
先手,13,,
先手,13,,
先手,15,,
先手,11,,
先手,13,,
先手,9,,
先手,11,,
先手,11,,
先手,11,,
先手,13,,
先手,9,,
先手,13,,
先手,9,,
先手,11,,
先手,11,,
先手,13,,
先手,13,,
先手,11,,
先手,11,,
先手,11,,
先手,11,,
先手,11,,
先手,13,,
先手,7,,
先手,13,,
先手,11,,
先手,15,,
先手,13,,
先手,15,,
先手,11,,
先手,13,,
先手,11,,
先手,13,,
先手,9,,
先手,13,,
先手,13,,
先手,11,,
先手,13,,
先手,11,,
先手,11,,
先手,11,,
先手,13,,
先手,13,,
先手,13,,
先手,11,,
先手,13,,
先手,13,,
先手,9,,
先手,9,,
先手,13,,
先手,15,,
先手,13,,
先手,13,,
先手,13,,
先手,9,,
先手,11,,
先手,13,,
先手,9,,
先手,9,,
先手,11,,
先手,11,,
先手,13,,
先手,9,,
先手,11,,
先手,9,,
先手,9,,
先手,13,,
先手,13,,
先手,11,,
先手,11,,
先手,13,,
先手,13,,
先手,11,,
先手,11,,
先手,11,,
先手,9,,
先手,11,,
先手,13,,
先手,11,,
先手,15,,
先手,13,,
先手,13,,
先手,13,,
先手,13,,
先手,15,,
先手,9,,
先手,11,,
先手,11,,
先手,11,,
先手,11,,
先手,11,,
先手,9,,
先手,11,,
先手,13,,
先手,13,,
先手,13,,
先手,9,,
先手,11,,
先手,11,,
先手,11,,
先手,13,,
先手,11,,
先手,13,,
先手,11,,
先手,15,,
先手,11,,
先手,13,,
先手,9,,
先手,11,,
先手,15,,
先手,11,,
先手,13,,
先手,9,,
先手,11,,
先手,13,,
先手,13,,
先手,9,,
先手,11,,
先手,11,,
先手,9,,
先手,15,,
先手,11,,
先手,11,,
先手,9,,
先手,9,,
先手,11,,
先手,9,,
先手,11,,
先手,11,,
先手,11,,
先手,11,,
先手,13,,
先手,17,,
先手,11,,
先手,9,,
先手,7,,
先手,11,,
先手,9,,
先手,9,,
先手,9,,
先手,13,,
先手,13,,
先手,15,,
先手,9,,
先手,13,,
先手,11,,
先手,11,,
先手,13,,
先手,9,,
先手,13,,
先手,11,,
先手,11,,
先手,9,,
先手,7,,
先手,11,,
先手,9,,
先手,13,,
先手,13,,
先手,9,,
先手,13,,
先手,13,,
先手,11,,
先手,13,,
先手,11,,
先手,11,,
先手,11,,
先手,13,,
先手,13,,
先手,11,,
先手,13,,
先手,15,,
先手,11,,
先手,13,,
先手,11,,
先手,11,,
先手,9,,
先手,13,,
先手,9,,
先手,15,,
先手,11,,
先手,11,,
先手,13,,
先手,13,,
先手,13,,
先手,13,,
先手,13,,
先手,11,,
先手,9,,
先手,13,,
先手,13,,
先手,11,,
先手,11,,
先手,11,,
先手,11,,
先手,13,,
先手,9,,
先手,13,,
先手,9,,
先手,11,,
先手,11,,
先手,9,,
先手,11,,
先手,11,,
先手,13,,
先手,13,,
先手,13,,
先手,13,,
先手,13,,
先手,13,,
先手,15,,
先手,17,,
先手,11,,
先手,11,,
先手,11,,
先手,13,,
先手,13,,
先手,9,,
先手,11,,
先手,13,,
先手,13,,
先手,13,,
先手,9,,
先手,11,,
先手,15,,
先手,11,,
先手,11,,
先手,9,,
先手,15,,
先手,11,,
先手,13,,
先手,11,,
先手,11,,
先手,11,,
先手,9,,
先手,9,,
先手,9,,
先手,17,,
先手,11,,
先手,9,,
先手,9,,
先手,11,,
先手,9,,
先手,13,,
先手,13,,
先手,13,,
先手,11,,
先手,11,,
先手,13,,
先手,13,,
先手,13,,
先手,13,,
先手,11,,
先手,13,,
先手,9,,
先手,11,,
先手,11,,
先手,13,,
先手,11,,
先手,13,,
先手,9,,
先手,11,,
先手,15,,
先手,11,,
先手,11,,
先手,9,,
先手,9,,
先手,13,,
先手,13,,
先手,9,,
先手,9,,
先手,11,,
先手,11,,
先手,13,,
先手,13,,
先手,11,,
先手,9,,
先手,11,,
先手,11,,
先手,11,,
先手,11,,
先手,11,,
先手,13,,
先手,9,,
先手,11,,
先手,11,,
先手,9,,
先手,11,,
先手,11,,
先手,11,,
先手,11,,
先手,13,,
先手,11,,
先手,11,,
先手,13,,
先手,11,,
先手,11,,
先手,13,,
先手,11,,
先手,11,,
先手,11,,
先手,13,,
先手,13,,
先手,11,,
先手,11,,
先手,11,,
先手,11,,
先手,11,,
先手,13,,
先手,9,,
先手,13,,
先手,11,,
先手,11,,
先手,11,,
先手,13,,
先手,11,,
先手,13,,
先手,13,,
先手,11,,
先手,15,,
先手,11,,
先手,11,,
先手,9,,
先手,13,,
先手,9,,
先手,11,,
先手,11,,
先手,9,,
先手,11,,
先手,9,,
先手,11,,
先手,13,,
先手,13,,
先手,11,,
先手,13,,
先手,13,,
先手,11,,
先手,13,,
先手,11,,
先手,13,,
先手,13,,
先手,7,,
先手,11,,
先手,11,,
先手,9,,
先手,11,,
先手,9,,
先手,13,,
先手,13,,
先手,11,,
先手,13,,
先手,9,,
先手,13,,
先手,13,,
先手,11,,
先手,11,,
先手,11,,
先手,11,,
先手,11,,
先手,13,,
先手,9,,
先手,11,,
先手,15,,
先手,13,,
先手,11,,
先手,11,,
先手,11,,
先手,9,,
先手,11,,
先手,15,,
先手,11,,
先手,13,,
先手,11,,
先手,9,,
先手,13,,
先手,13,,
先手,13,,
先手,11,,
先手,11,,
先手,13,,
先手,11,,
先手,13,,
先手,13,,
先手,11,,
先手,13,,
先手,13,,
先手,11,,
先手,13,,
先手,11,,
先手,13,,
先手,13,,
先手,13,,
先手,11,,
先手,13,,
先手,13,,
先手,15,,
先手,11,,
先手,9,,
先手,15,,
先手,15,,
先手,11,,
先手,11,,
先手,11,,
先手,11,,
先手,7,,
先手,11,,
先手,13,,
先手,13,,
先手,11,,
先手,13,,
先手,11,,
先手,11,,
先手,11,,
先手,13,,
先手,11,,
先手,11,,
先手,11,,
先手,13,,
先手,13,,
先手,9,,
先手,11,,
先手,11,,
先手,11,,
先手,13,,
先手,13,,
先手,13,,
先手,11,,
先手,13,,
先手,13,,
先手,9,,
先手,9,,
先手,13,,
先手,11,,
先手,9,,
先手,13,,
先手,13,,
先手,11,,
先手,13,,
先手,11,,
先手,13,,
先手,11,,
先手,13,,
先手,11,,
先手,13,,
先手,9,,
先手,13,,
先手,11,,
先手,7,,
先手,13,,
先手,9,,
先手,13,,
先手,9,,
先手,11,,
先手,13,,
先手,13,,
先手,11,,
先手,11,,
先手,11,,
先手,11,,
先手,11,,
先手,11,,
先手,13,,
先手,9,,
先手,9,,
先手,11,,
先手,11,,
先手,13,,
先手,11,,
先手,13,,
先手,11,,
先手,11,,
先手,11,,
先手,11,,
先手,11,,
先手,9,,
先手,11,,
先手,11,,
先手,11,,
先手,11,,
先手,13,,
先手,11,,
先手,11,,
先手,11,,
先手,9,,
先手,11,,
先手,13,,
先手,11,,
先手,11,,
先手,13,,
先手,11,,
先手,13,,
先手,13,,
先手,13,,
先手,11,,
先手,13,,
先手,11,,
先手,13,,
先手,9,,
先手,11,,
先手,11,,
先手,9,,
先手,9,,
先手,11,,
先手,9,,
先手,11,,
先手,11,,
先手,11,,
先手,11,,
先手,11,,
先手,13,,
先手,11,,
先手,13,,
先手,11,,
先手,9,,
先手,11,,
先手,9,,
先手,15,,
先手,11,,
先手,11,,
先手,13,,
先手,11,,
先手,13,,
先手,15,,
先手,11,,
先手,11,,
先手,11,,
先手,9,,
先手,13,,
先手,11,,
先手,9,,
先手,9,,
先手,11,,
先手,9,,
先手,13,,
先手,11,,
先手,11,,
先手,13,,
先手,11,,
先手,11,,
先手,13,,
先手,11,,
先手,15,,
先手,13,,
先手,11,,
先手,11,,
先手,11,,
先手,13,,
先手,11,,
先手,13,,
先手,9,,
先手,11,,
先手,11,,
先手,11,,
先手,11,,
先手,11,,
先手,11,,
先手,11,,
先手,9,,
先手,13,,
先手,13,,
先手,13,,
先手,9,,
先手,13,,
先手,11,,
先手,13,,
先手,7,,
先手,9,,
先手,9,,
先手,7,,
先手,11,,
先手,9,,
先手,13,,
先手,11,,
先手,9,,
先手,13,,
先手,11,,
先手,11,,
先手,13,,
先手,9,,
先手,13,,
先手,13,,
先手,9,,
先手,11,,
先手,9,,
先手,15,,
先手,11,,
先手,15,,
先手,11,,
先手,11,,
先手,13,,
先手,11,,
先手,9,,
先手,9,,
先手,15,,
先手,13,,
先手,11,,
先手,13,,
先手,11,,
先手,13,,
先手,9,,
先手,13,,
先手,13,,
先手,13,,
先手,15,,
先手,11,,
先手,13,,
先手,11,,
先手,11,,
先手,13,,
先手,9,,
先手,13,,
先手,9,,
先手,11,,
先手,13,,
先手,13,,
先手,11,,
先手,13,,
先手,11,,
先手,9,,
先手,11,,
先手,13,,
先手,9,,
先手,15,,
先手,13,,
先手,13,,
先手,9,,
先手,9,,
先手,11,,
先手,9,,
先手,11,,
先手,11,,
先手,13,,
先手,11,,
先手,9,,
先手,11,,
先手,11,,
先手,15,,
先手,15,,
先手,11,,
先手,11,,
先手,11,,
先手,11,,
先手,13,,
先手,13,,
先手,13,,
先手,13,,
先手,15,,
先手,11,,
先手,11,,
先手,15,,
先手,11,,
先手,13,,
先手,9,,
先手,13,,
先手,9,,
先手,11,,
先手,13,,
先手,13,,
先手,13,,
先手,11,,
先手,11,,
先手,11,,
先手,9,,
先手,13,,
先手,13,,
先手,11,,
先手,9,,
先手,13,,
先手,13,,
先手,13,,
先手,13,,
先手,11,,
先手,11,,
先手,11,,
先手,13,,
先手,9,,
先手,9,,
先手,13,,
先手,13,,
先手,11,,
先手,11,,
先手,9,,
先手,13,,
先手,11,,
先手,11,,
先手,11,,
先手,13,,
先手,11,,
先手,11,,
先手,11,,
先手,13,,
先手,11,,
先手,11,,
先手,13,,
先手,13,,
先手,13,,
先手,11,,
先手,13,,
先手,11,,
先手,13,,
先手,11,,
先手,11,,
先手,11,,
先手,11,,
先手,11,,
先手,11,,
先手,9,,
先手,13,,
先手,13,,
先手,13,,
先手,11,,
先手,13,,
先手,9,,
先手,15,,
先手,11,,
先手,9,,
先手,11,,
先手,9,,
先手,13,,
先手,13,,
先手,11,,
先手,15,,
先手,9,,
先手,11,,
先手,11,,
先手,11,,
先手,11,,
先手,13,,
先手,11,,
先手,11,,
先手,13,,
先手,11,,
先手,11,,
先手,11,,
先手,9,,
先手,11,,
先手,13,,
先手,13,,
先手,11,,
先手,11,,
先手,13,,
先手,9,,
先手,13,,
先手,13,,
先手,11,,
先手,11,,
先手,11,,
先手,11,,
先手,13,,
先手,11,,
先手,13,,
先手,11,,
先手,11,,
先手,13,,
先手,11,,
先手,13,,
先手,9,,
先手,11,,
先手,9,,
先手,13,,
先手,11,,
先手,9,,
先手,9,,
先手,15,,
先手,11,,
先手,13,,
先手,11,,
先手,13,,
先手,11,,
先手,13,,
先手,13,,
先手,11,,
先手,9,,
先手,11,,
先手,13,,
先手,11,,
先手,11,,
先手,11,,
先手,11,,
先手,11,,
先手,13,,
先手,13,,
先手,9,,
先手,11,,
先手,11,,
先手,11,,
先手,13,,
先手,13,,
先手,11,,
先手,11,,
先手,13,,
先手,11,,
先手,13,,
先手,11,,
先手,11,,
先手,11,,
先手,11,,
先手,13,,
先手,11,,
先手,9,,
先手,11,,
先手,9,,
先手,11,,
先手,13,,
先手,11,,
先手,11,,
先手,11,,
先手,11,,
先手,11,,
先手,11,,
先手,15,,
先手,13,,
先手,13,,
先手,13,,
先手,13,,
先手,11,,
先手,11,,
先手,11,,
先手,11,,
先手,11,,
先手,9,,
先手,9,,
先手,13,,
先手,11,,
先手,11,,
先手,11,,
先手,9,,
先手,11,,
先手,11,,
先手,13,,
先手,9,,
先手,13,,
先手,13,,
先手,9,,
先手,11,,
先手,13,,
先手,11,,
先手,13,,
先手,13,,
先手,11,,
先手,13,,
先手,11,,
先手,13,,
先手,15,,
先手,11,,
先手,13,,
先手,9,,
先手,11,,
先手,11,,
先手,9,,
先手,9,,
先手,9,,
先手,11,,
先手,9,,
先手,13,,
先手,13,,
先手,11,,
先手,13,,
先手,9,,
先手,9,,
先手,11,,
先手,11,,
先手,13,,
先手,11,,
先手,11,,
先手,9,,
先手,9,,
先手,13,,
先手,9,,
先手,13,,
先手,11,,
先手,11,,
先手,9,,
先手,11,,
先手,11,,
先手,9,,
先手,11,,
先手,13,,
先手,11,,
先手,9,,
先手,7,,
先手,11,,
先手,13,,
先手,13,,
先手,11,,
先手,15,,
先手,13,,
先手,11,,
先手,15,,
先手,11,,
先手,9,,
先手,13,,
先手,13,,
先手,11,,
先手,11,,
先手,13,,
先手,11,,
先手,11,,
先手,15,,
先手,11,,
先手,13,,
先手,13,,
先手,9,,
先手,9,,
先手,11,,
先手,11,,
先手,13,,
先手,13,,
先手,11,,
先手,13,,
先手,11,,
先手,11,,
先手,9,,
先手,11,,
先手,11,,
先手,9,,
先手,13,,
先手,11,,
先手,13,,
先手,9,,
先手,9,,
先手,13,,
先手,11,,
先手,11,,
先手,9,,
先手,11,,
先手,11,,
先手,11,,
先手,11,,
先手,13,,
先手,11,,
先手,11,,
先手,13,,
先手,11,,
先手,11,,
先手,9,,
先手,9,,
先手,13,,
先手,13,,
先手,15,,
先手,11,,
先手,13,,
先手,9,,
先手,13,,
先手,13,,
先手,11,,
先手,13,,
先手,11,,
先手,11,,
先手,15,,
先手,9,,
先手,9,,
先手,11,,
先手,13,,
先手,11,,
先手,9,,
先手,13,,
先手,9,,
先手,13,,
先手,9,,
先手,9,,
先手,15,,
先手,9,,
先手,11,,
先手,13,,
先手,11,,
先手,13,,
先手,13,,
先手,11,,
先手,11,,
先手,13,,
先手,11,,
先手,15,,
先手,11,,
先手,13,,
先手,11,,
先手,13,,
先手,13,,
先手,11,,
先手,11,,
先手,17,,
先手,11,,
先手,15,,
先手,11,,
先手,13,,
先手,11,,
先手,13,,
先手,9,,
先手,13,,
先手,13,,
先手,11,,
先手,11,,
先手,13,,
先手,11,,
先手,11,,
先手,11,,
先手,9,,
先手,13,,
先手,11,,
先手,13,,
先手,11,,
先手,11,,
先手,13,,
先手,13,,
先手,9,,
先手,11,,
先手,13,,
先手,11,,
先手,13,,
先手,13,,
先手,13,,
先手,9,,
先手,11,,
先手,13,,
先手,11,,
先手,11,,
先手,11,,
先手,13,,
先手,13,,
先手,13,,
先手,11,,
先手,11,,
先手,15,,
先手,15,,
先手,9,,
先手,11,,
先手,9,,
先手,11,,
先手,15,,
先手,11,,
先手,11,,
先手,9,,
先手,9,,
先手,11,,
先手,11,,
先手,11,,
先手,13,,
先手,13,,
先手,13,,
先手,13,,
先手,13,,
先手,11,,
先手,13,,
先手,13,,
先手,11,,
先手,9,,
先手,11,,
先手,15,,
先手,13,,
先手,13,,
先手,13,,
先手,11,,
先手,13,,
先手,9,,
先手,11,,
先手,9,,
先手,11,,
先手,13,,
先手,11,,
先手,9,,
先手,11,,
先手,13,,
先手,11,,
先手,11,,
先手,11,,
先手,11,,
先手,11,,
先手,15,,
先手,9,,
先手,13,,
先手,13,,
先手,11,,
先手,11,,
先手,13,,
先手,11,,
先手,11,,
先手,11,,
先手,9,,
先手,11,,
先手,9,,
先手,13,,
先手,13,,
先手,9,,
先手,13,,
先手,11,,
先手,11,,
先手,13,,
先手,15,,
先手,11,,
先手,11,,
先手,9,,
先手,9,,
先手,11,,
先手,13,,
先手,13,,
先手,13,,
先手,11,,
先手,11,,
先手,13,,
先手,13,,
先手,11,,
先手,9,,
先手,13,,
先手,13,,
先手,9,,
先手,13,,
先手,13,,
先手,11,,
先手,11,,
先手,9,,
先手,13,,
先手,9,,
先手,13,,
先手,9,,
先手,13,,
先手,11,,
先手,11,,
先手,13,,
先手,13,,
先手,9,,
先手,15,,
先手,11,,
先手,11,,
先手,13,,
先手,13,,
先手,11,,
先手,9,,
先手,11,,
先手,11,,
先手,9,,
先手,13,,
先手,11,,
先手,13,,
先手,13,,
先手,9,,
先手,13,,
先手,13,,
先手,11,,
先手,11,,
先手,9,,
先手,9,,
先手,13,,
先手,11,,
先手,13,,
先手,11,,
先手,11,,
先手,11,,
先手,11,,
先手,11,,
先手,13,,
先手,13,,
先手,11,,
先手,9,,
先手,11,,
先手,11,,
先手,9,,
先手,13,,
先手,11,,
先手,11,,
先手,11,,
先手,13,,
先手,11,,
先手,11,,
先手,11,,
先手,17,,
先手,11,,
先手,13,,
先手,13,,
先手,9,,
先手,13,,
先手,13,,
先手,11,,
先手,11,,
先手,15,,
先手,9,,
先手,9,,
先手,11,,
先手,11,,
先手,11,,
先手,11,,
先手,11,,
先手,11,,
先手,11,,
先手,13,,
先手,11,,
先手,13,,
先手,11,,
先手,11,,
先手,11,,
先手,11,,
先手,11,,
先手,13,,
先手,11,,
先手,11,,
先手,13,,
先手,13,,
先手,11,,
先手,9,,
先手,9,,
先手,13,,
先手,9,,
先手,11,,
先手,11,,
先手,11,,
先手,13,,
先手,11,,
先手,13,,
先手,11,,
先手,9,,
先手,9,,
先手,11,,
先手,13,,
先手,11,,
先手,13,,
先手,15,,
先手,11,,
先手,9,,
先手,9,,
先手,11,,
先手,13,,
先手,13,,
先手,9,,
先手,13,,
先手,13,,
先手,11,,
先手,11,,
先手,11,,
先手,11,,
先手,15,,
先手,11,,
先手,13,,
先手,13,,
先手,13,,
先手,11,,
先手,15,,
先手,11,,
先手,13,,
先手,11,,
先手,9,,
先手,11,,
先手,11,,
先手,9,,
先手,11,,
先手,11,,
先手,11,,
先手,11,,
先手,13,,
先手,11,,
先手,11,,
先手,9,,
先手,9,,
先手,13,,
先手,13,,
先手,11,,
先手,13,,
先手,13,,
先手,11,,
先手,9,,
先手,13,,
先手,11,,
先手,11,,
先手,11,,
先手,9,,
先手,11,,
先手,11,,
先手,11,,
先手,13,,
先手,11,,
先手,11,,
先手,15,,
先手,15,,
先手,11,,
先手,9,,
先手,11,,
先手,11,,
先手,11,,
先手,13,,
先手,13,,
先手,15,,
先手,13,,
先手,9,,
先手,11,,
先手,11,,
先手,9,,
先手,11,,
先手,11,,
先手,11,,
先手,11,,
先手,9,,
先手,11,,
先手,11,,
先手,9,,
先手,11,,
先手,13,,
先手,11,,
先手,13,,
先手,11,,
先手,9,,
先手,11,,
先手,11,,
先手,11,,
先手,11,,
先手,13,,
先手,11,,
先手,13,,
先手,13,,
先手,11,,
先手,9,,
先手,9,,
先手,11,,
先手,9,,
先手,13,,
先手,11,,
先手,11,,
先手,11,,
先手,11,,
先手,9,,
先手,15,,
先手,13,,
先手,15,,
先手,11,,
先手,9,,
先手,13,,
先手,13,,
先手,11,,
先手,15,,
先手,13,,
先手,11,,
先手,11,,
先手,15,,
先手,13,,
先手,15,,
先手,11,,
先手,9,,
先手,11,,
先手,11,,
先手,11,,
先手,9,,
先手,11,,
先手,13,,
先手,9,,
先手,11,,
先手,13,,
先手,9,,
先手,13,,
先手,13,,
先手,9,,
先手,13,,
先手,9,,
先手,11,,
先手,13,,
先手,11,,
先手,15,,
先手,15,,
先手,11,,
先手,11,,
先手,9,,
先手,13,,
先手,11,,
先手,11,,
先手,13,,
先手,9,,
先手,9,,
先手,15,,
先手,11,,
先手,13,,
先手,13,,
先手,9,,
先手,11,,
先手,13,,
先手,11,,
先手,13,,
先手,11,,
先手,9,,
先手,11,,
先手,13,,
先手,11,,
先手,11,,
先手,13,,
先手,11,,
先手,11,,
先手,11,,
先手,11,,
先手,11,,
先手,13,,
先手,11,,
先手,11,,
先手,11,,
先手,11,,
先手,11,,
先手,13,,
先手,11,,
先手,13,,
先手,9,,
先手,9,,
先手,15,,
先手,13,,
先手,15,,
先手,11,,
先手,9,,
先手,11,,
先手,11,,
先手,13,,
先手,11,,
先手,9,,
先手,11,,
先手,11,,
先手,13,,
先手,11,,
先手,11,,
先手,13,,
先手,9,,
先手,13,,
先手,13,,
先手,11,,
先手,15,,
先手,13,,
先手,11,,
先手,11,,
先手,9,,
先手,11,,
先手,13,,
先手,11,,
先手,9,,
先手,13,,
先手,13,,
先手,11,,
先手,11,,
先手,9,,
先手,11,,
先手,11,,
先手,13,,
先手,13,,
先手,13,,
先手,11,,
先手,13,,
先手,9,,
先手,11,,
先手,11,,
先手,11,,
先手,9,,
先手,9,,
先手,9,,
先手,11,,
先手,11,,
先手,11,,
先手,13,,
先手,11,,
先手,11,,
先手,11,,
先手,11,,
先手,11,,
先手,11,,
先手,11,,
先手,11,,
先手,15,,
先手,13,,
先手,11,,
先手,11,,
先手,11,,
先手,13,,
先手,11,,
先手,11,,
先手,13,,
先手,11,,
先手,11,,
先手,11,,
先手,11,,
先手,13,,
先手,11,,
先手,13,,
先手,11,,
先手,11,,
先手,11,,
先手,11,,
先手,15,,
先手,11,,
先手,9,,
先手,11,,
先手,13,,
先手,13,,
先手,13,,
先手,9,,
先手,11,,
先手,11,,
先手,15,,
先手,11,,
先手,13,,
先手,11,,
先手,11,,
先手,13,,
先手,13,,
先手,11,,
先手,13,,
先手,11,,
先手,15,,
先手,11,,
先手,13,,
先手,15,,
先手,9,,
先手,11,,
先手,11,,
先手,11,,
先手,13,,
先手,11,,
先手,15,,
先手,11,,
先手,9,,
先手,13,,
先手,13,,
先手,11,,
先手,13,,
先手,11,,
先手,13,,
先手,13,,
先手,13,,
先手,9,,
先手,11,,
先手,9,,
先手,15,,
先手,15,,
先手,13,,
先手,13,,
先手,13,,
先手,9,,
先手,9,,
先手,13,,
先手,13,,
先手,13,,
先手,13,,
先手,9,,
先手,9,,
先手,11,,
先手,13,,
先手,13,,
先手,11,,
先手,11,,
先手,9,,
先手,13,,
先手,15,,
先手,11,,
先手,15,,
先手,11,,
先手,9,,
先手,9,,
先手,13,,
先手,13,,
先手,9,,
先手,15,,
先手,9,,
先手,13,,
先手,11,,
先手,11,,
先手,13,,
先手,11,,
先手,11,,
先手,13,,
先手,11,,
先手,11,,
先手,13,,
先手,9,,
先手,11,,
先手,11,,
先手,13,,
先手,11,,
先手,13,,
先手,9,,
先手,13,,
先手,11,,
先手,9,,
先手,13,,
先手,13,,
先手,13,,
先手,11,,
先手,11,,
先手,9,,
先手,13,,
先手,11,,
先手,11,,
先手,11,,
先手,9,,
先手,11,,
先手,11,,
先手,11,,
先手,11,,
先手,9,,
先手,13,,
先手,13,,
先手,11,,
先手,11,,
先手,13,,
先手,13,,
先手,11,,
先手,11,,
先手,13,,
先手,11,,
先手,13,,
先手,11,,
先手,9,,
先手,11,,
先手,9,,
先手,11,,
先手,11,,
先手,11,,
先手,15,,
先手,13,,
先手,9,,
先手,15,,
先手,11,,
先手,11,,
先手,11,,
先手,11,,
先手,11,,
先手,13,,
先手,13,,
先手,15,,
先手,11,,
先手,11,,
先手,11,,
先手,11,,
先手,13,,
先手,15,,
先手,13,,
先手,9,,
先手,11,,
先手,13,,
先手,13,,
先手,11,,
先手,11,,
先手,13,,
先手,11,,
先手,13,,
先手,15,,
先手,11,,
先手,13,,
先手,11,,
先手,11,,
先手,11,,
先手,11,,
先手,11,,
先手,9,,
先手,9,,
先手,11,,
先手,13,,
先手,11,,
先手,13,,
先手,11,,
先手,11,,
先手,11,,
先手,11,,
先手,13,,
先手,11,,
先手,11,,
先手,13,,
先手,11,,
先手,9,,
先手,11,,
先手,9,,
先手,9,,
先手,11,,
先手,11,,
先手,11,,
先手,13,,
先手,11,,
先手,11,,
先手,13,,
先手,13,,
先手,13,,
先手,13,,
先手,13,,
先手,13,,
先手,13,,
先手,11,,
先手,9,,
先手,11,,
先手,11,,
先手,11,,
先手,11,,
先手,13,,
先手,13,,
先手,11,,
先手,9,,
先手,13,,
先手,11,,
先手,11,,
先手,9,,
先手,11,,
先手,9,,
先手,11,,
先手,11,,
先手,9,,
先手,11,,
先手,13,,
先手,13,,
先手,11,,
先手,11,,
先手,13,,
先手,11,,
先手,11,,
先手,11,,
先手,11,,
先手,11,,
先手,9,,
先手,11,,
先手,13,,
先手,11,,
先手,9,,
先手,13,,
先手,13,,
先手,13,,
先手,13,,
先手,9,,
先手,15,,
先手,11,,
先手,13,,
先手,15,,
先手,11,,
先手,13,,
先手,9,,
先手,11,,
先手,13,,
先手,11,,
先手,13,,
先手,13,,
先手,11,,
先手,9,,
先手,15,,
先手,11,,
先手,11,,
先手,11,,
先手,13,,
先手,11,,
先手,15,,
先手,13,,
先手,13,,
先手,11,,
先手,11,,
先手,11,,
先手,9,,
先手,13,,
先手,13,,
先手,11,,
先手,11,,
先手,13,,
先手,11,,
先手,11,,
先手,11,,
先手,11,,
先手,9,,
先手,11,,
先手,9,,
先手,13,,
先手,11,,
先手,13,,
先手,11,,
先手,15,,
先手,11,,
先手,11,,
先手,13,,
先手,11,,
先手,11,,
先手,13,,
先手,11,,
先手,11,,
先手,11,,
先手,11,,
先手,9,,
先手,9,,
先手,11,,
先手,9,,
先手,13,,
先手,11,,
先手,15,,
先手,11,,
先手,15,,
先手,11,,
先手,13,,
先手,13,,
先手,9,,
先手,13,,
先手,15,,
先手,13,,
先手,15,,
先手,11,,
先手,13,,
先手,11,,
先手,13,,
先手,9,,
先手,11,,
先手,13,,
先手,11,,
先手,9,,
先手,11,,
先手,11,,
先手,9,,
先手,9,,
先手,11,,
先手,11,,
先手,11,,
先手,11,,
先手,11,,
先手,13,,
先手,11,,
先手,13,,
先手,15,,
先手,15,,
先手,11,,
先手,11,,
先手,11,,
先手,11,,
先手,9,,
先手,13,,
先手,11,,
先手,15,,
先手,13,,
先手,13,,
先手,11,,
先手,15,,
先手,15,,
先手,15,,
先手,11,,
先手,9,,
先手,9,,
先手,13,,
先手,13,,
先手,11,,
先手,9,,
先手,9,,
先手,11,,
先手,11,,
先手,13,,
先手,7,,
先手,11,,
先手,13,,
先手,15,,
先手,11,,
先手,13,,
先手,13,,
先手,11,,
先手,11,,
先手,11,,
先手,11,,
先手,11,,
先手,11,,
先手,11,,
先手,17,,
先手,11,,
先手,13,,
先手,13,,
先手,9,,
先手,11,,
先手,13,,
先手,11,,
先手,9,,
先手,11,,
先手,9,,
先手,11,,
先手,9,,
先手,13,,
先手,11,,
先手,11,,
先手,11,,
先手,11,,
先手,15,,
先手,11,,
先手,13,,
先手,11,,
先手,13,,
先手,11,,
先手,9,,
先手,11,,
先手,13,,
先手,11,,
先手,11,,
先手,15,,
先手,11,,
先手,11,,
先手,9,,
先手,11,,
先手,15,,
先手,13,,
先手,11,,
先手,13,,
先手,11,,
先手,11,,
先手,13,,
先手,11,,
先手,9,,
先手,9,,
先手,11,,
先手,13,,
先手,13,,
先手,13,,
先手,11,,
先手,11,,
先手,13,,
先手,11,,
先手,15,,
先手,13,,
先手,11,,
先手,13,,
先手,11,,
先手,13,,
先手,13,,
先手,11,,
先手,11,,
先手,13,,
先手,11,,
先手,13,,
先手,13,,
先手,9,,
先手,11,,
先手,9,,
先手,13,,
先手,11,,
先手,9,,
先手,13,,
先手,13,,
先手,11,,
先手,13,,
先手,11,,
先手,13,,
先手,11,,
先手,11,,
先手,13,,
先手,11,,
先手,9,,
先手,9,,
先手,11,,
先手,15,,
先手,11,,
先手,9,,
先手,11,,
先手,11,,
先手,11,,
先手,11,,
先手,9,,
先手,13,,
先手,9,,
先手,13,,
先手,11,,
先手,9,,
先手,9,,
先手,11,,
先手,11,,
先手,13,,
先手,11,,
先手,13,,
先手,13,,
先手,11,,
先手,11,,
先手,9,,
先手,9,,
先手,13,,
先手,9,,
先手,13,,
先手,11,,
先手,11,,
先手,11,,
先手,7,,
先手,9,,
先手,11,,
先手,13,,
先手,11,,
先手,11,,
先手,13,,
先手,9,,
先手,17,,
先手,13,,
先手,9,,
先手,13,,
先手,11,,
先手,11,,
先手,11,,
先手,11,,
先手,9,,
先手,9,,
先手,13,,
先手,13,,
先手,13,,
先手,11,,
先手,13,,
先手,11,,
先手,13,,
先手,15,,
先手,15,,
先手,15,,
先手,11,,
先手,11,,
先手,9,,
先手,11,,
先手,11,,
先手,11,,
先手,13,,
先手,9,,
先手,11,,
先手,11,,
先手,13,,
先手,11,,
先手,11,,
先手,11,,
先手,11,,
先手,11,,
先手,13,,
先手,11,,
先手,11,,
先手,11,,
先手,13,,
先手,13,,
先手,11,,
先手,11,,
先手,9,,
先手,9,,
先手,11,,
先手,13,,
先手,11,,
先手,9,,
先手,13,,
先手,11,,
先手,13,,
先手,11,,
先手,13,,
先手,11,,
先手,9,,
先手,15,,
先手,13,,
先手,11,,
先手,13,,
先手,13,,
先手,13,,
先手,13,,
先手,11,,
先手,9,,
先手,11,,
先手,9,,
先手,13,,
先手,11,,
先手,13,,
先手,13,,
先手,9,,
先手,11,,
先手,13,,
先手,13,,
先手,13,,
先手,9,,
先手,9,,
先手,11,,
先手,9,,
先手,13,,
先手,15,,
先手,13,,
先手,13,,
先手,13,,
先手,11,,
先手,13,,
先手,11,,
先手,9,,
先手,15,,
先手,9,,
先手,11,,
先手,13,,
先手,11,,
先手,11,,
先手,13,,
先手,11,,
先手,15,,
先手,11,,
先手,13,,
先手,13,,
先手,13,,
先手,11,,
先手,13,,
先手,15,,
先手,13,,
先手,9,,
先手,11,,
先手,13,,
先手,11,,
先手,15,,
先手,13,,
先手,11,,
先手,15,,
先手,11,,
先手,9,,
先手,11,,
先手,11,,
先手,13,,
先手,9,,
先手,11,,
先手,11,,
先手,11,,
先手,11,,
先手,13,,
先手,11,,
先手,13,,
先手,13,,
先手,11,,
先手,11,,
先手,9,,
先手,11,,
先手,11,,
先手,15,,
先手,11,,
先手,11,,
先手,13,,
先手,11,,
先手,15,,
先手,11,,
先手,11,,
先手,9,,
先手,13,,
先手,13,,
先手,9,,
先手,13,,
先手,11,,
先手,11,,
先手,11,,
先手,13,,
先手,11,,
先手,11,,
先手,13,,
先手,13,,
先手,9,,
先手,13,,
先手,11,,
先手,13,,
先手,9,,
先手,11,,
先手,9,,
先手,9,,
先手,9,,
先手,13,,
先手,11,,
先手,9,,
先手,11,,
先手,9,,
先手,13,,
先手,11,,
先手,9,,
先手,11,,
先手,11,,
先手,9,,
先手,11,,
先手,15,,
先手,15,,
先手,11,,
先手,11,,
先手,13,,
先手,9,,
先手,9,,
先手,9,,
先手,11,,
先手,11,,
先手,11,,
先手,11,,
先手,13,,
先手,15,,
先手,11,,
先手,9,,
先手,11,,
先手,11,,
先手,13,,
先手,11,,
先手,13,,
先手,11,,
先手,9,,
先手,13,,
先手,11,,
先手,13,,
先手,13,,
先手,13,,
先手,11,,
先手,9,,
先手,11,,
先手,9,,
先手,11,,
先手,9,,
先手,15,,
先手,11,,
先手,11,,
先手,11,,
先手,11,,
先手,7,,
先手,11,,
先手,9,,
先手,11,,
先手,11,,
先手,13,,
先手,13,,
先手,13,,
先手,13,,
先手,13,,
先手,11,,
先手,13,,
先手,9,,
先手,13,,
先手,11,,
先手,9,,
先手,11,,
先手,11,,
先手,9,,
先手,9,,
先手,11,,
先手,13,,
先手,9,,
先手,11,,
先手,9,,
先手,13,,
先手,13,,
先手,13,,
先手,11,,
先手,11,,
先手,11,,
先手,11,,
先手,11,,
先手,11,,
先手,11,,
先手,11,,
先手,13,,
先手,11,,
先手,13,,
先手,13,,
先手,11,,
先手,13,,
先手,13,,
先手,13,,
先手,15,,
先手,9,,
先手,13,,
先手,9,,
先手,11,,
先手,11,,
先手,15,,
先手,11,,
先手,11,,
先手,13,,
先手,13,,
先手,11,,
先手,13,,
先手,11,,
先手,13,,
先手,11,,
先手,11,,
先手,9,,
先手,11,,
先手,11,,
先手,13,,
先手,11,,
先手,13,,
先手,13,,
先手,11,,
先手,11,,
先手,13,,
先手,9,,
先手,13,,
先手,11,,
先手,11,,
先手,11,,
先手,9,,
先手,13,,
先手,11,,
先手,11,,
先手,11,,
先手,9,,
先手,15,,
先手,11,,
先手,13,,
先手,13,,
先手,13,,
先手,13,,
先手,11,,
先手,11,,
先手,13,,
先手,11,,
先手,11,,
先手,11,,
先手,11,,
先手,11,,
先手,11,,
先手,9,,
先手,11,,
先手,13,,
先手,11,,
先手,13,,
先手,13,,
先手,15,,
先手,11,,
先手,11,,
先手,13,,
先手,11,,
先手,13,,
先手,11,,
先手,11,,
先手,13,,
先手,11,,
先手,13,,
先手,11,,
先手,9,,
先手,9,,
先手,15,,
先手,11,,
先手,11,,
先手,11,,
先手,11,,
先手,11,,
先手,15,,
先手,13,,
先手,13,,
先手,11,,
先手,11,,
先手,13,,
先手,13,,
先手,9,,
先手,13,,
先手,11,,
先手,15,,
先手,11,,
先手,11,,
先手,11,,
先手,13,,
先手,13,,
先手,13,,
先手,11,,
先手,13,,
先手,13,,
先手,11,,
先手,11,,
先手,11,,
先手,13,,
先手,13,,
先手,11,,
先手,11,,
先手,9,,
先手,11,,
先手,11,,
先手,11,,
先手,13,,
先手,9,,
先手,13,,
先手,13,,
先手,11,,
先手,13,,
先手,11,,
先手,11,,
先手,11,,
先手,11,,
先手,11,,
先手,11,,
先手,11,,
先手,13,,
先手,15,,
先手,11,,
先手,11,,
先手,11,,
先手,11,,
先手,11,,
先手,11,,
先手,11,,
先手,13,,
先手,11,,
先手,11,,
先手,11,,
先手,11,,
先手,13,,
先手,9,,
先手,11,,
先手,11,,
先手,11,,
先手,15,,
先手,13,,
先手,9,,
先手,13,,
先手,13,,
先手,13,,
先手,11,,
先手,9,,
先手,11,,
先手,11,,
先手,9,,
先手,11,,
先手,11,,
先手,11,,
先手,9,,
先手,13,,
先手,11,,
先手,9,,
先手,11,,
先手,11,,
先手,11,,
先手,11,,
先手,11,,
先手,9,,
先手,9,,
先手,11,,
先手,13,,
先手,11,,
先手,11,,
先手,11,,
先手,15,,
先手,11,,
先手,11,,
先手,11,,
先手,13,,
先手,13,,
先手,15,,
先手,11,,
先手,11,,
先手,9,,
先手,13,,
先手,11,,
先手,9,,
先手,11,,
先手,13,,
先手,9,,
先手,9,,
先手,13,,
先手,9,,
先手,11,,
先手,9,,
先手,11,,
先手,13,,
先手,13,,
先手,11,,
先手,11,,
先手,13,,
先手,11,,
先手,13,,
先手,13,,
先手,11,,
先手,13,,
先手,13,,
先手,11,,
先手,13,,
先手,11,,
先手,11,,
先手,9,,
先手,9,,
先手,9,,
先手,11,,
先手,11,,
先手,13,,
先手,11,,
先手,11,,
先手,9,,
先手,9,,
先手,9,,
先手,11,,
先手,13,,
先手,13,,
先手,9,,
先手,9,,
先手,13,,
先手,15,,
先手,11,,
先手,13,,
先手,13,,
先手,13,,
先手,13,,
先手,9,,
先手,13,,
先手,13,,
先手,11,,
先手,11,,
先手,13,,
先手,11,,
先手,9,,
先手,11,,
先手,11,,
先手,15,,
先手,13,,
先手,11,,
先手,11,,
先手,11,,
先手,11,,
先手,11,,
先手,13,,
先手,13,,
先手,11,,
先手,11,,
先手,11,,
先手,13,,
先手,13,,
先手,11,,
先手,13,,
先手,11,,
先手,9,,
先手,11,,
先手,13,,
先手,13,,
先手,11,,
先手,11,,
先手,11,,
先手,11,,
先手,15,,
先手,9,,
先手,11,,
先手,13,,
先手,11,,
先手,11,,
先手,13,,
先手,13,,
先手,15,,
先手,11,,
先手,9,,
先手,11,,
先手,11,,
先手,15,,
先手,11,,
先手,13,,
先手,9,,
先手,13,,
先手,9,,
先手,9,,
先手,11,,
先手,11,,
先手,13,,
先手,13,,
先手,13,,
先手,9,,
先手,9,,
先手,11,,
先手,11,,
先手,13,,
先手,11,,
先手,13,,
先手,13,,
先手,11,,
先手,17,,
先手,11,,
先手,13,,
先手,11,,
先手,9,,
先手,9,,
先手,11,,
先手,11,,
先手,13,,
先手,11,,
先手,11,,
先手,15,,
先手,15,,
先手,11,,
先手,13,,
先手,13,,
先手,13,,
先手,11,,
先手,11,,
先手,13,,
先手,15,,
先手,9,,
先手,9,,
先手,11,,
先手,15,,
先手,11,,
先手,11,,
先手,13,,
先手,11,,
先手,15,,
先手,11,,
先手,11,,
先手,11,,
先手,11,,
先手,13,,
先手,9,,
先手,11,,
先手,13,,
先手,13,,
先手,9,,
先手,11,,
先手,11,,
先手,11,,
先手,11,,
先手,11,,
先手,11,,
先手,11,,
先手,13,,
先手,11,,
先手,11,,
先手,11,,
先手,11,,
先手,11,,
先手,13,,
先手,11,,
先手,15,,
先手,7,,
先手,9,,
先手,11,,
先手,9,,
先手,11,,
先手,13,,
先手,11,,
先手,13,,
先手,13,,
先手,11,,
先手,13,,
先手,11,,
先手,17,,
先手,13,,
先手,11,,
先手,11,,
先手,13,,
先手,11,,
先手,13,,
先手,11,,
先手,9,,
先手,13,,
先手,15,,
先手,11,,
先手,11,,
先手,13,,
先手,13,,
先手,11,,
先手,11,,
先手,13,,
先手,13,,
先手,15,,
先手,9,,
先手,11,,
先手,9,,
先手,9,,
先手,11,,
先手,7,,
先手,13,,
先手,13,,
先手,13,,
先手,11,,
先手,13,,
先手,13,,
先手,9,,
先手,15,,
先手,11,,
先手,9,,
先手,13,,
先手,11,,
先手,11,,
先手,11,,
先手,11,,
先手,11,,
先手,11,,
先手,11,,
先手,13,,
先手,11,,
先手,13,,
先手,13,,
先手,11,,
先手,11,,
先手,11,,
先手,11,,
先手,15,,
先手,9,,
先手,13,,
先手,11,,
先手,13,,
先手,9,,
先手,13,,
先手,13,,
先手,13,,
先手,15,,
先手,9,,
先手,13,,
先手,11,,
先手,13,,
先手,9,,
先手,11,,
先手,9,,
先手,11,,
先手,9,,
先手,11,,
先手,9,,
先手,11,,
先手,11,,
先手,11,,
先手,11,,
先手,11,,
先手,11,,
先手,11,,
先手,9,,
先手,9,,
先手,11,,
先手,11,,
先手,13,,
先手,9,,
先手,9,,
先手,9,,
先手,11,,
先手,13,,
先手,11,,
先手,13,,
先手,13,,
先手,9,,
先手,11,,
先手,13,,
先手,11,,
先手,13,,
先手,11,,
先手,11,,
先手,11,,
先手,11,,
先手,9,,
先手,13,,
先手,13,,
先手,13,,
先手,11,,
先手,13,,
先手,11,,
先手,11,,
先手,13,,
先手,15,,
先手,9,,
先手,11,,
先手,9,,
先手,9,,
先手,13,,
先手,13,,
先手,9,,
先手,13,,
先手,11,,
先手,11,,
先手,11,,
先手,11,,
先手,13,,
先手,9,,
先手,9,,
先手,13,,
先手,17,,
先手,9,,
先手,9,,
先手,9,,
先手,11,,
先手,15,,
先手,13,,
先手,11,,
先手,13,,
先手,13,,
先手,9,,
先手,11,,
先手,11,,
先手,7,,
先手,11,,
先手,9,,
先手,11,,
先手,11,,
先手,9,,
先手,15,,
先手,11,,
先手,13,,
先手,11,,
先手,13,,
先手,13,,
先手,11,,
先手,13,,
先手,9,,
先手,9,,
先手,11,,
先手,11,,
先手,11,,
先手,11,,
先手,11,,
先手,13,,
先手,13,,
先手,11,,
先手,11,,
先手,13,,
先手,11,,
先手,13,,
先手,11,,
先手,11,,
先手,9,,
先手,9,,
先手,15,,
先手,13,,
先手,11,,
先手,11,,
先手,11,,
先手,13,,
先手,13,,
先手,11,,
先手,11,,
先手,13,,
先手,11,,
先手,9,,
先手,9,,
先手,11,,
先手,13,,
先手,11,,
先手,13,,
先手,13,,
先手,11,,
先手,11,,
先手,11,,
先手,11,,
先手,11,,
先手,13,,
先手,11,,
先手,11,,
先手,13,,
先手,11,,
先手,9,,
先手,11,,
先手,11,,
先手,11,,
先手,15,,
先手,11,,
先手,11,,
先手,9,,
先手,11,,
先手,13,,
先手,11,,
先手,13,,
先手,11,,
先手,11,,
先手,11,,
先手,13,,
先手,11,,
先手,9,,
先手,15,,
先手,13,,
先手,13,,
先手,9,,
先手,15,,
先手,11,,
先手,13,,
先手,11,,
先手,9,,
先手,11,,
先手,11,,
先手,13,,
先手,11,,
先手,13,,
先手,13,,
先手,9,,
先手,11,,
先手,11,,
先手,11,,
先手,11,,
先手,11,,
先手,11,,
先手,13,,
先手,15,,
先手,15,,
先手,9,,
先手,13,,
先手,15,,
先手,9,,
先手,9,,
先手,9,,
先手,9,,
先手,9,,
先手,11,,
先手,11,,
先手,13,,
先手,11,,
先手,15,,
先手,9,,
先手,11,,
先手,13,,
先手,11,,
先手,13,,
先手,9,,
先手,13,,
先手,11,,
先手,13,,
先手,15,,
先手,9,,
先手,13,,
先手,11,,
先手,13,,
先手,11,,
先手,13,,
先手,9,,
先手,9,,
先手,11,,
先手,11,,
先手,13,,
先手,11,,
先手,9,,
先手,13,,
先手,11,,
先手,9,,
先手,13,,
先手,11,,
先手,11,,
先手,13,,
先手,13,,
先手,9,,
先手,11,,
先手,15,,
先手,11,,
先手,11,,
先手,11,,
先手,9,,
先手,11,,
先手,13,,
先手,11,,
先手,9,,
先手,11,,
先手,11,,
先手,9,,
先手,11,,
先手,11,,
先手,11,,
先手,13,,
先手,11,,
先手,11,,
先手,9,,
先手,9,,
先手,11,,
先手,11,,
先手,11,,
先手,11,,
先手,9,,
先手,11,,
先手,11,,
先手,13,,
先手,13,,
先手,11,,
先手,9,,
先手,11,,
先手,13,,
先手,13,,
先手,13,,
先手,11,,
先手,13,,
先手,11,,
先手,11,,
先手,13,,
先手,9,,
先手,11,,
先手,11,,
先手,11,,
先手,11,,
先手,11,,
先手,9,,
先手,11,,
先手,11,,
先手,11,,
先手,11,,
先手,9,,
先手,13,,
先手,11,,
先手,9,,
先手,11,,
先手,9,,
先手,9,,
先手,11,,
先手,13,,
先手,9,,
先手,15,,
先手,11,,
先手,9,,
先手,9,,
先手,13,,
先手,11,,
先手,13,,
先手,11,,
先手,13,,
先手,11,,
先手,11,,
先手,11,,
先手,13,,
先手,13,,
先手,13,,
先手,11,,
先手,11,,
先手,13,,
先手,11,,
先手,11,,
先手,13,,
先手,13,,
先手,11,,
先手,11,,
先手,11,,
先手,13,,
先手,11,,
先手,15,,
先手,13,,
先手,11,,
先手,13,,
先手,11,,
先手,13,,
先手,13,,
先手,13,,
先手,13,,
先手,11,,
先手,13,,
先手,9,,
先手,13,,
先手,11,,
先手,11,,
先手,11,,
先手,13,,
先手,11,,
先手,11,,
先手,11,,
先手,13,,
先手,11,,
先手,9,,
先手,13,,
先手,13,,
先手,13,,
先手,11,,
先手,13,,
先手,11,,
先手,11,,
先手,9,,
先手,11,,
先手,11,,
先手,9,,
先手,9,,
先手,15,,
先手,9,,
先手,11,,
先手,13,,
先手,11,,
先手,11,,
先手,11,,
先手,13,,
先手,11,,
先手,11,,
先手,9,,
先手,13,,
先手,13,,
先手,9,,
先手,11,,
先手,11,,
先手,15,,
先手,13,,
先手,15,,
先手,11,,
先手,13,,
先手,11,,
先手,9,,
先手,9,,
先手,11,,
先手,11,,
先手,9,,
先手,13,,
先手,11,,
先手,13,,
先手,9,,
先手,11,,
先手,11,,
先手,15,,
先手,11,,
先手,11,,
先手,9,,
先手,11,,
先手,11,,
先手,13,,
先手,11,,
先手,13,,
先手,13,,
先手,9,,
先手,11,,
先手,13,,
先手,11,,
先手,13,,
先手,9,,
先手,13,,
先手,13,,
先手,13,,
先手,13,,
先手,13,,
先手,11,,
先手,11,,
先手,9,,
後手,14,,
後手,14,,
後手,10,,
後手,12,,
後手,10,,
後手,10,,
後手,12,,
後手,12,,
後手,12,,
後手,14,,
後手,14,,
後手,12,,
後手,14,,
後手,12,,
後手,14,,
後手,10,,
後手,10,,
後手,14,,
後手,12,,
後手,14,,
後手,10,,
後手,12,,
後手,12,,
後手,12,,
後手,14,,
後手,10,,
後手,12,,
後手,12,,
後手,12,,
後手,14,,
後手,10,,
後手,12,,
後手,12,,
後手,12,,
後手,12,,
後手,12,,
後手,12,,
後手,12,,
後手,14,,
後手,12,,
後手,12,,
後手,10,,
後手,12,,
後手,10,,
後手,12,,
後手,12,,
後手,10,,
後手,12,,
後手,10,,
後手,12,,
後手,12,,
後手,12,,
後手,12,,
後手,12,,
後手,12,,
後手,10,,
後手,14,,
後手,12,,
後手,10,,
後手,10,,
後手,12,,
後手,14,,
後手,12,,
後手,14,,
後手,10,,
後手,10,,
後手,12,,
後手,16,,
後手,14,,
後手,14,,
後手,14,,
後手,12,,
後手,10,,
後手,12,,
後手,12,,
後手,12,,
後手,12,,
後手,12,,
後手,12,,
後手,10,,
後手,10,,
後手,12,,
後手,12,,
後手,12,,
後手,16,,
後手,10,,
後手,8,,
後手,12,,
後手,12,,
後手,10,,
後手,12,,
後手,10,,
後手,10,,
後手,10,,
後手,10,,
後手,12,,
後手,12,,
後手,14,,
後手,12,,
後手,14,,
後手,12,,
後手,12,,
後手,14,,
後手,10,,
後手,10,,
後手,12,,
後手,12,,
後手,14,,
後手,10,,
後手,12,,
後手,10,,
後手,8,,
後手,12,,
後手,12,,
後手,8,,
後手,14,,
後手,12,,
後手,12,,
後手,16,,
後手,14,,
後手,12,,
後手,12,,
後手,12,,
後手,12,,
後手,14,,
後手,14,,
後手,14,,
後手,12,,
後手,14,,
後手,12,,
後手,12,,
後手,12,,
後手,10,,
後手,14,,
後手,12,,
後手,12,,
後手,10,,
後手,12,,
後手,10,,
後手,12,,
後手,12,,
後手,10,,
後手,12,,
後手,10,,
後手,10,,
後手,10,,
後手,12,,
後手,12,,
後手,12,,
後手,12,,
後手,12,,
後手,12,,
後手,10,,
後手,10,,
後手,10,,
後手,12,,
後手,12,,
後手,16,,
後手,14,,
後手,16,,
後手,14,,
後手,10,,
後手,10,,
後手,12,,
後手,10,,
後手,12,,
後手,12,,
後手,8,,
後手,10,,
後手,10,,
後手,10,,
後手,14,,
後手,12,,
後手,12,,
後手,12,,
後手,10,,
後手,12,,
後手,10,,
後手,10,,
後手,10,,
後手,12,,
後手,14,,
後手,12,,
後手,12,,
後手,12,,
後手,12,,
後手,12,,
後手,12,,
後手,12,,
後手,14,,
後手,12,,
後手,10,,
後手,12,,
後手,12,,
後手,12,,
後手,12,,
後手,12,,
後手,14,,
後手,10,,
後手,14,,
後手,14,,
後手,14,,
後手,12,,
後手,12,,
後手,12,,
後手,10,,
後手,12,,
後手,12,,
後手,14,,
後手,12,,
後手,12,,
後手,12,,
後手,12,,
後手,12,,
後手,12,,
後手,10,,
後手,14,,
後手,12,,
後手,10,,
後手,12,,
後手,10,,
後手,12,,
後手,10,,
後手,12,,
後手,14,,
後手,10,,
後手,10,,
後手,12,,
後手,12,,
後手,12,,
後手,10,,
後手,10,,
後手,14,,
後手,10,,
後手,12,,
後手,10,,
後手,14,,
後手,10,,
後手,10,,
後手,12,,
後手,12,,
後手,14,,
後手,12,,
後手,14,,
後手,14,,
後手,10,,
後手,14,,
後手,12,,
後手,14,,
後手,12,,
後手,10,,
後手,10,,
後手,12,,
後手,12,,
後手,12,,
後手,14,,
後手,12,,
後手,12,,
後手,10,,
後手,12,,
後手,12,,
後手,14,,
後手,10,,
後手,10,,
後手,14,,
後手,12,,
後手,12,,
後手,10,,
後手,14,,
後手,12,,
後手,12,,
後手,12,,
後手,10,,
後手,10,,
後手,14,,
後手,14,,
後手,12,,
後手,12,,
後手,14,,
後手,14,,
後手,14,,
後手,12,,
後手,8,,
後手,12,,
後手,12,,
後手,12,,
後手,12,,
後手,12,,
後手,12,,
後手,10,,
後手,12,,
後手,12,,
後手,12,,
後手,16,,
後手,12,,
後手,12,,
後手,10,,
後手,12,,
後手,12,,
後手,12,,
後手,12,,
後手,14,,
後手,10,,
後手,12,,
後手,12,,
後手,14,,
後手,12,,
後手,10,,
後手,12,,
後手,10,,
後手,12,,
後手,14,,
後手,10,,
後手,12,,
後手,14,,
後手,12,,
後手,12,,
後手,14,,
後手,8,,
後手,10,,
後手,12,,
後手,10,,
後手,12,,
後手,14,,
後手,12,,
後手,12,,
後手,12,,
後手,10,,
後手,12,,
後手,14,,
後手,14,,
後手,12,,
後手,12,,
後手,12,,
後手,10,,
後手,12,,
後手,10,,
後手,12,,
後手,14,,
後手,16,,
後手,12,,
後手,12,,
後手,12,,
後手,14,,
後手,10,,
後手,12,,
後手,12,,
後手,14,,
後手,12,,
後手,12,,
後手,12,,
後手,12,,
後手,12,,
後手,12,,
後手,14,,
後手,14,,
後手,12,,
後手,12,,
後手,16,,
後手,10,,
後手,14,,
後手,12,,
後手,10,,
後手,12,,
後手,12,,
後手,10,,
後手,12,,
後手,12,,
後手,10,,
後手,12,,
後手,10,,
後手,12,,
後手,12,,
後手,10,,
後手,12,,
後手,12,,
後手,12,,
後手,12,,
後手,12,,
後手,10,,
後手,14,,
後手,10,,
後手,12,,
後手,10,,
後手,12,,
後手,14,,
後手,12,,
後手,12,,
後手,14,,
後手,10,,
後手,12,,
後手,10,,
後手,12,,
後手,12,,
後手,12,,
後手,14,,
後手,10,,
後手,12,,
後手,10,,
後手,12,,
後手,10,,
後手,12,,
後手,14,,
後手,14,,
後手,12,,
後手,10,,
後手,10,,
後手,10,,
後手,10,,
後手,12,,
後手,10,,
後手,14,,
後手,10,,
後手,12,,
後手,14,,
後手,12,,
後手,12,,
後手,14,,
後手,12,,
後手,10,,
後手,8,,
後手,14,,
後手,10,,
後手,12,,
後手,14,,
後手,12,,
後手,14,,
後手,10,,
後手,14,,
後手,10,,
後手,12,,
後手,12,,
後手,12,,
後手,14,,
後手,10,,
後手,10,,
後手,12,,
後手,12,,
後手,14,,
後手,14,,
後手,12,,
後手,14,,
後手,14,,
後手,12,,
後手,14,,
後手,12,,
後手,10,,
後手,10,,
後手,10,,
後手,12,,
後手,10,,
後手,12,,
後手,14,,
後手,10,,
後手,14,,
後手,12,,
後手,8,,
後手,12,,
後手,14,,
後手,12,,
後手,14,,
後手,10,,
後手,14,,
後手,12,,
後手,12,,
後手,12,,
後手,10,,
後手,12,,
後手,12,,
後手,12,,
後手,14,,
後手,10,,
後手,12,,
後手,14,,
後手,14,,
後手,14,,
後手,10,,
後手,14,,
後手,12,,
後手,12,,
後手,12,,
後手,10,,
後手,10,,
後手,10,,
後手,8,,
後手,12,,
後手,14,,
後手,12,,
後手,12,,
後手,10,,
後手,12,,
後手,10,,
後手,10,,
後手,10,,
後手,12,,
後手,12,,
後手,12,,
後手,12,,
後手,14,,
後手,14,,
後手,12,,
後手,12,,
後手,14,,
後手,14,,
後手,8,,
後手,10,,
後手,12,,
後手,10,,
後手,12,,
後手,14,,
後手,10,,
後手,16,,
後手,12,,
後手,12,,
後手,12,,
後手,12,,
後手,10,,
後手,10,,
後手,10,,
後手,12,,
後手,10,,
後手,10,,
後手,14,,
後手,12,,
後手,10,,
後手,10,,
後手,14,,
後手,10,,
後手,12,,
後手,10,,
後手,10,,
後手,12,,
後手,14,,
後手,8,,
後手,8,,
後手,14,,
後手,12,,
後手,10,,
後手,12,,
後手,10,,
後手,12,,
後手,12,,
後手,12,,
後手,12,,
後手,12,,
後手,12,,
後手,12,,
後手,12,,
後手,12,,
後手,12,,
後手,10,,
後手,10,,
後手,14,,
後手,10,,
後手,12,,
後手,8,,
後手,12,,
後手,12,,
後手,12,,
後手,12,,
後手,12,,
後手,12,,
後手,14,,
後手,10,,
後手,12,,
後手,12,,
後手,14,,
後手,14,,
後手,14,,
後手,12,,
後手,12,,
後手,10,,
後手,10,,
後手,12,,
後手,14,,
後手,12,,
後手,12,,
後手,8,,
後手,10,,
後手,12,,
後手,14,,
後手,12,,
後手,12,,
後手,12,,
後手,12,,
後手,12,,
後手,12,,
後手,14,,
後手,10,,
後手,12,,
後手,8,,
後手,12,,
後手,14,,
後手,14,,
後手,8,,
後手,10,,
後手,10,,
後手,14,,
後手,10,,
後手,12,,
後手,14,,
後手,10,,
後手,14,,
後手,12,,
後手,12,,
後手,12,,
後手,12,,
後手,12,,
後手,12,,
後手,12,,
後手,12,,
後手,12,,
後手,12,,
後手,12,,
後手,12,,
後手,14,,
後手,10,,
後手,10,,
後手,10,,
後手,16,,
後手,12,,
後手,10,,
後手,12,,
後手,12,,
後手,12,,
後手,10,,
後手,12,,
後手,10,,
後手,12,,
後手,12,,
後手,12,,
後手,14,,
後手,14,,
後手,10,,
後手,12,,
後手,10,,
後手,12,,
後手,10,,
後手,12,,
後手,14,,
後手,12,,
後手,12,,
後手,12,,
後手,12,,
後手,10,,
後手,8,,
後手,12,,
後手,12,,
後手,14,,
後手,14,,
後手,14,,
後手,10,,
後手,14,,
後手,12,,
後手,16,,
後手,10,,
後手,10,,
後手,14,,
後手,10,,
後手,12,,
後手,16,,
後手,12,,
後手,14,,
後手,12,,
後手,12,,
後手,12,,
後手,10,,
後手,16,,
後手,10,,
後手,14,,
後手,10,,
後手,12,,
後手,10,,
後手,12,,
後手,12,,
後手,10,,
後手,12,,
後手,12,,
後手,12,,
後手,12,,
後手,8,,
後手,10,,
後手,12,,
後手,12,,
後手,8,,
後手,12,,
後手,12,,
後手,12,,
後手,10,,
後手,14,,
後手,12,,
後手,14,,
後手,12,,
後手,10,,
後手,12,,
後手,12,,
後手,14,,
後手,12,,
後手,12,,
後手,12,,
後手,10,,
後手,18,,
後手,10,,
後手,10,,
後手,12,,
後手,12,,
後手,10,,
後手,10,,
後手,12,,
後手,12,,
後手,14,,
後手,10,,
後手,10,,
後手,12,,
後手,14,,
後手,10,,
後手,12,,
後手,10,,
後手,10,,
後手,12,,
後手,14,,
後手,14,,
後手,12,,
後手,14,,
後手,8,,
後手,10,,
後手,10,,
後手,12,,
後手,12,,
後手,12,,
後手,14,,
後手,12,,
後手,14,,
後手,12,,
後手,12,,
後手,14,,
後手,10,,
後手,12,,
後手,12,,
後手,8,,
後手,14,,
後手,10,,
後手,12,,
後手,10,,
後手,10,,
後手,12,,
後手,12,,
後手,10,,
後手,8,,
後手,12,,
後手,10,,
後手,14,,
後手,12,,
後手,14,,
後手,14,,
後手,12,,
後手,10,,
後手,12,,
後手,16,,
後手,8,,
後手,10,,
後手,10,,
後手,12,,
後手,10,,
後手,12,,
後手,12,,
後手,12,,
後手,12,,
後手,10,,
後手,12,,
後手,16,,
後手,14,,
後手,12,,
後手,12,,
後手,12,,
後手,10,,
後手,14,,
後手,14,,
後手,12,,
後手,14,,
後手,10,,
後手,14,,
後手,10,,
後手,12,,
後手,12,,
後手,12,,
後手,10,,
後手,12,,
後手,12,,
後手,8,,
後手,14,,
後手,10,,
後手,12,,
後手,10,,
後手,12,,
後手,14,,
後手,12,,
後手,12,,
後手,14,,
後手,10,,
後手,12,,
後手,12,,
後手,14,,
後手,12,,
後手,14,,
後手,10,,
後手,14,,
後手,10,,
後手,10,,
後手,10,,
後手,10,,
後手,12,,
後手,12,,
後手,10,,
後手,12,,
後手,12,,
後手,12,,
後手,12,,
後手,10,,
後手,10,,
後手,12,,
後手,10,,
後手,10,,
後手,12,,
後手,8,,
後手,12,,
後手,12,,
後手,12,,
後手,14,,
後手,14,,
後手,14,,
後手,10,,
後手,10,,
後手,14,,
後手,12,,
後手,12,,
後手,10,,
後手,14,,
後手,12,,
後手,14,,
後手,12,,
後手,12,,
後手,12,,
後手,12,,
後手,10,,
後手,10,,
後手,16,,
後手,10,,
後手,10,,
後手,10,,
後手,12,,
後手,12,,
後手,10,,
後手,14,,
後手,14,,
後手,12,,
後手,12,,
後手,12,,
後手,16,,
後手,10,,
後手,14,,
後手,12,,
後手,10,,
後手,10,,
後手,10,,
後手,12,,
後手,10,,
後手,12,,
後手,14,,
後手,10,,
後手,10,,
後手,10,,
後手,8,,
後手,12,,
後手,12,,
後手,10,,
後手,12,,
後手,14,,
後手,10,,
後手,12,,
後手,10,,
後手,12,,
後手,10,,
後手,14,,
後手,10,,
後手,10,,
後手,12,,
後手,14,,
後手,12,,
後手,10,,
後手,12,,
後手,12,,
後手,12,,
後手,14,,
後手,10,,
後手,14,,
後手,10,,
後手,12,,
後手,10,,
後手,10,,
後手,8,,
後手,12,,
後手,12,,
後手,12,,
後手,12,,
後手,10,,
後手,10,,
後手,12,,
後手,10,,
後手,14,,
後手,16,,
後手,10,,
後手,12,,
後手,10,,
後手,12,,
後手,10,,
後手,10,,
後手,12,,
後手,10,,
後手,14,,
後手,12,,
後手,10,,
後手,12,,
後手,10,,
後手,8,,
後手,12,,
後手,10,,
後手,8,,
後手,12,,
後手,16,,
後手,12,,
後手,12,,
後手,12,,
後手,14,,
後手,14,,
後手,12,,
後手,12,,
後手,10,,
後手,10,,
後手,14,,
後手,12,,
後手,14,,
後手,12,,
後手,12,,
後手,18,,
後手,14,,
後手,10,,
後手,12,,
後手,10,,
後手,10,,
後手,12,,
後手,14,,
後手,12,,
後手,10,,
後手,12,,
後手,10,,
後手,12,,
後手,10,,
後手,12,,
後手,12,,
後手,12,,
後手,12,,
後手,12,,
後手,14,,
後手,10,,
後手,14,,
後手,12,,
後手,14,,
後手,12,,
後手,12,,
後手,14,,
後手,12,,
後手,14,,
後手,12,,
後手,10,,
後手,10,,
後手,12,,
後手,12,,
後手,12,,
後手,10,,
後手,10,,
後手,12,,
後手,12,,
後手,12,,
後手,12,,
後手,14,,
後手,14,,
後手,14,,
後手,12,,
後手,10,,
後手,12,,
後手,12,,
後手,10,,
後手,12,,
後手,8,,
後手,12,,
後手,10,,
後手,12,,
後手,12,,
後手,12,,
後手,12,,
後手,12,,
後手,10,,
後手,12,,
後手,14,,
後手,10,,
後手,12,,
後手,12,,
後手,12,,
後手,12,,
後手,14,,
後手,10,,
後手,8,,
後手,12,,
後手,12,,
後手,12,,
後手,14,,
後手,12,,
後手,12,,
後手,12,,
後手,12,,
後手,10,,
後手,12,,
後手,12,,
後手,8,,
後手,12,,
後手,12,,
後手,12,,
後手,10,,
後手,10,,
後手,12,,
後手,10,,
後手,12,,
後手,12,,
後手,12,,
後手,12,,
後手,10,,
後手,8,,
後手,10,,
後手,14,,
後手,12,,
後手,12,,
後手,10,,
後手,10,,
後手,10,,
後手,14,,
後手,12,,
後手,10,,
後手,10,,
後手,12,,
後手,12,,
後手,12,,
後手,12,,
後手,14,,
後手,10,,
後手,12,,
後手,12,,
後手,14,,
後手,14,,
後手,10,,
後手,12,,
後手,10,,
後手,12,,
後手,12,,
後手,12,,
後手,12,,
後手,10,,
後手,12,,
後手,10,,
後手,12,,
後手,12,,
後手,14,,
後手,12,,
後手,14,,
後手,12,,
後手,10,,
後手,10,,
後手,12,,
後手,10,,
後手,14,,
後手,10,,
後手,10,,
後手,10,,
後手,12,,
後手,12,,
後手,12,,
後手,12,,
後手,10,,
後手,12,,
後手,12,,
後手,10,,
後手,10,,
後手,10,,
後手,10,,
後手,10,,
後手,12,,
後手,12,,
後手,10,,
後手,14,,
後手,12,,
後手,12,,
後手,12,,
後手,14,,
後手,10,,
後手,12,,
後手,12,,
後手,14,,
後手,10,,
後手,16,,
後手,12,,
後手,10,,
後手,16,,
後手,8,,
後手,12,,
後手,14,,
後手,14,,
後手,12,,
後手,8,,
後手,12,,
後手,12,,
後手,10,,
後手,10,,
後手,10,,
後手,12,,
後手,14,,
後手,12,,
後手,10,,
後手,12,,
後手,12,,
後手,10,,
後手,10,,
後手,14,,
後手,12,,
後手,12,,
後手,14,,
後手,12,,
後手,12,,
後手,10,,
後手,12,,
後手,16,,
後手,8,,
後手,12,,
後手,10,,
後手,12,,
後手,12,,
後手,12,,
後手,12,,
後手,14,,
後手,12,,
後手,14,,
後手,12,,
後手,12,,
後手,12,,
後手,16,,
後手,10,,
後手,10,,
後手,10,,
後手,12,,
後手,10,,
後手,14,,
後手,14,,
後手,10,,
後手,8,,
後手,12,,
後手,14,,
後手,12,,
後手,10,,
後手,10,,
後手,14,,
後手,12,,
後手,8,,
後手,14,,
後手,14,,
後手,14,,
後手,10,,
後手,12,,
後手,12,,
後手,12,,
後手,12,,
後手,14,,
後手,12,,
後手,10,,
後手,12,,
後手,12,,
後手,12,,
後手,14,,
後手,12,,
後手,12,,
後手,14,,
後手,12,,
後手,12,,
後手,12,,
後手,12,,
後手,10,,
後手,14,,
後手,12,,
後手,12,,
後手,16,,
後手,12,,
後手,12,,
後手,10,,
後手,12,,
後手,10,,
後手,12,,
後手,10,,
後手,16,,
後手,12,,
後手,10,,
後手,12,,
後手,12,,
後手,10,,
後手,12,,
後手,16,,
後手,14,,
後手,10,,
後手,12,,
後手,12,,
後手,14,,
後手,10,,
後手,12,,
後手,12,,
後手,14,,
後手,14,,
後手,12,,
後手,12,,
後手,10,,
後手,10,,
後手,10,,
後手,12,,
後手,12,,
後手,12,,
後手,12,,
後手,8,,
後手,10,,
後手,14,,
後手,12,,
後手,12,,
後手,12,,
後手,10,,
後手,12,,
後手,10,,
後手,12,,
後手,12,,
後手,12,,
後手,10,,
後手,14,,
後手,10,,
後手,12,,
後手,12,,
後手,10,,
後手,14,,
後手,12,,
後手,14,,
後手,12,,
後手,12,,
後手,12,,
後手,10,,
後手,12,,
後手,12,,
後手,16,,
後手,12,,
後手,12,,
後手,10,,
後手,10,,
後手,10,,
後手,12,,
後手,14,,
後手,12,,
後手,10,,
後手,10,,
後手,12,,
後手,12,,
後手,12,,
後手,14,,
後手,14,,
後手,8,,
後手,10,,
後手,12,,
後手,12,,
後手,12,,
後手,10,,
後手,14,,
後手,10,,
後手,12,,
後手,12,,
後手,12,,
後手,10,,
後手,14,,
後手,14,,
後手,14,,
後手,12,,
後手,10,,
後手,12,,
後手,12,,
後手,10,,
後手,14,,
後手,12,,
後手,12,,
後手,10,,
後手,10,,
後手,12,,
後手,8,,
後手,12,,
後手,10,,
後手,10,,
後手,10,,
後手,12,,
後手,10,,
後手,12,,
後手,12,,
後手,14,,
後手,12,,
後手,10,,
後手,12,,
後手,12,,
後手,12,,
後手,12,,
後手,12,,
後手,12,,
後手,10,,
後手,12,,
後手,12,,
後手,10,,
後手,12,,
後手,12,,
後手,14,,
後手,12,,
後手,12,,
後手,12,,
後手,12,,
後手,12,,
後手,12,,
後手,12,,
後手,10,,
後手,10,,
後手,12,,
後手,10,,
後手,10,,
後手,10,,
後手,10,,
後手,10,,
後手,12,,
後手,16,,
後手,14,,
後手,8,,
後手,10,,
後手,12,,
後手,16,,
後手,12,,
後手,12,,
後手,10,,
後手,14,,
後手,14,,
後手,12,,
後手,12,,
後手,12,,
後手,14,,
後手,12,,
後手,10,,
後手,10,,
後手,10,,
後手,12,,
後手,12,,
後手,10,,
後手,14,,
後手,10,,
後手,12,,
後手,12,,
後手,12,,
後手,10,,
後手,14,,
後手,12,,
後手,12,,
後手,14,,
後手,10,,
後手,12,,
後手,10,,
後手,10,,
後手,12,,
後手,10,,
後手,10,,
後手,14,,
後手,12,,
後手,12,,
後手,10,,
後手,14,,
後手,12,,
後手,12,,
後手,10,,
後手,12,,
後手,10,,
後手,12,,
後手,14,,
後手,12,,
後手,14,,
後手,14,,
後手,10,,
後手,14,,
後手,8,,
後手,8,,
後手,12,,
後手,10,,
後手,10,,
後手,12,,
後手,12,,
後手,10,,
後手,12,,
後手,12,,
後手,12,,
後手,12,,
後手,8,,
後手,12,,
後手,10,,
後手,8,,
後手,12,,
後手,10,,
後手,12,,
後手,12,,
後手,12,,
後手,12,,
後手,12,,
後手,10,,
後手,12,,
後手,14,,
後手,14,,
後手,12,,
後手,12,,
後手,10,,
後手,14,,
後手,12,,
後手,12,,
後手,12,,
後手,12,,
後手,10,,
後手,10,,
後手,12,,
後手,12,,
後手,10,,
後手,12,,
後手,12,,
後手,10,,
後手,10,,
後手,12,,
後手,14,,
後手,10,,
後手,12,,
後手,12,,
後手,10,,
後手,12,,
後手,10,,
後手,10,,
後手,10,,
後手,10,,
後手,12,,
後手,12,,
後手,12,,
後手,14,,
後手,14,,
後手,10,,
後手,10,,
後手,12,,
後手,12,,
後手,10,,
後手,12,,
後手,14,,
後手,12,,
後手,14,,
後手,10,,
後手,10,,
後手,12,,
後手,12,,
後手,12,,
後手,12,,
後手,14,,
後手,12,,
後手,14,,
後手,10,,
後手,14,,
後手,12,,
後手,14,,
後手,8,,
後手,10,,
後手,14,,
後手,12,,
後手,12,,
後手,14,,
後手,14,,
後手,14,,
後手,12,,
後手,12,,
後手,12,,
後手,10,,
後手,10,,
後手,14,,
後手,12,,
後手,12,,
後手,10,,
後手,12,,
後手,12,,
後手,12,,
後手,14,,
後手,10,,
後手,14,,
後手,14,,
後手,12,,
後手,12,,
後手,12,,
後手,12,,
後手,10,,
後手,12,,
後手,10,,
後手,12,,
後手,12,,
後手,12,,
後手,16,,
後手,10,,
後手,12,,
後手,12,,
後手,10,,
後手,12,,
後手,14,,
後手,12,,
後手,12,,
後手,10,,
後手,12,,
後手,12,,
後手,12,,
後手,12,,
後手,16,,
後手,12,,
後手,12,,
後手,10,,
後手,14,,
後手,12,,
後手,14,,
後手,14,,
後手,10,,
後手,12,,
後手,10,,
後手,10,,
後手,14,,
後手,12,,
後手,10,,
後手,12,,
後手,16,,
後手,10,,
後手,12,,
後手,10,,
後手,12,,
後手,12,,
後手,12,,
後手,12,,
後手,12,,
後手,12,,
後手,14,,
後手,10,,
後手,12,,
後手,10,,
後手,12,,
後手,12,,
後手,12,,
後手,12,,
後手,10,,
後手,12,,
後手,14,,
後手,12,,
後手,12,,
後手,12,,
後手,12,,
後手,10,,
後手,14,,
後手,16,,
後手,12,,
後手,14,,
後手,12,,
後手,12,,
後手,12,,
後手,10,,
後手,12,,
後手,16,,
後手,12,,
後手,12,,
後手,14,,
後手,10,,
後手,10,,
後手,10,,
後手,14,,
後手,10,,
後手,10,,
後手,14,,
後手,12,,
後手,14,,
後手,12,,
後手,12,,
後手,12,,
後手,14,,
後手,10,,
後手,10,,
後手,10,,
後手,10,,
後手,10,,
後手,12,,
後手,10,,
後手,12,,
後手,10,,
後手,12,,
後手,14,,
後手,16,,
後手,12,,
後手,12,,
後手,14,,
後手,12,,
後手,12,,
後手,14,,
後手,14,,
後手,12,,
後手,12,,
後手,8,,
後手,14,,
後手,16,,
後手,12,,
後手,12,,
後手,10,,
後手,12,,
後手,12,,
後手,12,,
後手,10,,
後手,10,,
後手,12,,
後手,12,,
後手,14,,
後手,12,,
後手,16,,
後手,12,,
後手,10,,
後手,10,,
後手,10,,
後手,12,,
後手,10,,
後手,8,,
後手,12,,
後手,12,,
後手,12,,
後手,12,,
後手,10,,
後手,12,,
後手,12,,
後手,10,,
後手,12,,
後手,12,,
後手,14,,
後手,10,,
後手,10,,
後手,16,,
後手,12,,
後手,12,,
後手,12,,
後手,10,,
後手,10,,
後手,10,,
後手,14,,
後手,10,,
後手,14,,
後手,12,,
後手,12,,
後手,12,,
後手,12,,
後手,12,,
後手,10,,
後手,10,,
後手,12,,
後手,12,,
後手,10,,
後手,12,,
後手,12,,
後手,10,,
後手,10,,
後手,12,,
後手,14,,
後手,10,,
後手,12,,
後手,10,,
後手,12,,
後手,12,,
後手,12,,
後手,10,,
後手,14,,
後手,10,,
後手,12,,
後手,16,,
後手,10,,
後手,14,,
後手,12,,
後手,12,,
後手,12,,
後手,14,,
後手,10,,
後手,10,,
後手,10,,
後手,12,,
後手,10,,
後手,10,,
後手,14,,
後手,14,,
後手,14,,
後手,10,,
後手,10,,
後手,14,,
後手,16,,
後手,14,,
後手,12,,
後手,12,,
後手,10,,
後手,12,,
後手,12,,
後手,12,,
後手,10,,
後手,12,,
後手,12,,
後手,14,,
後手,14,,
後手,12,,
後手,10,,
後手,12,,
後手,12,,
後手,10,,
後手,14,,
後手,12,,
後手,12,,
後手,12,,
後手,12,,
後手,10,,
後手,10,,
後手,12,,
後手,14,,
後手,10,,
後手,8,,
後手,14,,
後手,12,,
後手,12,,
後手,12,,
後手,12,,
後手,12,,
後手,12,,
後手,12,,
後手,12,,
後手,14,,
後手,12,,
後手,12,,
後手,10,,
後手,12,,
後手,12,,
後手,12,,
後手,12,,
後手,12,,
後手,12,,
後手,12,,
後手,12,,
後手,12,,
後手,10,,
後手,10,,
後手,12,,
後手,12,,
後手,8,,
後手,14,,
後手,12,,
後手,10,,
後手,12,,
後手,10,,
後手,10,,
後手,12,,
後手,12,,
後手,10,,
後手,10,,
後手,12,,
後手,12,,
後手,12,,
後手,10,,
後手,10,,
後手,10,,
後手,14,,
後手,14,,
後手,12,,
後手,10,,
後手,12,,
後手,14,,
後手,10,,
後手,10,,
後手,14,,
後手,10,,
後手,12,,
後手,12,,
後手,14,,
後手,10,,
後手,14,,
後手,12,,
後手,12,,
後手,12,,
後手,10,,
後手,12,,
後手,12,,
後手,14,,
後手,12,,
後手,10,,
後手,12,,
後手,10,,
後手,12,,
後手,14,,
後手,12,,
後手,10,,
後手,10,,
後手,12,,
後手,14,,
後手,16,,
後手,12,,
後手,12,,
後手,10,,
後手,12,,
後手,10,,
後手,14,,
後手,14,,
後手,12,,
後手,12,,
後手,12,,
後手,10,,
後手,10,,
後手,12,,
後手,12,,
後手,12,,
後手,14,,
後手,14,,
後手,10,,
後手,10,,
後手,10,,
後手,12,,
後手,12,,
後手,10,,
後手,12,,
後手,12,,
後手,14,,
後手,12,,
後手,14,,
後手,12,,
後手,10,,
後手,12,,
後手,12,,
後手,12,,
後手,10,,
後手,14,,
後手,14,,
後手,12,,
後手,12,,
後手,10,,
後手,12,,
後手,12,,
後手,12,,
後手,10,,
後手,12,,
後手,10,,
後手,10,,
後手,14,,
後手,10,,
後手,12,,
後手,10,,
後手,14,,
後手,12,,
後手,10,,
後手,14,,
後手,10,,
後手,12,,
後手,10,,
後手,12,,
後手,12,,
後手,10,,
後手,12,,
後手,10,,
後手,10,,
後手,10,,
後手,12,,
後手,10,,
後手,12,,
後手,12,,
後手,12,,
後手,12,,
後手,12,,
後手,12,,
後手,12,,
後手,10,,
後手,12,,
後手,12,,
後手,12,,
後手,10,,
後手,10,,
後手,14,,
後手,12,,
後手,14,,
後手,10,,
後手,10,,
後手,14,,
後手,10,,
後手,12,,
後手,14,,
後手,10,,
後手,12,,
後手,12,,
後手,12,,
後手,12,,
後手,14,,
後手,10,,
後手,12,,
後手,8,,
後手,16,,
後手,14,,
後手,12,,
後手,10,,
後手,10,,
後手,12,,
後手,12,,
後手,12,,
後手,10,,
後手,10,,
後手,14,,
後手,12,,
後手,14,,
後手,10,,
後手,12,,
後手,10,,
後手,12,,
後手,8,,
後手,12,,
後手,12,,
後手,14,,
後手,14,,
後手,12,,
後手,8,,
後手,12,,
後手,12,,
後手,14,,
後手,14,,
後手,10,,
後手,12,,
後手,10,,
後手,14,,
後手,12,,
後手,12,,
後手,10,,
後手,14,,
後手,12,,
後手,10,,
後手,12,,
後手,12,,
後手,10,,
後手,14,,
後手,14,,
後手,10,,
後手,10,,
後手,10,,
後手,12,,
後手,12,,
後手,14,,
後手,12,,
後手,10,,
後手,12,,
後手,14,,
後手,10,,
後手,12,,
後手,12,,
後手,10,,
後手,12,,
後手,10,,
後手,16,,
後手,12,,
後手,14,,
後手,12,,
後手,12,,
後手,10,,
後手,12,,
後手,8,,
後手,12,,
後手,10,,
後手,12,,
後手,14,,
後手,10,,
後手,10,,
後手,12,,
後手,14,,
後手,12,,
後手,10,,
後手,10,,
後手,16,,
後手,10,,
後手,10,,
後手,12,,
後手,12,,
後手,14,,
後手,12,,
後手,12,,
後手,16,,
後手,12,,
後手,14,,
後手,10,,
後手,10,,
後手,10,,
後手,12,,
後手,12,,
後手,12,,
後手,12,,
後手,14,,
後手,12,,
後手,12,,
後手,12,,
後手,14,,
後手,12,,
後手,10,,
後手,12,,
後手,14,,
後手,12,,
後手,12,,
後手,14,,
後手,12,,
後手,14,,
後手,12,,
後手,12,,
後手,10,,
後手,10,,
後手,14,,
後手,12,,
後手,12,,
後手,14,,
後手,14,,
後手,12,,
後手,12,,
後手,12,,
後手,12,,
後手,14,,
後手,10,,
後手,12,,
後手,12,,
後手,12,,
後手,12,,
後手,12,,
後手,12,,
後手,10,,
後手,14,,
後手,14,,
後手,16,,
後手,14,,
後手,10,,
後手,10,,
後手,10,,
後手,12,,
後手,14,,
後手,14,,
後手,10,,
後手,14,,
後手,12,,
後手,10,,
後手,12,,
後手,12,,
後手,10,,
後手,14,,
後手,12,,
後手,12,,
後手,12,,
後手,12,,
後手,12,,
後手,14,,
後手,10,,
後手,12,,
後手,14,,
後手,12,,
後手,10,,
後手,12,,
後手,10,,
後手,12,,
後手,16,,
後手,12,,
後手,10,,
後手,12,,
後手,10,,
後手,12,,
後手,10,,
後手,10,,
後手,12,,
後手,10,,
後手,10,,
後手,14,,
後手,12,,
後手,14,,
後手,10,,
後手,14,,
後手,12,,
後手,12,,
後手,10,,
後手,12,,
後手,10,,
後手,10,,
後手,12,,
後手,12,,
後手,10,,
後手,12,,
後手,12,,
後手,12,,
後手,10,,
後手,12,,
後手,10,,
後手,10,,
後手,12,,
後手,12,,
後手,10,,
後手,14,,
後手,12,,
後手,14,,
後手,12,,
後手,12,,
後手,12,,
後手,12,,
後手,14,,
後手,12,,
後手,12,,
後手,10,,
後手,12,,
後手,12,,
後手,12,,
後手,14,,
後手,12,,
後手,12,,
後手,10,,
後手,14,,
後手,12,,
後手,14,,
後手,14,,
後手,12,,
後手,14,,
後手,12,,
後手,16,,
後手,12,,
後手,12,,
後手,10,,
後手,10,,
後手,12,,
後手,12,,
後手,12,,
後手,14,,
後手,12,,
後手,12,,
後手,12,,
後手,10,,
後手,10,,
後手,12,,
後手,14,,
後手,12,,
後手,10,,
後手,10,,
後手,12,,
後手,12,,
後手,10,,
後手,12,,
後手,12,,
後手,10,,
後手,12,,
後手,14,,
後手,12,,
後手,12,,
後手,14,,
後手,12,,
後手,14,,
後手,14,,
後手,12,,
後手,14,,
後手,12,,
後手,12,,
後手,12,,
後手,12,,
後手,10,,
後手,12,,
後手,10,,
後手,12,,
後手,12,,
後手,10,,
後手,10,,
後手,12,,
後手,10,,
後手,10,,
後手,10,,
後手,10,,
後手,12,,
後手,12,,
後手,12,,
後手,12,,
後手,14,,
後手,10,,
後手,10,,
後手,12,,
後手,10,,
後手,12,,
後手,12,,
後手,10,,
後手,12,,
後手,10,,
後手,12,,
後手,10,,
後手,10,,
後手,10,,
後手,12,,
後手,12,,
後手,8,,
後手,12,,
後手,10,,
後手,10,,
後手,10,,
後手,14,,
後手,10,,
後手,10,,
後手,12,,
後手,12,,
後手,12,,
後手,14,,
後手,10,,
後手,12,,
後手,12,,
後手,14,,
後手,12,,
後手,12,,
後手,10,,
後手,14,,
後手,12,,
後手,12,,
後手,10,,
後手,10,,
後手,12,,
後手,16,,
後手,10,,
後手,14,,
後手,12,,
後手,14,,
後手,12,,
後手,12,,
後手,12,,
後手,12,,
後手,10,,
後手,8,,
後手,14,,
後手,12,,
後手,14,,
後手,12,,
後手,14,,
後手,12,,
後手,10,,
後手,12,,
後手,12,,
後手,10,,
後手,10,,
後手,12,,
後手,12,,
後手,12,,
後手,12,,
後手,10,,
後手,12,,
後手,10,,
後手,12,,
後手,8,,
後手,12,,
後手,12,,
後手,14,,
後手,10,,
後手,10,,
後手,12,,
後手,12,,
後手,12,,
後手,14,,
後手,12,,
後手,12,,
後手,10,,
後手,10,,
後手,12,,
後手,10,,
後手,10,,
後手,14,,
後手,12,,
後手,12,,
後手,16,,
後手,10,,
後手,12,,
後手,12,,
後手,14,,
後手,12,,
後手,8,,
後手,8,,
後手,12,,
後手,8,,
後手,10,,
後手,10,,
後手,12,,
後手,10,,
後手,12,,
後手,14,,
後手,10,,
後手,10,,
後手,10,,
後手,10,,
後手,14,,
後手,10,,
後手,12,,
後手,12,,
後手,12,,
後手,12,,
後手,10,,
後手,10,,
後手,10,,
後手,12,,
後手,10,,
後手,12,,
後手,10,,
後手,12,,
後手,12,,
後手,12,,
後手,12,,
後手,12,,
後手,12,,
後手,12,,
後手,10,,
後手,12,,
後手,12,,
後手,14,,
後手,12,,
後手,12,,
後手,12,,
後手,12,,
後手,12,,
後手,12,,
後手,10,,
後手,12,,
後手,10,,
後手,12,,
後手,12,,
後手,12,,
後手,10,,
後手,12,,
後手,12,,
後手,12,,
後手,14,,
後手,12,,
後手,14,,
後手,12,,
後手,12,,
後手,12,,
後手,10,,
後手,12,,
後手,10,,
後手,14,,
後手,10,,
後手,12,,
後手,12,,
後手,10,,
後手,10,,
後手,12,,
後手,12,,
後手,10,,
後手,12,,
後手,12,,
後手,16,,
後手,14,,
後手,12,,
後手,12,,
後手,12,,
後手,12,,
後手,12,,
後手,10,,
後手,12,,
後手,12,,
後手,12,,
後手,12,,
後手,12,,
後手,12,,
後手,8,,
後手,12,,
後手,10,,
後手,12,,
後手,12,,
後手,10,,
後手,12,,
後手,14,,
後手,10,,
後手,12,,
後手,10,,
後手,12,,
後手,14,,
後手,14,,
後手,12,,
後手,12,,
後手,12,,
後手,12,,
後手,10,,
後手,10,,
後手,10,,
後手,12,,
後手,12,,
後手,12,,
後手,12,,
後手,12,,
後手,14,,
後手,14,,
後手,12,,
後手,12,,
後手,12,,
後手,12,,
後手,14,,
後手,12,,
後手,12,,
後手,10,,
後手,14,,
後手,14,,
後手,14,,
後手,12,,
後手,8,,
後手,12,,
後手,10,,
後手,16,,
後手,10,,
後手,14,,
後手,10,,
後手,12,,
後手,12,,
後手,14,,
後手,10,,
後手,12,,
後手,14,,
後手,14,,
後手,8,,
後手,14,,
後手,12,,
後手,12,,
後手,12,,
後手,10,,
後手,12,,
後手,14,,
後手,12,,
後手,12,,
後手,12,,
後手,10,,
後手,12,,
後手,10,,
後手,14,,
後手,10,,
後手,12,,
後手,12,,
後手,12,,
後手,12,,
後手,10,,
後手,12,,
後手,10,,
後手,12,,
後手,12,,
後手,10,,
後手,12,,
後手,10,,
後手,12,,
後手,12,,
後手,10,,
後手,16,,
後手,8,,
後手,12,,
後手,12,,
後手,12,,
後手,16,,
後手,14,,
後手,12,,
後手,12,,
後手,12,,
後手,12,,
後手,10,,
後手,14,,
後手,10,,
後手,10,,
後手,12,,
後手,10,,
後手,12,,
後手,10,,
後手,12,,
後手,12,,
後手,12,,
後手,12,,
後手,12,,
後手,10,,
後手,12,,
後手,14,,
後手,10,,
後手,14,,
後手,12,,
後手,12,,
後手,12,,
後手,12,,
後手,14,,
後手,14,,
後手,14,,
後手,12,,
後手,12,,
後手,12,,
後手,12,,
後手,12,,
後手,10,,
後手,8,,
後手,12,,
後手,12,,
後手,12,,
後手,8,,
後手,14,,
後手,16,,
後手,12,,
後手,16,,
後手,14,,
後手,10,,
後手,12,,
後手,14,,
後手,12,,
後手,14,,
後手,12,,
後手,12,,
後手,16,,
後手,14,,
後手,12,,
後手,12,,
後手,12,,
後手,14,,
後手,10,,
後手,10,,
後手,12,,
後手,10,,
後手,10,,
後手,10,,
後手,12,,
後手,12,,
後手,10,,
後手,14,,
後手,10,,
後手,10,,
後手,12,,
後手,12,,
後手,12,,
後手,10,,
後手,10,,
後手,10,,
後手,14,,
後手,14,,
後手,14,,
後手,12,,
後手,14,,
後手,12,,
後手,12,,
後手,12,,
後手,12,,
後手,14,,
後手,10,,
後手,12,,
後手,12,,
後手,12,,
後手,10,,
後手,12,,
後手,12,,
後手,14,,
後手,10,,
後手,10,,
後手,12,,
後手,10,,
後手,12,,
後手,14,,
後手,14,,
後手,10,,
後手,12,,
後手,16,,
後手,10,,
後手,12,,
後手,10,,
後手,12,,
後手,12,,
後手,14,,
後手,12,,
後手,12,,
後手,12,,
後手,12,,
後手,12,,
後手,12,,
後手,10,,
後手,10,,
後手,12,,
後手,12,,
後手,10,,
後手,12,,
後手,10,,
後手,12,,
後手,14,,
後手,14,,
後手,10,,
後手,10,,
後手,10,,
後手,12,,
後手,14,,
後手,12,,
後手,14,,
後手,12,,
後手,12,,
後手,14,,
後手,12,,
後手,10,,
後手,12,,
後手,10,,
後手,10,,
後手,12,,
後手,12,,
後手,12,,
後手,10,,
後手,12,,
後手,12,,
後手,12,,
後手,10,,
後手,12,,
後手,12,,
後手,12,,
後手,10,,
後手,12,,
後手,12,,
後手,12,,
後手,12,,
後手,10,,
後手,10,,
後手,10,,
後手,12,,
後手,10,,
後手,14,,
後手,14,,
後手,12,,
後手,12,,
後手,10,,
後手,12,,
後手,12,,
後手,12,,
後手,10,,
後手,10,,
後手,12,,
後手,12,,
後手,16,,
後手,12,,
後手,14,,
後手,10,,
後手,12,,
後手,10,,
後手,12,,
後手,12,,
後手,12,,
後手,12,,
後手,10,,
後手,12,,
後手,10,,
後手,12,,
後手,14,,
後手,10,,
後手,12,,
後手,12,,
後手,14,,
後手,12,,
後手,10,,
後手,12,,
後手,10,,
後手,14,,
後手,14,,
後手,10,,
後手,12,,
後手,12,,
後手,12,,
後手,12,,
後手,14,,
後手,12,,
後手,12,,
後手,12,,
後手,12,,
後手,14,,
後手,12,,
後手,10,,
後手,12,,
後手,12,,
後手,8,,
後手,10,,
後手,14,,
後手,12,,
後手,12,,
後手,16,,
後手,12,,
後手,12,,
後手,14,,
後手,12,,
後手,14,,
後手,12,,
後手,12,,
後手,12,,
後手,12,,
後手,12,,
後手,12,,
後手,12,,
後手,12,,
後手,12,,
後手,12,,
後手,12,,
後手,10,,
後手,10,,
後手,10,,
後手,14,,
後手,10,,
後手,12,,
後手,10,,
後手,14,,
後手,14,,
後手,12,,
後手,12,,
後手,12,,
後手,12,,
後手,12,,
後手,10,,
後手,14,,
後手,10,,
後手,12,,
後手,10,,
後手,12,,
後手,10,,
後手,8,,
後手,14,,
後手,10,,
後手,10,,
後手,14,,
後手,14,,
後手,12,,
後手,10,,
後手,12,,
後手,10,,
後手,12,,
後手,12,,
後手,12,,
後手,12,,
後手,12,,
後手,12,,
後手,14,,
後手,14,,
後手,12,,
後手,12,,
後手,12,,
後手,14,,
後手,12,,
後手,12,,
後手,12,,
後手,10,,
後手,10,,
後手,10,,
後手,10,,
後手,14,,
後手,14,,
後手,10,,
後手,12,,
後手,12,,
後手,12,,
後手,10,,
後手,12,,
後手,10,,
後手,12,,
後手,12,,
後手,14,,
後手,10,,
後手,12,,
後手,10,,
後手,12,,
後手,12,,
後手,14,,
後手,12,,
後手,10,,
後手,10,,
後手,12,,
後手,12,,
後手,10,,
後手,10,,
後手,10,,
後手,10,,
後手,12,,
後手,12,,
後手,12,,
後手,12,,
後手,14,,
後手,10,,
後手,10,,
後手,12,,
後手,12,,
後手,12,,
後手,12,,
後手,14,,
後手,12,,
後手,12,,
後手,14,,
後手,10,,
後手,10,,
後手,10,,
後手,10,,
後手,12,,
後手,10,,
後手,12,,
後手,16,,
後手,12,,
後手,10,,
後手,10,,
後手,14,,
後手,10,,
後手,10,,
後手,12,,
後手,10,,
後手,14,,
後手,14,,
後手,10,,
後手,10,,
後手,12,,
後手,12,,
後手,10,,
後手,12,,
後手,12,,
後手,12,,
後手,12,,
後手,12,,
後手,12,,
後手,14,,
後手,12,,
後手,14,,
後手,12,,
後手,10,,
後手,10,,
後手,10,,
後手,12,,
後手,14,,
後手,12,,
後手,12,,
後手,10,,
後手,12,,
後手,14,,
後手,10,,
後手,12,,
後手,14,,
後手,10,,
後手,14,,
後手,10,,
後手,10,,
後手,10,,
後手,14,,
後手,14,,
後手,12,,
後手,14,,
後手,10,,
後手,10,,
後手,12,,
後手,12,,
後手,14,,
後手,12,,
後手,14,,
後手,16,,
後手,10,,
後手,12,,
後手,12,,
後手,12,,
後手,12,,
後手,14,,
後手,10,,
後手,10,,
後手,12,,
後手,12,,
後手,10,,
後手,12,,
後手,12,,
後手,12,,
後手,12,,
後手,12,,
後手,10,,
後手,12,,
後手,12,,
後手,10,,
後手,12,,
後手,8,,
後手,12,,
後手,12,,
後手,10,,
後手,12,,
後手,12,,
後手,12,,
後手,10,,
後手,14,,
後手,12,,
後手,12,,
後手,12,,
後手,10,,
後手,16,,
後手,12,,
後手,8,,
後手,10,,
後手,10,,
後手,12,,
後手,14,,
後手,8,,
後手,12,,
後手,12,,
後手,10,,
後手,10,,
後手,12,,
後手,10,,
後手,12,,
後手,10,,
後手,10,,
後手,10,,
後手,10,,
後手,12,,
後手,12,,
後手,12,,
後手,12,,
後手,12,,
後手,12,,
後手,10,,
後手,10,,
後手,10,,
後手,12,,
後手,12,,
後手,12,,
後手,10,,
後手,16,,
後手,10,,
後手,12,,
後手,12,,
後手,12,,
後手,10,,
後手,12,,
後手,10,,
後手,12,,
後手,10,,
後手,12,,
後手,12,,
後手,12,,
後手,12,,
後手,14,,
後手,14,,
後手,12,,
後手,12,,
後手,12,,
後手,10,,
後手,12,,
後手,14,,
後手,10,,
後手,10,,
後手,10,,
後手,12,,
後手,14,,
後手,12,,
後手,12,,
後手,14,,
後手,12,,
後手,12,,
後手,12,,
後手,12,,
後手,14,,
後手,12,,
後手,12,,
後手,12,,
後手,12,,
後手,14,,
後手,12,,
後手,12,,
後手,10,,
後手,12,,
後手,12,,
後手,10,,
後手,14,,
後手,12,,
後手,10,,
後手,14,,
後手,10,,
後手,12,,
後手,14,,
後手,16,,
後手,12,,
後手,14,,
後手,10,,
後手,10,,
後手,16,,
後手,14,,
後手,10,,
後手,12,,
後手,12,,
後手,14,,
後手,10,,
後手,12,,
後手,12,,
後手,12,,
後手,10,,
後手,14,,
後手,10,,
後手,12,,
後手,12,,
後手,12,,
後手,10,,
後手,12,,
後手,10,,
後手,10,,
後手,14,,
後手,14,,
後手,14,,
後手,12,,
後手,16,,
後手,12,,
後手,10,,
後手,12,,
後手,12,,
後手,12,,
後手,10,,
後手,12,,
後手,12,,
後手,10,,
後手,12,,
後手,14,,
後手,12,,
後手,12,,
後手,10,,
後手,14,,
後手,10,,
後手,12,,
後手,12,,
後手,10,,
後手,12,,
後手,12,,
後手,10,,
後手,14,,
後手,14,,
後手,10,,
後手,12,,
後手,10,,
後手,16,,
後手,12,,
後手,12,,
後手,10,,
後手,12,,
後手,10,,
後手,10,,
後手,12,,
後手,12,,
後手,10,,
後手,14,,
後手,12,,
後手,12,,
後手,10,,
後手,10,,
後手,10,,
後手,10,,
後手,10,,
後手,12,,
後手,10,,
後手,10,,
後手,12,,
後手,12,,
後手,8,,
後手,14,,
後手,12,,
後手,10,,
後手,14,,
後手,10,,
後手,12,,
後手,10,,
後手,12,,
後手,10,,
後手,10,,
後手,10,,
後手,10,,
後手,12,,
後手,10,,
後手,12,,
後手,10,,
後手,12,,
後手,10,,
後手,10,,
後手,10,,
後手,12,,
後手,14,,
後手,12,,
後手,12,,
後手,12,,
後手,12,,
後手,12,,
後手,10,,
後手,14,,
後手,10,,
後手,12,,
後手,12,,
後手,12,,
後手,12,,
後手,10,,
後手,12,,
後手,12,,
後手,8,,
後手,10,,
後手,12,,
後手,12,,
後手,12,,
後手,14,,
後手,14,,
後手,14,,
後手,12,,
後手,10,,
後手,12,,
後手,10,,
後手,12,,
後手,12,,
後手,12,,
後手,10,,
後手,12,,
後手,14,,
後手,14,,
後手,12,,
後手,12,,
後手,12,,
後手,16,,
後手,14,,
後手,14,,
後手,12,,
後手,8,,
後手,12,,
後手,10,,
後手,10,,
後手,12,,
後手,14,,
後手,14,,
後手,12,,
後手,10,,
後手,12,,
後手,12,,
後手,12,,
後手,12,,
後手,12,,
後手,12,,
後手,10,,
後手,12,,
後手,10,,
後手,14,,
後手,12,,
後手,12,,
後手,12,,
後手,14,,
後手,10,,
後手,12,,
後手,12,,
後手,10,,
後手,10,,
後手,12,,
後手,10,,
後手,12,,
後手,12,,
後手,14,,
後手,10,,
後手,12,,
後手,10,,
後手,12,,
後手,12,,
後手,10,,
後手,12,,
後手,12,,
後手,12,,
後手,10,,
後手,12,,
後手,12,,
後手,14,,
後手,10,,
後手,12,,
後手,14,,
後手,12,,
後手,10,,
後手,12,,
後手,10,,
後手,14,,
後手,12,,
後手,10,,
後手,14,,
後手,12,,
後手,10,,
後手,10,,
後手,12,,
後手,12,,
後手,14,,
後手,10,,
後手,10,,
後手,12,,
後手,14,,
後手,12,,
後手,12,,
後手,12,,
後手,12,,
後手,12,,
後手,14,,
後手,14,,
後手,12,,
後手,14,,
後手,10,,
後手,12,,
後手,12,,
後手,10,,
後手,12,,
後手,12,,
後手,10,,
後手,16,,
後手,12,,
後手,12,,
後手,10,,
後手,14,,
後手,12,,
後手,10,,
後手,14,,
後手,12,,
後手,12,,
後手,10,,
後手,10,,
後手,12,,
後手,10,,
後手,10,,
後手,10,,
後手,14,,
後手,12,,
後手,12,,
後手,12,,
後手,14,,
後手,12,,
後手,10,,
後手,14,,
後手,14,,
後手,12,,
後手,14,,
後手,10,,
後手,12,,
後手,12,,
後手,10,,
後手,10,,
後手,12,,
後手,14,,
後手,10,,
後手,12,,
後手,12,,
後手,12,,
後手,10,,
後手,8,,
後手,14,,
後手,14,,
後手,10,,
後手,12,,
後手,14,,
後手,14,,
後手,10,,
後手,12,,
後手,12,,
後手,10,,
後手,12,,
後手,14,,
後手,14,,
後手,12,,
後手,8,,
後手,10,,
後手,12,,
後手,10,,
後手,12,,
後手,10,,
後手,10,,
後手,12,,
後手,12,,
後手,12,,
後手,12,,
後手,12,,
後手,10,,
後手,10,,
後手,12,,
後手,14,,
後手,10,,
後手,14,,
後手,12,,
後手,12,,
後手,12,,
後手,12,,
後手,14,,
後手,10,,
後手,12,,
後手,12,,
後手,12,,
後手,12,,
後手,10,,
後手,12,,
後手,12,,
後手,12,,
後手,14,,
後手,12,,
後手,10,,
後手,12,,
後手,14,,
後手,10,,
後手,12,,
後手,10,,
後手,12,,
後手,10,,
後手,12,,
後手,12,,
後手,12,,
後手,10,,
後手,10,,
後手,12,,
後手,12,,
後手,14,,
後手,12,,
後手,10,,
後手,12,,
後手,14,,
後手,8,,
後手,12,,
後手,16,,
後手,12,,
後手,16,,
後手,12,,
後手,14,,
後手,10,,
後手,10,,
後手,12,,
後手,12,,
後手,10,,
後手,10,,
後手,10,,
後手,10,,
後手,14,,
後手,16,,
後手,12,,
後手,12,,
後手,10,,
後手,12,,
後手,12,,
後手,12,,
後手,12,,
後手,14,,
後手,10,,
後手,12,,
後手,12,,
後手,14,,
後手,10,,
後手,12,,
後手,12,,
後手,10,,
後手,14,,
後手,12,,
後手,12,,
後手,14,,
後手,12,,
後手,12,,
後手,14,,
後手,12,,
後手,12,,
後手,12,,
後手,12,,
後手,14,,
後手,10,,
後手,12,,
後手,12,,
後手,12,,
後手,12,,
後手,12,,
後手,12,,
後手,10,,
後手,14,,
後手,10,,
後手,14,,
後手,12,,
後手,10,,
後手,8,,
後手,10,,
後手,12,,
後手,12,,
後手,10,,
後手,12,,
後手,12,,
後手,10,,
後手,10,,
後手,14,,
後手,12,,
後手,12,,
後手,14,,
後手,12,,
後手,10,,
後手,10,,
後手,12,,
後手,10,,
後手,10,,
後手,10,,
後手,14,,
後手,12,,
後手,12,,
後手,14,,
後手,10,,
後手,12,,
後手,10,,
後手,14,,
後手,10,,
後手,10,,
後手,12,,
後手,12,,
後手,14,,
後手,14,,
後手,8,,
後手,16,,
後手,12,,
後手,10,,
後手,10,,
後手,10,,
後手,12,,
後手,12,,
後手,10,,
後手,10,,
後手,12,,
後手,10,,
後手,10,,
後手,14,,
後手,12,,
後手,8,,
後手,10,,
後手,12,,
後手,12,,
後手,14,,
後手,12,,
後手,12,,
後手,12,,
後手,10,,
後手,14,,
後手,12,,
後手,10,,
後手,14,,
後手,12,,
後手,12,,
後手,14,,
後手,12,,
後手,14,,
後手,12,,
後手,12,,
後手,12,,
後手,12,,
後手,12,,
後手,12,,
後手,12,,
後手,12,,
後手,10,,
後手,12,,
後手,10,,
後手,12,,
後手,10,,
後手,10,,
後手,12,,
後手,12,,
後手,12,,
後手,16,,
後手,12,,
後手,12,,
後手,12,,
後手,14,,
後手,12,,
後手,14,,
後手,14,,
後手,10,,
後手,12,,
後手,14,,
後手,10,,
後手,14,,
後手,12,,
後手,12,,
後手,14,,
後手,12,,
後手,10,,
後手,14,,
後手,10,,
後手,12,,
後手,10,,
後手,10,,
後手,10,,
後手,14,,
後手,10,,
後手,12,,
後手,12,,
後手,12,,
後手,12,,
後手,10,,
後手,12,,
後手,8,,
後手,12,,
後手,14,,
後手,10,,
後手,12,,
後手,10,,
後手,10,,
後手,12,,
後手,10,,
後手,12,,
後手,10,,
後手,14,,
後手,10,,
後手,10,,
後手,12,,
後手,12,,
後手,12,,
後手,12,,
後手,10,,
後手,14,,
後手,10,,
後手,10,,
後手,10,,
後手,10,,
後手,10,,
後手,10,,
後手,10,,
後手,12,,
後手,12,,
後手,12,,
後手,12,,
後手,14,,
後手,14,,
後手,14,,
後手,12,,
後手,12,,
後手,12,,
後手,10,,
後手,12,,
後手,12,,
後手,10,,
後手,10,,
後手,10,,
後手,10,,
後手,12,,
後手,12,,
後手,14,,
後手,12,,
後手,10,,
後手,10,,
後手,14,,
後手,12,,
後手,12,,
後手,14,,
後手,14,,
後手,12,,
後手,12,,
後手,12,,
後手,14,,
後手,12,,
後手,12,,
後手,10,,
後手,12,,
後手,14,,
後手,14,,
後手,12,,
後手,12,,
後手,12,,
後手,10,,
後手,14,,
後手,12,,
後手,10,,
後手,10,,
後手,12,,
後手,10,,
後手,10,,
後手,12,,
後手,12,,
後手,14,,
後手,12,,
後手,12,,
後手,14,,
後手,10,,
後手,14,,
後手,12,,
後手,8,,
後手,10,,
後手,12,,
後手,12,,
後手,10,,
後手,10,,
後手,14,,
後手,10,,
後手,10,,
後手,12,,
後手,12,,
後手,10,,
後手,12,,
後手,12,,
後手,12,,
後手,12,,
後手,10,,
後手,12,,
後手,12,,
後手,8,,
後手,12,,
後手,12,,
後手,12,,
後手,12,,
後手,10,,
後手,8,,
後手,12,,
後手,10,,
後手,10,,
後手,10,,
後手,12,,
後手,8,,
後手,10,,
後手,12,,
後手,12,,
後手,14,,
後手,10,,
後手,14,,
後手,10,,
後手,10,,
後手,12,,
後手,10,,
後手,10,,
後手,12,,
後手,12,,
後手,12,,
後手,12,,
後手,14,,
後手,12,,
後手,12,,
後手,10,,
後手,12,,
後手,6,,
後手,12,,
後手,14,,
後手,12,,
後手,14,,
後手,10,,
後手,12,,
後手,12,,
後手,12,,
後手,14,,
後手,12,,
後手,14,,
後手,12,,
後手,12,,
後手,14,,
後手,10,,
後手,10,,
後手,12,,
後手,12,,
後手,12,,
後手,10,,
後手,12,,
後手,20,,
後手,12,,
後手,10,,
後手,10,,
後手,14,,
後手,12,,
後手,14,,
後手,12,,
後手,14,,
後手,14,,
後手,10,,
後手,8,,
後手,12,,
後手,12,,
後手,12,,
後手,10,,
後手,12,,
後手,10,,
後手,10,,
後手,12,,
後手,12,,
後手,10,,
後手,8,,
後手,14,,
後手,12,,
後手,10,,
後手,12,,
後手,10,,
後手,14,,
後手,12,,
後手,10,,
後手,10,,
後手,12,,
後手,12,,
後手,12,,
後手,10,,
後手,14,,
後手,14,,
後手,10,,
後手,10,,
後手,10,,
後手,12,,
後手,16,,
後手,10,,
後手,12,,
後手,12,,
後手,10,,
後手,10,,
後手,12,,
後手,10,,
後手,10,,
後手,12,,
後手,12,,
後手,10,,
後手,14,,
後手,10,,
後手,14,,
後手,12,,
後手,12,,
後手,12,,
後手,10,,
後手,10,,
後手,14,,
後手,14,,
後手,14,,
後手,12,,
後手,10,,
後手,14,,
後手,10,,
後手,14,,
後手,16,,
後手,12,,
後手,12,,
後手,10,,
後手,14,,
後手,10,,
後手,10,,
後手,12,,
後手,10,,
後手,10,,
後手,12,,
後手,12,,
後手,12,,
後手,10,,
後手,10,,
後手,12,,
後手,14,,
後手,10,,
後手,14,,
後手,14,,
後手,14,,
後手,12,,
後手,12,,
後手,10,,
後手,10,,
後手,14,,
後手,12,,
後手,12,,
後手,12,,
後手,16,,
後手,14,,
後手,10,,
後手,14,,
後手,12,,
後手,14,,
後手,10,,
後手,10,,
後手,12,,
後手,12,,
後手,12,,
後手,14,,
後手,14,,
後手,12,,
後手,10,,
後手,12,,
後手,10,,
後手,12,,
後手,14,,
後手,10,,
後手,12,,
後手,12,,
後手,14,,
後手,12,,
後手,8,,
後手,12,,
後手,12,,
後手,10,,
後手,14,,
後手,12,,
後手,14,,
後手,10,,
後手,12,,
後手,10,,
後手,16,,
後手,12,,
後手,10,,
後手,14,,
後手,12,,
後手,12,,
後手,12,,
後手,12,,
後手,10,,
後手,10,,
後手,10,,
後手,10,,
後手,10,,
後手,12,,
後手,12,,
後手,14,,
後手,14,,
後手,12,,
後手,12,,
後手,10,,
後手,10,,
後手,12,,
後手,10,,
後手,14,,
後手,12,,
後手,12,,
後手,12,,
後手,12,,
後手,8,,
後手,12,,
後手,12,,
後手,12,,
後手,8,,
後手,12,,
後手,10,,
後手,14,,
後手,12,,
後手,14,,
後手,14,,
後手,12,,
後手,10,,
後手,12,,
後手,12,,
後手,12,,
後手,10,,
後手,10,,
後手,14,,
後手,12,,
後手,12,,
後手,12,,
後手,10,,
後手,12,,
後手,10,,
後手,12,,
後手,10,,
後手,14,,
後手,12,,
後手,10,,
後手,14,,
後手,10,,
後手,12,,
後手,14,,
後手,12,,
後手,12,,
後手,12,,
後手,12,,
後手,12,,
後手,10,,
後手,14,,
後手,12,,
後手,10,,
後手,12,,
後手,12,,
後手,12,,
後手,10,,
後手,14,,
後手,10,,
後手,12,,
後手,10,,
後手,12,,
後手,12,,
後手,12,,
後手,12,,
後手,12,,
後手,14,,
後手,10,,
後手,10,,
後手,16,,
後手,12,,
後手,12,,
後手,14,,
後手,12,,
後手,12,,
後手,12,,
後手,8,,
後手,14,,
後手,12,,
後手,10,,
後手,12,,
後手,14,,
後手,12,,
後手,14,,
後手,10,,
後手,12,,
後手,10,,
後手,12,,
後手,10,,
後手,12,,
後手,14,,
後手,12,,
後手,12,,
後手,12,,
後手,12,,
後手,14,,
後手,10,,
後手,12,,
後手,12,,
後手,14,,
後手,12,,
後手,10,,
後手,12,,
後手,14,,
後手,10,,
後手,14,,
後手,14,,
後手,12,,
後手,12,,
後手,12,,
後手,10,,
後手,10,,
後手,14,,
後手,12,,
後手,10,,
後手,10,,
後手,10,,
後手,12,,
後手,12,,
後手,10,,
後手,10,,
後手,10,,
