勝敗,終了ターン数,,先行平均リーサルターン,13.04321644,13.10932476
先手,13,,後攻平均リーサルターン,#NAME?,
先手,11,,勝率：,5646,
先手,15,,,,
先手,13,,,,
先手,13,,,,
先手,13,,,,
先手,13,,,,
先手,15,,,,
先手,11,,,,
先手,13,,,,
先手,13,,,,
先手,11,,,,
先手,13,,,,
先手,13,,,,
先手,11,,,,
先手,13,,,,
先手,13,,,,
先手,15,,,,
先手,13,,,,
先手,11,,,,
先手,11,,,,
先手,11,,,,
先手,13,,,,
先手,15,,,,
先手,11,,,,
先手,13,,,,
先手,13,,,,
先手,15,,,,
先手,15,,,,
先手,13,,,,
先手,15,,,,
先手,13,,,,
先手,13,,,,
先手,15,,,,
先手,11,,,,
先手,13,,,,
先手,13,,,,
先手,11,,,,
先手,11,,,,
先手,11,,,,
先手,13,,,,
先手,15,,,,
先手,11,,,,
先手,13,,,,
先手,11,,,,
先手,15,,,,
先手,17,,,,
先手,13,,,,
先手,13,,,,
先手,11,,,,
先手,13,,,,
先手,13,,,,
先手,11,,,,
先手,15,,,,
先手,11,,,,
先手,11,,,,
先手,15,,,,
先手,15,,,,
先手,13,,,,
先手,11,,,,
先手,11,,,,
先手,15,,,,
先手,15,,,,
先手,11,,,,
先手,15,,,,
先手,15,,,,
先手,15,,,,
先手,11,,,,
先手,15,,,,
先手,13,,,,
先手,9,,,,
先手,11,,,,
先手,13,,,,
先手,13,,,,
先手,15,,,,
先手,13,,,,
先手,13,,,,
先手,11,,,,
先手,15,,,,
先手,9,,,,
先手,15,,,,
先手,17,,,,
先手,15,,,,
先手,11,,,,
先手,13,,,,
先手,13,,,,
先手,11,,,,
先手,13,,,,
先手,15,,,,
先手,13,,,,
先手,11,,,,
先手,15,,,,
先手,11,,,,
先手,13,,,,
先手,15,,,,
先手,15,,,,
先手,13,,,,
先手,15,,,,
先手,15,,,,
先手,13,,,,
先手,11,,,,
先手,13,,,,
先手,13,,,,
先手,9,,,,
先手,17,,,,
先手,13,,,,
先手,15,,,,
先手,15,,,,
先手,11,,,,
先手,13,,,,
先手,15,,,,
先手,15,,,,
先手,15,,,,
先手,13,,,,
先手,19,,,,
先手,13,,,,
先手,11,,,,
先手,13,,,,
先手,13,,,,
先手,15,,,,
先手,13,,,,
先手,15,,,,
先手,13,,,,
先手,15,,,,
先手,11,,,,
先手,13,,,,
先手,13,,,,
先手,11,,,,
先手,11,,,,
先手,13,,,,
先手,11,,,,
先手,13,,,,
先手,13,,,,
先手,13,,,,
先手,13,,,,
先手,13,,,,
先手,13,,,,
先手,13,,,,
先手,15,,,,
先手,11,,,,
先手,13,,,,
先手,11,,,,
先手,13,,,,
先手,15,,,,
先手,11,,,,
先手,13,,,,
先手,13,,,,
先手,13,,,,
先手,13,,,,
先手,11,,,,
先手,11,,,,
先手,15,,,,
先手,13,,,,
先手,11,,,,
先手,13,,,,
先手,13,,,,
先手,11,,,,
先手,13,,,,
先手,15,,,,
先手,13,,,,
先手,13,,,,
先手,13,,,,
先手,13,,,,
先手,13,,,,
先手,13,,,,
先手,13,,,,
先手,13,,,,
先手,11,,,,
先手,13,,,,
先手,13,,,,
先手,13,,,,
先手,11,,,,
先手,13,,,,
先手,13,,,,
先手,9,,,,
先手,11,,,,
先手,15,,,,
先手,17,,,,
先手,13,,,,
先手,15,,,,
先手,15,,,,
先手,11,,,,
先手,11,,,,
先手,13,,,,
先手,15,,,,
先手,11,,,,
先手,17,,,,
先手,15,,,,
先手,13,,,,
先手,13,,,,
先手,13,,,,
先手,11,,,,
先手,13,,,,
先手,15,,,,
先手,13,,,,
先手,11,,,,
先手,15,,,,
先手,13,,,,
先手,13,,,,
先手,9,,,,
先手,13,,,,
先手,15,,,,
先手,13,,,,
先手,15,,,,
先手,13,,,,
先手,15,,,,
先手,11,,,,
先手,15,,,,
先手,15,,,,
先手,15,,,,
先手,11,,,,
先手,15,,,,
先手,11,,,,
先手,15,,,,
先手,13,,,,
先手,13,,,,
先手,13,,,,
先手,11,,,,
先手,11,,,,
先手,13,,,,
先手,11,,,,
先手,13,,,,
先手,11,,,,
先手,15,,,,
先手,11,,,,
先手,13,,,,
先手,13,,,,
先手,11,,,,
先手,13,,,,
先手,11,,,,
先手,15,,,,
先手,13,,,,
先手,15,,,,
先手,13,,,,
先手,15,,,,
先手,11,,,,
先手,11,,,,
先手,15,,,,
先手,11,,,,
先手,15,,,,
先手,11,,,,
先手,15,,,,
先手,15,,,,
先手,11,,,,
先手,9,,,,
先手,13,,,,
先手,13,,,,
先手,11,,,,
先手,13,,,,
先手,15,,,,
先手,11,,,,
先手,11,,,,
先手,13,,,,
先手,13,,,,
先手,13,,,,
先手,11,,,,
先手,11,,,,
先手,13,,,,
先手,17,,,,
先手,13,,,,
先手,15,,,,
先手,13,,,,
先手,15,,,,
先手,17,,,,
先手,15,,,,
先手,11,,,,
先手,17,,,,
先手,11,,,,
先手,15,,,,
先手,11,,,,
先手,11,,,,
先手,17,,,,
先手,13,,,,
先手,11,,,,
先手,15,,,,
先手,13,,,,
先手,11,,,,
先手,11,,,,
先手,13,,,,
先手,11,,,,
先手,13,,,,
先手,15,,,,
先手,13,,,,
先手,13,,,,
先手,13,,,,
先手,15,,,,
先手,15,,,,
先手,11,,,,
先手,13,,,,
先手,15,,,,
先手,13,,,,
先手,11,,,,
先手,13,,,,
先手,11,,,,
先手,13,,,,
先手,13,,,,
先手,11,,,,
先手,17,,,,
先手,11,,,,
先手,11,,,,
先手,11,,,,
先手,13,,,,
先手,11,,,,
先手,15,,,,
先手,15,,,,
先手,11,,,,
先手,11,,,,
先手,13,,,,
先手,15,,,,
先手,11,,,,
先手,15,,,,
先手,13,,,,
先手,15,,,,
先手,13,,,,
先手,13,,,,
先手,13,,,,
先手,13,,,,
先手,11,,,,
先手,13,,,,
先手,15,,,,
先手,13,,,,
先手,11,,,,
先手,15,,,,
先手,15,,,,
先手,13,,,,
先手,15,,,,
先手,13,,,,
先手,13,,,,
先手,15,,,,
先手,13,,,,
先手,13,,,,
先手,13,,,,
先手,11,,,,
先手,13,,,,
先手,15,,,,
先手,11,,,,
先手,15,,,,
先手,15,,,,
先手,15,,,,
先手,11,,,,
先手,13,,,,
先手,13,,,,
先手,11,,,,
先手,13,,,,
先手,13,,,,
先手,15,,,,
先手,15,,,,
先手,11,,,,
先手,13,,,,
先手,17,,,,
先手,11,,,,
先手,11,,,,
先手,17,,,,
先手,13,,,,
先手,13,,,,
先手,13,,,,
先手,13,,,,
先手,9,,,,
先手,17,,,,
先手,11,,,,
先手,11,,,,
先手,13,,,,
先手,13,,,,
先手,13,,,,
先手,11,,,,
先手,11,,,,
先手,13,,,,
先手,13,,,,
先手,13,,,,
先手,15,,,,
先手,13,,,,
先手,15,,,,
先手,15,,,,
先手,13,,,,
先手,13,,,,
先手,13,,,,
先手,9,,,,
先手,15,,,,
先手,13,,,,
先手,13,,,,
先手,9,,,,
先手,13,,,,
先手,15,,,,
先手,13,,,,
先手,13,,,,
先手,11,,,,
先手,11,,,,
先手,11,,,,
先手,15,,,,
先手,11,,,,
先手,13,,,,
先手,15,,,,
先手,11,,,,
先手,15,,,,
先手,11,,,,
先手,13,,,,
先手,15,,,,
先手,15,,,,
先手,13,,,,
先手,11,,,,
先手,13,,,,
先手,15,,,,
先手,13,,,,
先手,15,,,,
先手,11,,,,
先手,11,,,,
先手,15,,,,
先手,13,,,,
先手,13,,,,
先手,13,,,,
先手,13,,,,
先手,13,,,,
先手,11,,,,
先手,13,,,,
先手,13,,,,
先手,15,,,,
先手,13,,,,
先手,11,,,,
先手,11,,,,
先手,15,,,,
先手,11,,,,
先手,13,,,,
先手,13,,,,
先手,13,,,,
先手,13,,,,
先手,13,,,,
先手,13,,,,
先手,11,,,,
先手,13,,,,
先手,11,,,,
先手,13,,,,
先手,11,,,,
先手,11,,,,
先手,15,,,,
先手,13,,,,
先手,11,,,,
先手,11,,,,
先手,13,,,,
先手,15,,,,
先手,11,,,,
先手,13,,,,
先手,13,,,,
先手,13,,,,
先手,15,,,,
先手,15,,,,
先手,13,,,,
先手,9,,,,
先手,13,,,,
先手,11,,,,
先手,13,,,,
先手,13,,,,
先手,13,,,,
先手,11,,,,
先手,13,,,,
先手,13,,,,
先手,11,,,,
先手,11,,,,
先手,15,,,,
先手,15,,,,
先手,13,,,,
先手,13,,,,
先手,15,,,,
先手,11,,,,
先手,11,,,,
先手,15,,,,
先手,13,,,,
先手,13,,,,
先手,13,,,,
先手,15,,,,
先手,13,,,,
先手,13,,,,
先手,13,,,,
先手,13,,,,
先手,13,,,,
先手,15,,,,
先手,13,,,,
先手,15,,,,
先手,11,,,,
先手,13,,,,
先手,15,,,,
先手,13,,,,
先手,11,,,,
先手,11,,,,
先手,11,,,,
先手,13,,,,
先手,17,,,,
先手,13,,,,
先手,11,,,,
先手,15,,,,
先手,15,,,,
先手,15,,,,
先手,11,,,,
先手,13,,,,
先手,13,,,,
先手,15,,,,
先手,15,,,,
先手,15,,,,
先手,15,,,,
先手,11,,,,
先手,13,,,,
先手,13,,,,
先手,13,,,,
先手,15,,,,
先手,11,,,,
先手,15,,,,
先手,13,,,,
先手,11,,,,
先手,15,,,,
先手,15,,,,
先手,15,,,,
先手,11,,,,
先手,15,,,,
先手,13,,,,
先手,13,,,,
先手,11,,,,
先手,15,,,,
先手,15,,,,
先手,11,,,,
先手,13,,,,
先手,13,,,,
先手,13,,,,
先手,11,,,,
先手,13,,,,
先手,13,,,,
先手,13,,,,
先手,13,,,,
先手,13,,,,
先手,13,,,,
先手,13,,,,
先手,17,,,,
先手,13,,,,
先手,13,,,,
先手,13,,,,
先手,13,,,,
先手,11,,,,
先手,17,,,,
先手,15,,,,
先手,15,,,,
先手,13,,,,
先手,13,,,,
先手,11,,,,
先手,9,,,,
先手,13,,,,
先手,15,,,,
先手,13,,,,
先手,11,,,,
先手,13,,,,
先手,11,,,,
先手,13,,,,
先手,11,,,,
先手,13,,,,
先手,13,,,,
先手,11,,,,
先手,11,,,,
先手,13,,,,
先手,13,,,,
先手,15,,,,
先手,13,,,,
先手,13,,,,
先手,13,,,,
先手,15,,,,
先手,13,,,,
先手,13,,,,
先手,11,,,,
先手,13,,,,
先手,13,,,,
先手,15,,,,
先手,11,,,,
先手,13,,,,
先手,11,,,,
先手,13,,,,
先手,11,,,,
先手,13,,,,
先手,11,,,,
先手,17,,,,
先手,13,,,,
先手,9,,,,
先手,11,,,,
先手,15,,,,
先手,11,,,,
先手,11,,,,
先手,11,,,,
先手,11,,,,
先手,13,,,,
先手,15,,,,
先手,15,,,,
先手,17,,,,
先手,13,,,,
先手,13,,,,
先手,15,,,,
先手,13,,,,
先手,13,,,,
先手,15,,,,
先手,15,,,,
先手,13,,,,
先手,15,,,,
先手,11,,,,
先手,13,,,,
先手,17,,,,
先手,17,,,,
先手,13,,,,
先手,11,,,,
先手,13,,,,
先手,15,,,,
先手,13,,,,
先手,15,,,,
先手,13,,,,
先手,13,,,,
先手,15,,,,
先手,13,,,,
先手,13,,,,
先手,15,,,,
先手,13,,,,
先手,13,,,,
先手,13,,,,
先手,13,,,,
先手,13,,,,
先手,13,,,,
先手,13,,,,
先手,15,,,,
先手,13,,,,
先手,17,,,,
先手,15,,,,
先手,13,,,,
先手,15,,,,
先手,13,,,,
先手,13,,,,
先手,13,,,,
先手,15,,,,
先手,13,,,,
先手,13,,,,
先手,13,,,,
先手,11,,,,
先手,15,,,,
先手,17,,,,
先手,13,,,,
先手,13,,,,
先手,13,,,,
先手,15,,,,
先手,11,,,,
先手,13,,,,
先手,13,,,,
先手,15,,,,
先手,13,,,,
先手,13,,,,
先手,13,,,,
先手,13,,,,
先手,13,,,,
先手,11,,,,
先手,11,,,,
先手,15,,,,
先手,9,,,,
先手,11,,,,
先手,15,,,,
先手,15,,,,
先手,13,,,,
先手,13,,,,
先手,15,,,,
先手,15,,,,
先手,13,,,,
先手,11,,,,
先手,13,,,,
先手,13,,,,
先手,13,,,,
先手,15,,,,
先手,11,,,,
先手,13,,,,
先手,11,,,,
先手,13,,,,
先手,15,,,,
先手,13,,,,
先手,13,,,,
先手,13,,,,
先手,11,,,,
先手,13,,,,
先手,13,,,,
先手,11,,,,
先手,13,,,,
先手,11,,,,
先手,11,,,,
先手,11,,,,
先手,13,,,,
先手,11,,,,
先手,11,,,,
先手,15,,,,
先手,13,,,,
先手,13,,,,
先手,9,,,,
先手,13,,,,
先手,15,,,,
先手,13,,,,
先手,11,,,,
先手,13,,,,
先手,13,,,,
先手,13,,,,
先手,13,,,,
先手,11,,,,
先手,13,,,,
先手,17,,,,
先手,11,,,,
先手,13,,,,
先手,11,,,,
先手,11,,,,
先手,13,,,,
先手,13,,,,
先手,13,,,,
先手,11,,,,
先手,15,,,,
先手,13,,,,
先手,15,,,,
先手,15,,,,
先手,15,,,,
先手,13,,,,
先手,15,,,,
先手,13,,,,
先手,13,,,,
先手,11,,,,
先手,15,,,,
先手,13,,,,
先手,13,,,,
先手,13,,,,
先手,15,,,,
先手,13,,,,
先手,13,,,,
先手,15,,,,
先手,15,,,,
先手,11,,,,
先手,15,,,,
先手,17,,,,
先手,13,,,,
先手,15,,,,
先手,13,,,,
先手,13,,,,
先手,13,,,,
先手,13,,,,
先手,13,,,,
先手,13,,,,
先手,13,,,,
先手,15,,,,
先手,11,,,,
先手,13,,,,
先手,13,,,,
先手,15,,,,
先手,13,,,,
先手,11,,,,
先手,11,,,,
先手,11,,,,
先手,15,,,,
先手,11,,,,
先手,11,,,,
先手,11,,,,
先手,15,,,,
先手,13,,,,
先手,13,,,,
先手,13,,,,
先手,9,,,,
先手,13,,,,
先手,13,,,,
先手,13,,,,
先手,11,,,,
先手,13,,,,
先手,15,,,,
先手,11,,,,
先手,15,,,,
先手,17,,,,
先手,15,,,,
先手,13,,,,
先手,15,,,,
先手,15,,,,
先手,11,,,,
先手,13,,,,
先手,13,,,,
先手,11,,,,
先手,11,,,,
先手,13,,,,
先手,13,,,,
先手,15,,,,
先手,13,,,,
先手,15,,,,
先手,13,,,,
先手,17,,,,
先手,11,,,,
先手,15,,,,
先手,13,,,,
先手,15,,,,
先手,11,,,,
先手,11,,,,
先手,13,,,,
先手,13,,,,
先手,13,,,,
先手,13,,,,
先手,15,,,,
先手,13,,,,
先手,13,,,,
先手,11,,,,
先手,11,,,,
先手,15,,,,
先手,13,,,,
先手,13,,,,
先手,15,,,,
先手,13,,,,
先手,15,,,,
先手,13,,,,
先手,11,,,,
先手,11,,,,
先手,13,,,,
先手,13,,,,
先手,11,,,,
先手,17,,,,
先手,13,,,,
先手,13,,,,
先手,15,,,,
先手,13,,,,
先手,13,,,,
先手,13,,,,
先手,13,,,,
先手,13,,,,
先手,13,,,,
先手,13,,,,
先手,13,,,,
先手,13,,,,
先手,11,,,,
先手,13,,,,
先手,13,,,,
先手,11,,,,
先手,13,,,,
先手,15,,,,
先手,13,,,,
先手,13,,,,
先手,13,,,,
先手,13,,,,
先手,11,,,,
先手,15,,,,
先手,13,,,,
先手,17,,,,
先手,15,,,,
先手,13,,,,
先手,13,,,,
先手,11,,,,
先手,9,,,,
先手,15,,,,
先手,11,,,,
先手,15,,,,
先手,11,,,,
先手,13,,,,
先手,13,,,,
先手,13,,,,
先手,11,,,,
先手,15,,,,
先手,15,,,,
先手,11,,,,
先手,15,,,,
先手,15,,,,
先手,13,,,,
先手,11,,,,
先手,15,,,,
先手,11,,,,
先手,15,,,,
先手,15,,,,
先手,13,,,,
先手,13,,,,
先手,11,,,,
先手,13,,,,
先手,13,,,,
先手,15,,,,
先手,11,,,,
先手,13,,,,
先手,13,,,,
先手,15,,,,
先手,13,,,,
先手,17,,,,
先手,17,,,,
先手,13,,,,
先手,13,,,,
先手,15,,,,
先手,11,,,,
先手,13,,,,
先手,13,,,,
先手,15,,,,
先手,11,,,,
先手,15,,,,
先手,11,,,,
先手,11,,,,
先手,17,,,,
先手,15,,,,
先手,13,,,,
先手,11,,,,
先手,15,,,,
先手,15,,,,
先手,13,,,,
先手,11,,,,
先手,17,,,,
先手,13,,,,
先手,13,,,,
先手,15,,,,
先手,9,,,,
先手,15,,,,
先手,13,,,,
先手,15,,,,
先手,13,,,,
先手,15,,,,
先手,11,,,,
先手,9,,,,
先手,15,,,,
先手,13,,,,
先手,13,,,,
先手,13,,,,
先手,13,,,,
先手,17,,,,
先手,11,,,,
先手,11,,,,
先手,13,,,,
先手,15,,,,
先手,13,,,,
先手,13,,,,
先手,13,,,,
先手,17,,,,
先手,11,,,,
先手,13,,,,
先手,11,,,,
先手,13,,,,
先手,13,,,,
先手,11,,,,
先手,15,,,,
先手,13,,,,
先手,11,,,,
先手,13,,,,
先手,9,,,,
先手,11,,,,
先手,11,,,,
先手,11,,,,
先手,13,,,,
先手,13,,,,
先手,13,,,,
先手,17,,,,
先手,11,,,,
先手,15,,,,
先手,11,,,,
先手,17,,,,
先手,15,,,,
先手,13,,,,
先手,13,,,,
先手,13,,,,
先手,13,,,,
先手,13,,,,
先手,11,,,,
先手,17,,,,
先手,15,,,,
先手,11,,,,
先手,17,,,,
先手,13,,,,
先手,15,,,,
先手,11,,,,
先手,11,,,,
先手,13,,,,
先手,15,,,,
先手,11,,,,
先手,15,,,,
先手,13,,,,
先手,15,,,,
先手,9,,,,
先手,11,,,,
先手,11,,,,
先手,17,,,,
先手,11,,,,
先手,11,,,,
先手,13,,,,
先手,13,,,,
先手,13,,,,
先手,13,,,,
先手,15,,,,
先手,13,,,,
先手,11,,,,
先手,15,,,,
先手,13,,,,
先手,13,,,,
先手,13,,,,
先手,15,,,,
先手,13,,,,
先手,13,,,,
先手,13,,,,
先手,15,,,,
先手,13,,,,
先手,13,,,,
先手,15,,,,
先手,13,,,,
先手,11,,,,
先手,13,,,,
先手,13,,,,
先手,11,,,,
先手,13,,,,
先手,13,,,,
先手,13,,,,
先手,15,,,,
先手,13,,,,
先手,11,,,,
先手,11,,,,
先手,13,,,,
先手,13,,,,
先手,15,,,,
先手,13,,,,
先手,11,,,,
先手,13,,,,
先手,15,,,,
先手,13,,,,
先手,13,,,,
先手,13,,,,
先手,11,,,,
先手,11,,,,
先手,13,,,,
先手,11,,,,
先手,13,,,,
先手,11,,,,
先手,13,,,,
先手,11,,,,
先手,11,,,,
先手,15,,,,
先手,15,,,,
先手,13,,,,
先手,13,,,,
先手,15,,,,
先手,13,,,,
先手,17,,,,
先手,11,,,,
先手,13,,,,
先手,13,,,,
先手,13,,,,
先手,11,,,,
先手,11,,,,
先手,11,,,,
先手,11,,,,
先手,11,,,,
先手,13,,,,
先手,15,,,,
先手,13,,,,
先手,15,,,,
先手,13,,,,
先手,13,,,,
先手,11,,,,
先手,13,,,,
先手,11,,,,
先手,11,,,,
先手,11,,,,
先手,11,,,,
先手,13,,,,
先手,13,,,,
先手,13,,,,
先手,15,,,,
先手,13,,,,
先手,17,,,,
先手,13,,,,
先手,13,,,,
先手,13,,,,
先手,15,,,,
先手,11,,,,
先手,15,,,,
先手,13,,,,
先手,15,,,,
先手,13,,,,
先手,15,,,,
先手,13,,,,
先手,13,,,,
先手,15,,,,
先手,11,,,,
先手,15,,,,
先手,13,,,,
先手,13,,,,
先手,13,,,,
先手,11,,,,
先手,15,,,,
先手,13,,,,
先手,13,,,,
先手,15,,,,
先手,15,,,,
先手,11,,,,
先手,13,,,,
先手,13,,,,
先手,13,,,,
先手,13,,,,
先手,11,,,,
先手,9,,,,
先手,9,,,,
先手,13,,,,
先手,13,,,,
先手,13,,,,
先手,13,,,,
先手,11,,,,
先手,13,,,,
先手,15,,,,
先手,13,,,,
先手,11,,,,
先手,13,,,,
先手,13,,,,
先手,13,,,,
先手,13,,,,
先手,13,,,,
先手,11,,,,
先手,11,,,,
先手,17,,,,
先手,13,,,,
先手,11,,,,
先手,13,,,,
先手,13,,,,
先手,11,,,,
先手,15,,,,
先手,13,,,,
先手,13,,,,
先手,15,,,,
先手,15,,,,
先手,15,,,,
先手,15,,,,
先手,17,,,,
先手,15,,,,
先手,13,,,,
先手,11,,,,
先手,13,,,,
先手,15,,,,
先手,13,,,,
先手,15,,,,
先手,11,,,,
先手,13,,,,
先手,15,,,,
先手,13,,,,
先手,13,,,,
先手,15,,,,
先手,13,,,,
先手,13,,,,
先手,15,,,,
先手,13,,,,
先手,17,,,,
先手,13,,,,
先手,15,,,,
先手,15,,,,
先手,13,,,,
先手,11,,,,
先手,13,,,,
先手,13,,,,
先手,13,,,,
先手,13,,,,
先手,13,,,,
先手,11,,,,
先手,15,,,,
先手,15,,,,
先手,13,,,,
先手,13,,,,
先手,13,,,,
先手,11,,,,
先手,13,,,,
先手,13,,,,
先手,13,,,,
先手,11,,,,
先手,11,,,,
先手,11,,,,
先手,11,,,,
先手,15,,,,
先手,13,,,,
先手,13,,,,
先手,13,,,,
先手,11,,,,
先手,13,,,,
先手,11,,,,
先手,11,,,,
先手,11,,,,
先手,13,,,,
先手,13,,,,
先手,13,,,,
先手,13,,,,
先手,15,,,,
先手,15,,,,
先手,11,,,,
先手,9,,,,
先手,13,,,,
先手,15,,,,
先手,11,,,,
先手,11,,,,
先手,15,,,,
先手,13,,,,
先手,11,,,,
先手,15,,,,
先手,13,,,,
先手,13,,,,
先手,15,,,,
先手,11,,,,
先手,15,,,,
先手,13,,,,
先手,11,,,,
先手,11,,,,
先手,13,,,,
先手,13,,,,
先手,11,,,,
先手,15,,,,
先手,11,,,,
先手,15,,,,
先手,15,,,,
先手,15,,,,
先手,11,,,,
先手,13,,,,
先手,15,,,,
先手,11,,,,
先手,13,,,,
先手,13,,,,
先手,13,,,,
先手,15,,,,
先手,11,,,,
先手,11,,,,
先手,13,,,,
先手,13,,,,
先手,13,,,,
先手,15,,,,
先手,11,,,,
先手,13,,,,
先手,11,,,,
先手,13,,,,
先手,13,,,,
先手,15,,,,
先手,13,,,,
先手,11,,,,
先手,13,,,,
先手,15,,,,
先手,13,,,,
先手,15,,,,
先手,13,,,,
先手,11,,,,
先手,13,,,,
先手,13,,,,
先手,13,,,,
先手,15,,,,
先手,17,,,,
先手,15,,,,
先手,13,,,,
先手,11,,,,
先手,11,,,,
先手,13,,,,
先手,13,,,,
先手,13,,,,
先手,15,,,,
先手,13,,,,
先手,15,,,,
先手,13,,,,
先手,13,,,,
先手,17,,,,
先手,13,,,,
先手,15,,,,
先手,15,,,,
先手,13,,,,
先手,15,,,,
先手,15,,,,
先手,17,,,,
先手,11,,,,
先手,11,,,,
先手,11,,,,
先手,9,,,,
先手,13,,,,
先手,13,,,,
先手,15,,,,
先手,15,,,,
先手,13,,,,
先手,13,,,,
先手,11,,,,
先手,11,,,,
先手,13,,,,
先手,11,,,,
先手,13,,,,
先手,13,,,,
先手,11,,,,
先手,15,,,,
先手,11,,,,
先手,11,,,,
先手,15,,,,
先手,15,,,,
先手,11,,,,
先手,15,,,,
先手,13,,,,
先手,13,,,,
先手,11,,,,
先手,13,,,,
先手,11,,,,
先手,15,,,,
先手,11,,,,
先手,17,,,,
先手,13,,,,
先手,15,,,,
先手,11,,,,
先手,11,,,,
先手,13,,,,
先手,13,,,,
先手,15,,,,
先手,11,,,,
先手,17,,,,
先手,11,,,,
先手,15,,,,
先手,11,,,,
先手,15,,,,
先手,9,,,,
先手,15,,,,
先手,15,,,,
先手,11,,,,
先手,13,,,,
先手,13,,,,
先手,15,,,,
先手,11,,,,
先手,13,,,,
先手,15,,,,
先手,13,,,,
先手,11,,,,
先手,15,,,,
先手,15,,,,
先手,13,,,,
先手,13,,,,
先手,15,,,,
先手,11,,,,
先手,15,,,,
先手,13,,,,
先手,13,,,,
先手,11,,,,
先手,13,,,,
先手,11,,,,
先手,15,,,,
先手,11,,,,
先手,13,,,,
先手,13,,,,
先手,15,,,,
先手,15,,,,
先手,11,,,,
先手,11,,,,
先手,13,,,,
先手,13,,,,
先手,13,,,,
先手,11,,,,
先手,15,,,,
先手,11,,,,
先手,13,,,,
先手,15,,,,
先手,13,,,,
先手,9,,,,
先手,15,,,,
先手,13,,,,
先手,13,,,,
先手,11,,,,
先手,13,,,,
先手,17,,,,
先手,15,,,,
先手,13,,,,
先手,15,,,,
先手,13,,,,
先手,11,,,,
先手,13,,,,
先手,13,,,,
先手,11,,,,
先手,15,,,,
先手,13,,,,
先手,9,,,,
先手,13,,,,
先手,17,,,,
先手,11,,,,
先手,11,,,,
先手,9,,,,
先手,13,,,,
先手,15,,,,
先手,13,,,,
先手,13,,,,
先手,17,,,,
先手,13,,,,
先手,13,,,,
先手,13,,,,
先手,11,,,,
先手,13,,,,
先手,15,,,,
先手,13,,,,
先手,15,,,,
先手,11,,,,
先手,15,,,,
先手,15,,,,
先手,13,,,,
先手,15,,,,
先手,13,,,,
先手,13,,,,
先手,11,,,,
先手,13,,,,
先手,11,,,,
先手,13,,,,
先手,15,,,,
先手,11,,,,
先手,15,,,,
先手,13,,,,
先手,11,,,,
先手,11,,,,
先手,11,,,,
先手,15,,,,
先手,13,,,,
先手,13,,,,
先手,15,,,,
先手,13,,,,
先手,13,,,,
先手,17,,,,
先手,15,,,,
先手,13,,,,
先手,17,,,,
先手,15,,,,
先手,9,,,,
先手,11,,,,
先手,13,,,,
先手,15,,,,
先手,17,,,,
先手,15,,,,
先手,13,,,,
先手,11,,,,
先手,13,,,,
先手,15,,,,
先手,13,,,,
先手,13,,,,
先手,11,,,,
先手,11,,,,
先手,13,,,,
先手,11,,,,
先手,13,,,,
先手,17,,,,
先手,15,,,,
先手,13,,,,
先手,13,,,,
先手,15,,,,
先手,15,,,,
先手,13,,,,
先手,11,,,,
先手,13,,,,
先手,13,,,,
先手,13,,,,
先手,11,,,,
先手,11,,,,
先手,13,,,,
先手,11,,,,
先手,11,,,,
先手,15,,,,
先手,13,,,,
先手,15,,,,
先手,17,,,,
先手,15,,,,
先手,13,,,,
先手,13,,,,
先手,15,,,,
先手,13,,,,
先手,13,,,,
先手,15,,,,
先手,15,,,,
先手,15,,,,
先手,15,,,,
先手,13,,,,
先手,13,,,,
先手,11,,,,
先手,13,,,,
先手,15,,,,
先手,11,,,,
先手,11,,,,
先手,13,,,,
先手,13,,,,
先手,11,,,,
先手,13,,,,
先手,13,,,,
先手,17,,,,
先手,13,,,,
先手,15,,,,
先手,17,,,,
先手,13,,,,
先手,13,,,,
先手,13,,,,
先手,17,,,,
先手,15,,,,
先手,11,,,,
先手,13,,,,
先手,11,,,,
先手,13,,,,
先手,15,,,,
先手,13,,,,
先手,11,,,,
先手,15,,,,
先手,13,,,,
先手,13,,,,
先手,15,,,,
先手,13,,,,
先手,11,,,,
先手,13,,,,
先手,13,,,,
先手,15,,,,
先手,13,,,,
先手,11,,,,
先手,15,,,,
先手,9,,,,
先手,13,,,,
先手,11,,,,
先手,15,,,,
先手,11,,,,
先手,15,,,,
先手,13,,,,
先手,13,,,,
先手,13,,,,
先手,13,,,,
先手,13,,,,
先手,17,,,,
先手,13,,,,
先手,15,,,,
先手,13,,,,
先手,13,,,,
先手,17,,,,
先手,15,,,,
先手,13,,,,
先手,11,,,,
先手,15,,,,
先手,15,,,,
先手,11,,,,
先手,9,,,,
先手,13,,,,
先手,15,,,,
先手,13,,,,
先手,13,,,,
先手,17,,,,
先手,13,,,,
先手,15,,,,
先手,13,,,,
先手,11,,,,
先手,13,,,,
先手,13,,,,
先手,11,,,,
先手,13,,,,
先手,13,,,,
先手,15,,,,
先手,13,,,,
先手,15,,,,
先手,13,,,,
先手,17,,,,
先手,15,,,,
先手,13,,,,
先手,11,,,,
先手,11,,,,
先手,15,,,,
先手,13,,,,
先手,15,,,,
先手,13,,,,
先手,15,,,,
先手,13,,,,
先手,13,,,,
先手,13,,,,
先手,17,,,,
先手,15,,,,
先手,13,,,,
先手,11,,,,
先手,15,,,,
先手,13,,,,
先手,13,,,,
先手,13,,,,
先手,15,,,,
先手,11,,,,
先手,13,,,,
先手,13,,,,
先手,11,,,,
先手,15,,,,
先手,11,,,,
先手,13,,,,
先手,13,,,,
先手,13,,,,
先手,13,,,,
先手,15,,,,
先手,15,,,,
先手,11,,,,
先手,11,,,,
先手,11,,,,
先手,17,,,,
先手,13,,,,
先手,15,,,,
先手,13,,,,
先手,11,,,,
先手,13,,,,
先手,15,,,,
先手,15,,,,
先手,13,,,,
先手,13,,,,
先手,13,,,,
先手,13,,,,
先手,11,,,,
先手,13,,,,
先手,11,,,,
先手,11,,,,
先手,13,,,,
先手,15,,,,
先手,11,,,,
先手,11,,,,
先手,11,,,,
先手,11,,,,
先手,15,,,,
先手,11,,,,
先手,11,,,,
先手,9,,,,
先手,13,,,,
先手,11,,,,
先手,11,,,,
先手,13,,,,
先手,13,,,,
先手,13,,,,
先手,15,,,,
先手,13,,,,
先手,13,,,,
先手,11,,,,
先手,15,,,,
先手,11,,,,
先手,13,,,,
先手,13,,,,
先手,13,,,,
先手,13,,,,
先手,13,,,,
先手,11,,,,
先手,13,,,,
先手,11,,,,
先手,13,,,,
先手,13,,,,
先手,11,,,,
先手,15,,,,
先手,13,,,,
先手,13,,,,
先手,15,,,,
先手,15,,,,
先手,13,,,,
先手,11,,,,
先手,13,,,,
先手,9,,,,
先手,11,,,,
先手,13,,,,
先手,13,,,,
先手,13,,,,
先手,11,,,,
先手,11,,,,
先手,15,,,,
先手,13,,,,
先手,13,,,,
先手,15,,,,
先手,9,,,,
先手,11,,,,
先手,15,,,,
先手,13,,,,
先手,13,,,,
先手,13,,,,
先手,11,,,,
先手,15,,,,
先手,11,,,,
先手,13,,,,
先手,13,,,,
先手,11,,,,
先手,15,,,,
先手,13,,,,
先手,13,,,,
先手,19,,,,
先手,17,,,,
先手,13,,,,
先手,15,,,,
先手,9,,,,
先手,13,,,,
先手,13,,,,
先手,13,,,,
先手,17,,,,
先手,15,,,,
先手,13,,,,
先手,13,,,,
先手,15,,,,
先手,15,,,,
先手,13,,,,
先手,13,,,,
先手,13,,,,
先手,15,,,,
先手,15,,,,
先手,17,,,,
先手,13,,,,
先手,11,,,,
先手,13,,,,
先手,15,,,,
先手,15,,,,
先手,13,,,,
先手,13,,,,
先手,11,,,,
先手,13,,,,
先手,13,,,,
先手,15,,,,
先手,11,,,,
先手,13,,,,
先手,15,,,,
先手,15,,,,
先手,13,,,,
先手,11,,,,
先手,13,,,,
先手,15,,,,
先手,11,,,,
先手,13,,,,
先手,11,,,,
先手,13,,,,
先手,13,,,,
先手,11,,,,
先手,11,,,,
先手,13,,,,
先手,15,,,,
先手,13,,,,
先手,15,,,,
先手,15,,,,
先手,11,,,,
先手,13,,,,
先手,11,,,,
先手,13,,,,
先手,13,,,,
先手,13,,,,
先手,13,,,,
先手,13,,,,
先手,13,,,,
先手,11,,,,
先手,11,,,,
先手,11,,,,
先手,13,,,,
先手,13,,,,
先手,13,,,,
先手,13,,,,
先手,15,,,,
先手,11,,,,
先手,13,,,,
先手,17,,,,
先手,9,,,,
先手,15,,,,
先手,11,,,,
先手,15,,,,
先手,13,,,,
先手,13,,,,
先手,15,,,,
先手,15,,,,
先手,13,,,,
先手,11,,,,
先手,11,,,,
先手,13,,,,
先手,15,,,,
先手,15,,,,
先手,11,,,,
先手,11,,,,
先手,13,,,,
先手,15,,,,
先手,15,,,,
先手,13,,,,
先手,13,,,,
先手,11,,,,
先手,13,,,,
先手,11,,,,
先手,15,,,,
先手,11,,,,
先手,11,,,,
先手,13,,,,
先手,15,,,,
先手,13,,,,
先手,13,,,,
先手,15,,,,
先手,13,,,,
先手,11,,,,
先手,13,,,,
先手,15,,,,
先手,11,,,,
先手,13,,,,
先手,13,,,,
先手,13,,,,
先手,13,,,,
先手,15,,,,
先手,13,,,,
先手,13,,,,
先手,15,,,,
先手,13,,,,
先手,13,,,,
先手,13,,,,
先手,15,,,,
先手,11,,,,
先手,13,,,,
先手,13,,,,
先手,17,,,,
先手,17,,,,
先手,15,,,,
先手,15,,,,
先手,15,,,,
先手,13,,,,
先手,19,,,,
先手,13,,,,
先手,11,,,,
先手,13,,,,
先手,13,,,,
先手,13,,,,
先手,13,,,,
先手,11,,,,
先手,13,,,,
先手,13,,,,
先手,13,,,,
先手,15,,,,
先手,13,,,,
先手,15,,,,
先手,15,,,,
先手,15,,,,
先手,11,,,,
先手,13,,,,
先手,15,,,,
先手,11,,,,
先手,11,,,,
先手,13,,,,
先手,13,,,,
先手,11,,,,
先手,13,,,,
先手,13,,,,
先手,13,,,,
先手,13,,,,
先手,13,,,,
先手,11,,,,
先手,15,,,,
先手,11,,,,
先手,15,,,,
先手,11,,,,
先手,15,,,,
先手,15,,,,
先手,9,,,,
先手,15,,,,
先手,11,,,,
先手,15,,,,
先手,13,,,,
先手,13,,,,
先手,13,,,,
先手,13,,,,
先手,11,,,,
先手,9,,,,
先手,13,,,,
先手,13,,,,
先手,13,,,,
先手,11,,,,
先手,13,,,,
先手,15,,,,
先手,13,,,,
先手,13,,,,
先手,13,,,,
先手,13,,,,
先手,13,,,,
先手,13,,,,
先手,15,,,,
先手,15,,,,
先手,11,,,,
先手,13,,,,
先手,11,,,,
先手,13,,,,
先手,11,,,,
先手,13,,,,
先手,13,,,,
先手,11,,,,
先手,13,,,,
先手,11,,,,
先手,15,,,,
先手,13,,,,
先手,11,,,,
先手,13,,,,
先手,11,,,,
先手,13,,,,
先手,11,,,,
先手,15,,,,
先手,13,,,,
先手,11,,,,
先手,13,,,,
先手,15,,,,
先手,13,,,,
先手,11,,,,
先手,13,,,,
先手,13,,,,
先手,11,,,,
先手,11,,,,
先手,13,,,,
先手,13,,,,
先手,11,,,,
先手,13,,,,
先手,15,,,,
先手,11,,,,
先手,13,,,,
先手,13,,,,
先手,15,,,,
先手,11,,,,
先手,13,,,,
先手,13,,,,
先手,11,,,,
先手,15,,,,
先手,15,,,,
先手,13,,,,
先手,13,,,,
先手,15,,,,
先手,13,,,,
先手,13,,,,
先手,13,,,,
先手,15,,,,
先手,13,,,,
先手,11,,,,
先手,11,,,,
先手,15,,,,
先手,11,,,,
先手,13,,,,
先手,15,,,,
先手,13,,,,
先手,13,,,,
先手,13,,,,
先手,15,,,,
先手,13,,,,
先手,15,,,,
先手,9,,,,
先手,13,,,,
先手,15,,,,
先手,13,,,,
先手,15,,,,
先手,15,,,,
先手,13,,,,
先手,17,,,,
先手,13,,,,
先手,15,,,,
先手,13,,,,
先手,13,,,,
先手,11,,,,
先手,15,,,,
先手,11,,,,
先手,15,,,,
先手,13,,,,
先手,11,,,,
先手,13,,,,
先手,11,,,,
先手,13,,,,
先手,15,,,,
先手,13,,,,
先手,15,,,,
先手,13,,,,
先手,13,,,,
先手,15,,,,
先手,11,,,,
先手,13,,,,
先手,15,,,,
先手,13,,,,
先手,13,,,,
先手,11,,,,
先手,11,,,,
先手,17,,,,
先手,13,,,,
先手,17,,,,
先手,15,,,,
先手,11,,,,
先手,13,,,,
先手,13,,,,
先手,13,,,,
先手,11,,,,
先手,13,,,,
先手,9,,,,
先手,13,,,,
先手,15,,,,
先手,11,,,,
先手,13,,,,
先手,13,,,,
先手,15,,,,
先手,13,,,,
先手,11,,,,
先手,13,,,,
先手,13,,,,
先手,11,,,,
先手,13,,,,
先手,13,,,,
先手,13,,,,
先手,13,,,,
先手,15,,,,
先手,15,,,,
先手,11,,,,
先手,11,,,,
先手,13,,,,
先手,15,,,,
先手,13,,,,
先手,13,,,,
先手,13,,,,
先手,11,,,,
先手,13,,,,
先手,15,,,,
先手,13,,,,
先手,13,,,,
先手,11,,,,
先手,13,,,,
先手,13,,,,
先手,13,,,,
先手,11,,,,
先手,13,,,,
先手,17,,,,
先手,15,,,,
先手,15,,,,
先手,13,,,,
先手,13,,,,
先手,15,,,,
先手,15,,,,
先手,9,,,,
先手,13,,,,
先手,15,,,,
先手,15,,,,
先手,15,,,,
先手,11,,,,
先手,11,,,,
先手,13,,,,
先手,13,,,,
先手,15,,,,
先手,11,,,,
先手,11,,,,
先手,15,,,,
先手,15,,,,
先手,11,,,,
先手,13,,,,
先手,13,,,,
先手,11,,,,
先手,15,,,,
先手,13,,,,
先手,11,,,,
先手,11,,,,
先手,13,,,,
先手,13,,,,
先手,11,,,,
先手,13,,,,
先手,11,,,,
先手,15,,,,
先手,13,,,,
先手,15,,,,
先手,15,,,,
先手,13,,,,
先手,13,,,,
先手,13,,,,
先手,15,,,,
先手,11,,,,
先手,13,,,,
先手,13,,,,
先手,13,,,,
先手,13,,,,
先手,13,,,,
先手,9,,,,
先手,15,,,,
先手,11,,,,
先手,13,,,,
先手,15,,,,
先手,13,,,,
先手,11,,,,
先手,15,,,,
先手,15,,,,
先手,11,,,,
先手,13,,,,
先手,15,,,,
先手,15,,,,
先手,13,,,,
先手,11,,,,
先手,13,,,,
先手,13,,,,
先手,15,,,,
先手,13,,,,
先手,15,,,,
先手,11,,,,
先手,15,,,,
先手,15,,,,
先手,15,,,,
先手,13,,,,
先手,13,,,,
先手,13,,,,
先手,13,,,,
先手,15,,,,
先手,13,,,,
先手,13,,,,
先手,15,,,,
先手,13,,,,
先手,11,,,,
先手,13,,,,
先手,13,,,,
先手,13,,,,
先手,15,,,,
先手,11,,,,
先手,13,,,,
先手,13,,,,
先手,11,,,,
先手,17,,,,
先手,13,,,,
先手,17,,,,
先手,11,,,,
先手,13,,,,
先手,15,,,,
先手,11,,,,
先手,13,,,,
先手,15,,,,
先手,13,,,,
先手,13,,,,
先手,13,,,,
先手,11,,,,
先手,13,,,,
先手,13,,,,
先手,13,,,,
先手,13,,,,
先手,11,,,,
先手,17,,,,
先手,13,,,,
先手,11,,,,
先手,17,,,,
先手,11,,,,
先手,11,,,,
先手,13,,,,
先手,13,,,,
先手,13,,,,
先手,13,,,,
先手,11,,,,
先手,11,,,,
先手,13,,,,
先手,17,,,,
先手,11,,,,
先手,15,,,,
先手,13,,,,
先手,13,,,,
先手,11,,,,
先手,13,,,,
先手,15,,,,
先手,11,,,,
先手,15,,,,
先手,15,,,,
先手,13,,,,
先手,11,,,,
先手,15,,,,
先手,13,,,,
先手,15,,,,
先手,17,,,,
先手,13,,,,
先手,13,,,,
先手,13,,,,
先手,11,,,,
先手,13,,,,
先手,11,,,,
先手,11,,,,
先手,13,,,,
先手,13,,,,
先手,11,,,,
先手,15,,,,
先手,13,,,,
先手,11,,,,
先手,11,,,,
先手,13,,,,
先手,13,,,,
先手,13,,,,
先手,13,,,,
先手,13,,,,
先手,13,,,,
先手,15,,,,
先手,15,,,,
先手,13,,,,
先手,11,,,,
先手,11,,,,
先手,9,,,,
先手,11,,,,
先手,15,,,,
先手,11,,,,
先手,11,,,,
先手,13,,,,
先手,15,,,,
先手,15,,,,
先手,17,,,,
先手,15,,,,
先手,13,,,,
先手,17,,,,
先手,11,,,,
先手,13,,,,
先手,11,,,,
先手,15,,,,
先手,11,,,,
先手,15,,,,
先手,11,,,,
先手,13,,,,
先手,13,,,,
先手,9,,,,
先手,13,,,,
先手,13,,,,
先手,13,,,,
先手,11,,,,
先手,11,,,,
先手,9,,,,
先手,11,,,,
先手,15,,,,
先手,13,,,,
先手,11,,,,
先手,13,,,,
先手,13,,,,
先手,11,,,,
先手,13,,,,
先手,13,,,,
先手,15,,,,
先手,11,,,,
先手,13,,,,
先手,13,,,,
先手,15,,,,
先手,13,,,,
先手,11,,,,
先手,11,,,,
先手,13,,,,
先手,13,,,,
先手,11,,,,
先手,13,,,,
先手,13,,,,
先手,17,,,,
先手,15,,,,
先手,11,,,,
先手,13,,,,
先手,13,,,,
先手,15,,,,
先手,13,,,,
先手,11,,,,
先手,11,,,,
先手,11,,,,
先手,11,,,,
先手,13,,,,
先手,11,,,,
先手,13,,,,
先手,11,,,,
先手,15,,,,
先手,13,,,,
先手,13,,,,
先手,11,,,,
先手,9,,,,
先手,15,,,,
先手,13,,,,
先手,11,,,,
先手,13,,,,
先手,13,,,,
先手,15,,,,
先手,13,,,,
先手,11,,,,
先手,13,,,,
先手,13,,,,
先手,13,,,,
先手,15,,,,
先手,13,,,,
先手,15,,,,
先手,11,,,,
先手,13,,,,
先手,15,,,,
先手,9,,,,
先手,13,,,,
先手,11,,,,
先手,13,,,,
先手,13,,,,
先手,13,,,,
先手,15,,,,
先手,13,,,,
先手,11,,,,
先手,15,,,,
先手,11,,,,
先手,15,,,,
先手,15,,,,
先手,11,,,,
先手,11,,,,
先手,11,,,,
先手,13,,,,
先手,13,,,,
先手,13,,,,
先手,15,,,,
先手,15,,,,
先手,13,,,,
先手,11,,,,
先手,11,,,,
先手,13,,,,
先手,11,,,,
先手,15,,,,
先手,13,,,,
先手,11,,,,
先手,11,,,,
先手,13,,,,
先手,13,,,,
先手,17,,,,
先手,15,,,,
先手,11,,,,
先手,13,,,,
先手,9,,,,
先手,15,,,,
先手,13,,,,
先手,13,,,,
先手,11,,,,
先手,13,,,,
先手,11,,,,
先手,13,,,,
先手,13,,,,
先手,13,,,,
先手,13,,,,
先手,15,,,,
先手,13,,,,
先手,13,,,,
先手,15,,,,
先手,17,,,,
先手,11,,,,
先手,13,,,,
先手,13,,,,
先手,13,,,,
先手,13,,,,
先手,13,,,,
先手,15,,,,
先手,13,,,,
先手,13,,,,
先手,15,,,,
先手,11,,,,
先手,13,,,,
先手,11,,,,
先手,13,,,,
先手,13,,,,
先手,15,,,,
先手,15,,,,
先手,11,,,,
先手,13,,,,
先手,15,,,,
先手,17,,,,
先手,13,,,,
先手,11,,,,
先手,13,,,,
先手,11,,,,
先手,13,,,,
先手,13,,,,
先手,11,,,,
先手,13,,,,
先手,13,,,,
先手,15,,,,
先手,15,,,,
先手,15,,,,
先手,15,,,,
先手,11,,,,
先手,15,,,,
先手,13,,,,
先手,13,,,,
先手,13,,,,
先手,17,,,,
先手,11,,,,
先手,15,,,,
先手,13,,,,
先手,11,,,,
先手,15,,,,
先手,13,,,,
先手,15,,,,
先手,13,,,,
先手,13,,,,
先手,13,,,,
先手,13,,,,
先手,13,,,,
先手,11,,,,
先手,11,,,,
先手,13,,,,
先手,13,,,,
先手,13,,,,
先手,11,,,,
先手,15,,,,
先手,11,,,,
先手,15,,,,
先手,13,,,,
先手,9,,,,
先手,15,,,,
先手,13,,,,
先手,13,,,,
先手,13,,,,
先手,13,,,,
先手,15,,,,
先手,15,,,,
先手,11,,,,
先手,15,,,,
先手,11,,,,
先手,13,,,,
先手,15,,,,
先手,11,,,,
先手,13,,,,
先手,13,,,,
先手,13,,,,
先手,11,,,,
先手,13,,,,
先手,15,,,,
先手,11,,,,
先手,13,,,,
先手,15,,,,
先手,13,,,,
先手,13,,,,
先手,17,,,,
先手,15,,,,
先手,13,,,,
先手,15,,,,
先手,13,,,,
先手,13,,,,
先手,11,,,,
先手,13,,,,
先手,9,,,,
先手,13,,,,
先手,13,,,,
先手,11,,,,
先手,11,,,,
先手,13,,,,
先手,13,,,,
先手,13,,,,
先手,11,,,,
先手,13,,,,
先手,11,,,,
先手,15,,,,
先手,9,,,,
先手,11,,,,
先手,13,,,,
先手,13,,,,
先手,13,,,,
先手,13,,,,
先手,15,,,,
先手,13,,,,
先手,13,,,,
先手,13,,,,
先手,15,,,,
先手,11,,,,
先手,15,,,,
先手,11,,,,
先手,9,,,,
先手,13,,,,
先手,9,,,,
先手,11,,,,
先手,15,,,,
先手,11,,,,
先手,15,,,,
先手,11,,,,
先手,11,,,,
先手,11,,,,
先手,13,,,,
先手,13,,,,
先手,13,,,,
先手,15,,,,
先手,13,,,,
先手,13,,,,
先手,13,,,,
先手,17,,,,
先手,13,,,,
先手,13,,,,
先手,11,,,,
先手,13,,,,
先手,15,,,,
先手,11,,,,
先手,13,,,,
先手,11,,,,
先手,13,,,,
先手,11,,,,
先手,13,,,,
先手,11,,,,
先手,13,,,,
先手,13,,,,
先手,13,,,,
先手,15,,,,
先手,13,,,,
先手,11,,,,
先手,13,,,,
先手,13,,,,
先手,15,,,,
先手,13,,,,
先手,13,,,,
先手,15,,,,
先手,11,,,,
先手,13,,,,
先手,15,,,,
先手,13,,,,
先手,13,,,,
先手,13,,,,
先手,13,,,,
先手,11,,,,
先手,13,,,,
先手,11,,,,
先手,13,,,,
先手,13,,,,
先手,15,,,,
先手,13,,,,
先手,13,,,,
先手,11,,,,
先手,11,,,,
先手,11,,,,
先手,11,,,,
先手,15,,,,
先手,13,,,,
先手,15,,,,
先手,15,,,,
先手,15,,,,
先手,15,,,,
先手,13,,,,
先手,11,,,,
先手,15,,,,
先手,15,,,,
先手,13,,,,
先手,13,,,,
先手,13,,,,
先手,13,,,,
先手,13,,,,
先手,11,,,,
先手,13,,,,
先手,15,,,,
先手,11,,,,
先手,15,,,,
先手,13,,,,
先手,15,,,,
先手,13,,,,
先手,13,,,,
先手,13,,,,
先手,15,,,,
先手,11,,,,
先手,13,,,,
先手,13,,,,
先手,13,,,,
先手,13,,,,
先手,13,,,,
先手,11,,,,
先手,13,,,,
先手,13,,,,
先手,15,,,,
先手,11,,,,
先手,11,,,,
先手,11,,,,
先手,13,,,,
先手,13,,,,
先手,13,,,,
先手,13,,,,
先手,11,,,,
先手,13,,,,
先手,13,,,,
先手,13,,,,
先手,13,,,,
先手,17,,,,
先手,11,,,,
先手,13,,,,
先手,9,,,,
先手,13,,,,
先手,13,,,,
先手,15,,,,
先手,13,,,,
先手,11,,,,
先手,13,,,,
先手,15,,,,
先手,13,,,,
先手,11,,,,
先手,15,,,,
先手,13,,,,
先手,13,,,,
先手,15,,,,
先手,15,,,,
先手,13,,,,
先手,11,,,,
先手,13,,,,
先手,11,,,,
先手,11,,,,
先手,15,,,,
先手,13,,,,
先手,13,,,,
先手,15,,,,
先手,13,,,,
先手,13,,,,
先手,13,,,,
先手,11,,,,
先手,13,,,,
先手,11,,,,
先手,11,,,,
先手,15,,,,
先手,13,,,,
先手,13,,,,
先手,13,,,,
先手,13,,,,
先手,13,,,,
先手,17,,,,
先手,11,,,,
先手,15,,,,
先手,13,,,,
先手,13,,,,
先手,13,,,,
先手,15,,,,
先手,15,,,,
先手,13,,,,
先手,13,,,,
先手,11,,,,
先手,15,,,,
先手,13,,,,
先手,17,,,,
先手,11,,,,
先手,15,,,,
先手,15,,,,
先手,11,,,,
先手,11,,,,
先手,15,,,,
先手,13,,,,
先手,13,,,,
先手,17,,,,
先手,13,,,,
先手,13,,,,
先手,13,,,,
先手,15,,,,
先手,11,,,,
先手,13,,,,
先手,11,,,,
先手,13,,,,
先手,15,,,,
先手,13,,,,
先手,15,,,,
先手,13,,,,
先手,13,,,,
先手,13,,,,
先手,13,,,,
先手,11,,,,
先手,13,,,,
先手,13,,,,
先手,13,,,,
先手,15,,,,
先手,13,,,,
先手,15,,,,
先手,13,,,,
先手,15,,,,
先手,13,,,,
先手,15,,,,
先手,15,,,,
先手,13,,,,
先手,13,,,,
先手,11,,,,
先手,11,,,,
先手,15,,,,
先手,15,,,,
先手,13,,,,
先手,11,,,,
先手,15,,,,
先手,15,,,,
先手,13,,,,
先手,13,,,,
先手,15,,,,
先手,13,,,,
先手,13,,,,
先手,15,,,,
先手,13,,,,
先手,13,,,,
先手,15,,,,
先手,13,,,,
先手,13,,,,
先手,11,,,,
先手,17,,,,
先手,9,,,,
先手,13,,,,
先手,17,,,,
先手,11,,,,
先手,13,,,,
先手,15,,,,
先手,15,,,,
先手,11,,,,
先手,11,,,,
先手,11,,,,
先手,13,,,,
先手,13,,,,
先手,13,,,,
先手,13,,,,
先手,13,,,,
先手,11,,,,
先手,15,,,,
先手,15,,,,
先手,15,,,,
先手,15,,,,
先手,13,,,,
先手,13,,,,
先手,13,,,,
先手,15,,,,
先手,11,,,,
先手,13,,,,
先手,13,,,,
先手,13,,,,
先手,11,,,,
先手,13,,,,
先手,13,,,,
先手,15,,,,
先手,15,,,,
先手,13,,,,
先手,15,,,,
先手,13,,,,
先手,17,,,,
先手,13,,,,
先手,15,,,,
先手,13,,,,
先手,15,,,,
先手,11,,,,
先手,15,,,,
先手,15,,,,
先手,15,,,,
先手,13,,,,
先手,13,,,,
先手,11,,,,
先手,13,,,,
先手,13,,,,
先手,11,,,,
先手,15,,,,
先手,11,,,,
先手,13,,,,
先手,15,,,,
先手,11,,,,
先手,13,,,,
先手,15,,,,
先手,13,,,,
先手,13,,,,
先手,15,,,,
先手,9,,,,
先手,13,,,,
先手,17,,,,
先手,15,,,,
先手,13,,,,
先手,11,,,,
先手,15,,,,
先手,13,,,,
先手,15,,,,
先手,15,,,,
先手,13,,,,
先手,13,,,,
先手,13,,,,
先手,15,,,,
先手,15,,,,
先手,13,,,,
先手,11,,,,
先手,13,,,,
先手,13,,,,
先手,11,,,,
先手,15,,,,
先手,13,,,,
先手,15,,,,
先手,15,,,,
先手,13,,,,
先手,11,,,,
先手,11,,,,
先手,13,,,,
先手,13,,,,
先手,13,,,,
先手,15,,,,
先手,11,,,,
先手,15,,,,
先手,13,,,,
先手,15,,,,
先手,15,,,,
先手,15,,,,
先手,11,,,,
先手,15,,,,
先手,15,,,,
先手,13,,,,
先手,13,,,,
先手,11,,,,
先手,15,,,,
先手,13,,,,
先手,15,,,,
先手,17,,,,
先手,11,,,,
先手,11,,,,
先手,11,,,,
先手,13,,,,
先手,13,,,,
先手,15,,,,
先手,17,,,,
先手,13,,,,
先手,13,,,,
先手,13,,,,
先手,15,,,,
先手,15,,,,
先手,17,,,,
先手,11,,,,
先手,15,,,,
先手,11,,,,
先手,13,,,,
先手,13,,,,
先手,11,,,,
先手,13,,,,
先手,13,,,,
先手,13,,,,
先手,13,,,,
先手,15,,,,
先手,15,,,,
先手,13,,,,
先手,13,,,,
先手,13,,,,
先手,13,,,,
先手,13,,,,
先手,13,,,,
先手,11,,,,
先手,13,,,,
先手,15,,,,
先手,13,,,,
先手,13,,,,
先手,13,,,,
先手,13,,,,
先手,15,,,,
先手,15,,,,
先手,9,,,,
先手,13,,,,
先手,13,,,,
先手,11,,,,
先手,13,,,,
先手,13,,,,
先手,13,,,,
先手,15,,,,
先手,13,,,,
先手,13,,,,
先手,11,,,,
先手,11,,,,
先手,15,,,,
先手,15,,,,
先手,15,,,,
先手,13,,,,
先手,13,,,,
先手,13,,,,
先手,13,,,,
先手,11,,,,
先手,11,,,,
先手,13,,,,
先手,15,,,,
先手,13,,,,
先手,13,,,,
先手,13,,,,
先手,13,,,,
先手,13,,,,
先手,11,,,,
先手,15,,,,
先手,13,,,,
先手,11,,,,
先手,11,,,,
先手,13,,,,
先手,11,,,,
先手,11,,,,
先手,11,,,,
先手,17,,,,
先手,13,,,,
先手,13,,,,
先手,15,,,,
先手,11,,,,
先手,13,,,,
先手,9,,,,
先手,11,,,,
先手,13,,,,
先手,15,,,,
先手,13,,,,
先手,11,,,,
先手,13,,,,
先手,13,,,,
先手,13,,,,
先手,11,,,,
先手,11,,,,
先手,13,,,,
先手,13,,,,
先手,13,,,,
先手,15,,,,
先手,15,,,,
先手,13,,,,
先手,9,,,,
先手,15,,,,
先手,11,,,,
先手,15,,,,
先手,13,,,,
先手,11,,,,
先手,15,,,,
先手,15,,,,
先手,11,,,,
先手,17,,,,
先手,11,,,,
先手,13,,,,
先手,11,,,,
先手,11,,,,
先手,13,,,,
先手,13,,,,
先手,11,,,,
先手,11,,,,
先手,15,,,,
先手,11,,,,
先手,13,,,,
先手,11,,,,
先手,13,,,,
先手,17,,,,
先手,13,,,,
先手,11,,,,
先手,13,,,,
先手,13,,,,
先手,13,,,,
先手,13,,,,
先手,13,,,,
先手,13,,,,
先手,11,,,,
先手,13,,,,
先手,11,,,,
先手,15,,,,
先手,13,,,,
先手,13,,,,
先手,13,,,,
先手,11,,,,
先手,13,,,,
先手,13,,,,
先手,13,,,,
先手,13,,,,
先手,11,,,,
先手,15,,,,
先手,11,,,,
先手,13,,,,
先手,13,,,,
先手,13,,,,
先手,13,,,,
先手,15,,,,
先手,11,,,,
先手,11,,,,
先手,13,,,,
先手,11,,,,
先手,11,,,,
先手,11,,,,
先手,15,,,,
先手,13,,,,
先手,13,,,,
先手,13,,,,
先手,11,,,,
先手,11,,,,
先手,13,,,,
先手,13,,,,
先手,15,,,,
先手,15,,,,
先手,15,,,,
先手,13,,,,
先手,13,,,,
先手,11,,,,
先手,15,,,,
先手,13,,,,
先手,15,,,,
先手,13,,,,
先手,11,,,,
先手,13,,,,
先手,13,,,,
先手,13,,,,
先手,11,,,,
先手,13,,,,
先手,13,,,,
先手,15,,,,
先手,15,,,,
先手,15,,,,
先手,15,,,,
先手,13,,,,
先手,13,,,,
先手,15,,,,
先手,13,,,,
先手,13,,,,
先手,13,,,,
先手,13,,,,
先手,13,,,,
先手,15,,,,
先手,15,,,,
先手,11,,,,
先手,13,,,,
先手,15,,,,
先手,13,,,,
先手,9,,,,
先手,15,,,,
先手,15,,,,
先手,13,,,,
先手,15,,,,
先手,13,,,,
先手,15,,,,
先手,15,,,,
先手,11,,,,
先手,13,,,,
先手,13,,,,
先手,13,,,,
先手,11,,,,
先手,15,,,,
先手,17,,,,
先手,11,,,,
先手,13,,,,
先手,11,,,,
先手,15,,,,
先手,11,,,,
先手,13,,,,
先手,15,,,,
先手,11,,,,
先手,15,,,,
先手,13,,,,
先手,15,,,,
先手,13,,,,
先手,15,,,,
先手,13,,,,
先手,15,,,,
先手,13,,,,
先手,17,,,,
先手,15,,,,
先手,17,,,,
先手,13,,,,
先手,11,,,,
先手,13,,,,
先手,13,,,,
先手,13,,,,
先手,11,,,,
先手,13,,,,
先手,15,,,,
先手,13,,,,
先手,13,,,,
先手,11,,,,
先手,13,,,,
先手,11,,,,
先手,13,,,,
先手,15,,,,
先手,13,,,,
先手,13,,,,
先手,11,,,,
先手,11,,,,
先手,13,,,,
先手,15,,,,
先手,15,,,,
先手,13,,,,
先手,15,,,,
先手,17,,,,
先手,15,,,,
先手,13,,,,
先手,13,,,,
先手,9,,,,
先手,13,,,,
先手,13,,,,
先手,15,,,,
先手,15,,,,
先手,15,,,,
先手,11,,,,
先手,15,,,,
先手,13,,,,
先手,13,,,,
先手,13,,,,
先手,13,,,,
先手,15,,,,
先手,13,,,,
先手,13,,,,
先手,15,,,,
先手,13,,,,
先手,13,,,,
先手,13,,,,
先手,13,,,,
先手,11,,,,
先手,11,,,,
先手,13,,,,
先手,15,,,,
先手,13,,,,
先手,13,,,,
先手,15,,,,
先手,11,,,,
先手,11,,,,
先手,11,,,,
先手,15,,,,
先手,17,,,,
先手,15,,,,
先手,13,,,,
先手,15,,,,
先手,9,,,,
先手,13,,,,
先手,11,,,,
先手,13,,,,
先手,13,,,,
先手,11,,,,
先手,15,,,,
先手,11,,,,
先手,13,,,,
先手,15,,,,
先手,13,,,,
先手,11,,,,
先手,15,,,,
先手,11,,,,
先手,13,,,,
先手,13,,,,
先手,11,,,,
先手,15,,,,
先手,11,,,,
先手,11,,,,
先手,11,,,,
先手,13,,,,
先手,13,,,,
先手,13,,,,
先手,13,,,,
先手,13,,,,
先手,15,,,,
先手,15,,,,
先手,13,,,,
先手,13,,,,
先手,15,,,,
先手,13,,,,
先手,15,,,,
先手,11,,,,
先手,11,,,,
先手,11,,,,
先手,13,,,,
先手,13,,,,
先手,13,,,,
先手,13,,,,
先手,11,,,,
先手,11,,,,
先手,13,,,,
先手,13,,,,
先手,15,,,,
先手,13,,,,
先手,13,,,,
先手,13,,,,
先手,11,,,,
先手,13,,,,
先手,13,,,,
先手,13,,,,
先手,13,,,,
先手,15,,,,
先手,13,,,,
先手,11,,,,
先手,15,,,,
先手,13,,,,
先手,13,,,,
先手,15,,,,
先手,13,,,,
先手,11,,,,
先手,15,,,,
先手,11,,,,
先手,13,,,,
先手,11,,,,
先手,13,,,,
先手,15,,,,
先手,13,,,,
先手,11,,,,
先手,17,,,,
先手,9,,,,
先手,15,,,,
先手,13,,,,
先手,11,,,,
先手,15,,,,
先手,13,,,,
先手,11,,,,
先手,15,,,,
先手,11,,,,
先手,15,,,,
先手,13,,,,
先手,13,,,,
先手,11,,,,
先手,11,,,,
先手,11,,,,
先手,13,,,,
先手,17,,,,
先手,15,,,,
先手,13,,,,
先手,13,,,,
先手,15,,,,
先手,11,,,,
先手,13,,,,
先手,15,,,,
先手,13,,,,
先手,15,,,,
先手,13,,,,
先手,13,,,,
先手,11,,,,
先手,11,,,,
先手,13,,,,
先手,13,,,,
先手,15,,,,
先手,13,,,,
先手,15,,,,
先手,11,,,,
先手,11,,,,
先手,11,,,,
先手,11,,,,
先手,15,,,,
先手,11,,,,
先手,11,,,,
先手,15,,,,
先手,11,,,,
先手,15,,,,
先手,15,,,,
先手,15,,,,
先手,15,,,,
先手,11,,,,
先手,9,,,,
先手,11,,,,
先手,11,,,,
先手,15,,,,
先手,13,,,,
先手,13,,,,
先手,13,,,,
先手,13,,,,
先手,13,,,,
先手,15,,,,
先手,15,,,,
先手,15,,,,
先手,13,,,,
先手,9,,,,
先手,15,,,,
先手,13,,,,
先手,13,,,,
先手,17,,,,
先手,13,,,,
先手,13,,,,
先手,15,,,,
先手,11,,,,
先手,17,,,,
先手,11,,,,
先手,11,,,,
先手,15,,,,
先手,15,,,,
先手,13,,,,
先手,11,,,,
先手,17,,,,
先手,13,,,,
先手,11,,,,
先手,15,,,,
先手,15,,,,
先手,13,,,,
先手,15,,,,
先手,15,,,,
先手,11,,,,
先手,13,,,,
先手,13,,,,
先手,11,,,,
先手,13,,,,
先手,15,,,,
先手,15,,,,
先手,11,,,,
先手,13,,,,
先手,15,,,,
先手,13,,,,
先手,11,,,,
先手,13,,,,
先手,15,,,,
先手,13,,,,
先手,17,,,,
先手,17,,,,
先手,13,,,,
先手,13,,,,
先手,13,,,,
先手,11,,,,
先手,13,,,,
先手,15,,,,
先手,13,,,,
先手,13,,,,
先手,13,,,,
先手,11,,,,
先手,13,,,,
先手,9,,,,
先手,13,,,,
先手,13,,,,
先手,13,,,,
先手,13,,,,
先手,13,,,,
先手,15,,,,
先手,13,,,,
先手,17,,,,
先手,13,,,,
先手,13,,,,
先手,13,,,,
先手,13,,,,
先手,11,,,,
先手,15,,,,
先手,13,,,,
先手,13,,,,
先手,13,,,,
先手,11,,,,
先手,13,,,,
先手,11,,,,
先手,15,,,,
先手,17,,,,
先手,11,,,,
先手,15,,,,
先手,15,,,,
先手,15,,,,
先手,11,,,,
先手,11,,,,
先手,11,,,,
先手,13,,,,
先手,13,,,,
先手,13,,,,
先手,13,,,,
先手,13,,,,
先手,15,,,,
先手,13,,,,
先手,13,,,,
先手,15,,,,
先手,15,,,,
先手,13,,,,
先手,11,,,,
先手,11,,,,
先手,11,,,,
先手,11,,,,
先手,11,,,,
先手,13,,,,
先手,11,,,,
先手,15,,,,
先手,13,,,,
先手,15,,,,
先手,11,,,,
先手,15,,,,
先手,15,,,,
先手,13,,,,
先手,15,,,,
先手,13,,,,
先手,13,,,,
先手,13,,,,
先手,11,,,,
先手,13,,,,
先手,13,,,,
先手,11,,,,
先手,11,,,,
先手,15,,,,
先手,13,,,,
先手,13,,,,
先手,13,,,,
先手,13,,,,
先手,13,,,,
先手,15,,,,
先手,13,,,,
先手,11,,,,
先手,13,,,,
先手,13,,,,
先手,9,,,,
先手,11,,,,
先手,15,,,,
先手,11,,,,
先手,15,,,,
先手,13,,,,
先手,15,,,,
先手,13,,,,
先手,11,,,,
先手,13,,,,
先手,15,,,,
先手,13,,,,
先手,13,,,,
先手,15,,,,
先手,13,,,,
先手,11,,,,
先手,15,,,,
先手,13,,,,
先手,15,,,,
先手,13,,,,
先手,17,,,,
先手,13,,,,
先手,15,,,,
先手,15,,,,
先手,13,,,,
先手,11,,,,
先手,13,,,,
先手,13,,,,
先手,13,,,,
先手,13,,,,
先手,11,,,,
先手,13,,,,
先手,15,,,,
先手,11,,,,
先手,13,,,,
先手,11,,,,
先手,13,,,,
先手,15,,,,
先手,9,,,,
先手,13,,,,
先手,15,,,,
先手,13,,,,
先手,15,,,,
先手,13,,,,
先手,15,,,,
先手,13,,,,
先手,13,,,,
先手,11,,,,
先手,15,,,,
先手,13,,,,
先手,15,,,,
先手,9,,,,
先手,15,,,,
先手,13,,,,
先手,13,,,,
先手,15,,,,
先手,15,,,,
先手,13,,,,
先手,13,,,,
先手,15,,,,
先手,13,,,,
先手,13,,,,
先手,11,,,,
先手,11,,,,
先手,15,,,,
先手,17,,,,
先手,13,,,,
先手,13,,,,
先手,11,,,,
先手,13,,,,
先手,15,,,,
先手,13,,,,
先手,13,,,,
先手,15,,,,
先手,13,,,,
先手,15,,,,
先手,13,,,,
先手,13,,,,
先手,13,,,,
先手,13,,,,
先手,13,,,,
先手,9,,,,
先手,13,,,,
先手,17,,,,
先手,13,,,,
先手,13,,,,
先手,11,,,,
先手,13,,,,
先手,15,,,,
先手,15,,,,
先手,11,,,,
先手,11,,,,
先手,19,,,,
先手,15,,,,
先手,15,,,,
先手,15,,,,
先手,15,,,,
先手,9,,,,
先手,13,,,,
先手,13,,,,
先手,15,,,,
先手,9,,,,
先手,13,,,,
先手,13,,,,
先手,13,,,,
先手,13,,,,
先手,11,,,,
先手,13,,,,
先手,13,,,,
先手,15,,,,
先手,9,,,,
先手,11,,,,
先手,13,,,,
先手,13,,,,
先手,13,,,,
先手,13,,,,
先手,17,,,,
先手,15,,,,
先手,15,,,,
先手,9,,,,
先手,15,,,,
先手,15,,,,
先手,11,,,,
先手,11,,,,
先手,13,,,,
先手,13,,,,
先手,15,,,,
先手,11,,,,
先手,11,,,,
先手,13,,,,
先手,13,,,,
先手,13,,,,
先手,13,,,,
先手,13,,,,
先手,15,,,,
先手,11,,,,
先手,15,,,,
先手,13,,,,
先手,13,,,,
先手,13,,,,
先手,19,,,,
先手,13,,,,
先手,13,,,,
先手,13,,,,
先手,13,,,,
先手,9,,,,
先手,13,,,,
先手,13,,,,
先手,13,,,,
先手,11,,,,
先手,13,,,,
先手,13,,,,
先手,13,,,,
先手,13,,,,
先手,13,,,,
先手,9,,,,
先手,15,,,,
先手,13,,,,
先手,15,,,,
先手,13,,,,
先手,13,,,,
先手,15,,,,
先手,13,,,,
先手,13,,,,
先手,11,,,,
先手,15,,,,
先手,13,,,,
先手,15,,,,
先手,15,,,,
先手,19,,,,
先手,15,,,,
先手,11,,,,
先手,11,,,,
先手,11,,,,
先手,11,,,,
先手,11,,,,
先手,13,,,,
先手,11,,,,
先手,13,,,,
先手,13,,,,
先手,11,,,,
先手,11,,,,
先手,13,,,,
先手,11,,,,
先手,13,,,,
先手,17,,,,
先手,13,,,,
先手,13,,,,
先手,13,,,,
先手,11,,,,
先手,11,,,,
先手,15,,,,
先手,15,,,,
先手,15,,,,
先手,11,,,,
先手,13,,,,
先手,13,,,,
先手,13,,,,
先手,15,,,,
先手,13,,,,
先手,15,,,,
先手,11,,,,
先手,11,,,,
先手,11,,,,
先手,15,,,,
先手,13,,,,
先手,11,,,,
先手,11,,,,
先手,13,,,,
先手,11,,,,
先手,13,,,,
先手,13,,,,
先手,13,,,,
先手,11,,,,
先手,11,,,,
先手,13,,,,
先手,13,,,,
先手,11,,,,
先手,11,,,,
先手,13,,,,
先手,13,,,,
先手,11,,,,
先手,11,,,,
先手,11,,,,
先手,13,,,,
先手,11,,,,
先手,13,,,,
先手,11,,,,
先手,11,,,,
先手,11,,,,
先手,15,,,,
先手,13,,,,
先手,11,,,,
先手,11,,,,
先手,13,,,,
先手,9,,,,
先手,13,,,,
先手,11,,,,
先手,11,,,,
先手,15,,,,
先手,13,,,,
先手,15,,,,
先手,13,,,,
先手,13,,,,
先手,13,,,,
先手,13,,,,
先手,13,,,,
先手,13,,,,
先手,11,,,,
先手,15,,,,
先手,13,,,,
先手,11,,,,
先手,13,,,,
先手,13,,,,
先手,13,,,,
先手,11,,,,
先手,11,,,,
先手,9,,,,
先手,13,,,,
先手,13,,,,
先手,13,,,,
先手,13,,,,
先手,13,,,,
先手,13,,,,
先手,15,,,,
先手,13,,,,
先手,13,,,,
先手,11,,,,
先手,13,,,,
先手,13,,,,
先手,11,,,,
先手,13,,,,
先手,13,,,,
先手,11,,,,
先手,13,,,,
先手,13,,,,
先手,13,,,,
先手,13,,,,
先手,13,,,,
先手,11,,,,
先手,11,,,,
先手,11,,,,
先手,13,,,,
先手,13,,,,
先手,11,,,,
先手,11,,,,
先手,11,,,,
先手,15,,,,
先手,15,,,,
先手,13,,,,
先手,15,,,,
先手,17,,,,
先手,13,,,,
先手,13,,,,
先手,11,,,,
先手,15,,,,
先手,13,,,,
先手,13,,,,
先手,15,,,,
先手,13,,,,
先手,11,,,,
先手,11,,,,
先手,13,,,,
先手,13,,,,
先手,11,,,,
先手,13,,,,
先手,11,,,,
先手,15,,,,
先手,11,,,,
先手,13,,,,
先手,15,,,,
先手,11,,,,
先手,11,,,,
先手,13,,,,
先手,15,,,,
先手,13,,,,
先手,13,,,,
先手,13,,,,
先手,15,,,,
先手,13,,,,
先手,11,,,,
先手,11,,,,
先手,15,,,,
先手,15,,,,
先手,15,,,,
先手,13,,,,
先手,13,,,,
先手,13,,,,
先手,11,,,,
先手,15,,,,
先手,15,,,,
先手,13,,,,
先手,11,,,,
先手,13,,,,
先手,13,,,,
先手,17,,,,
先手,15,,,,
先手,13,,,,
先手,13,,,,
先手,15,,,,
先手,11,,,,
先手,11,,,,
先手,13,,,,
先手,13,,,,
先手,11,,,,
先手,13,,,,
先手,13,,,,
先手,13,,,,
先手,11,,,,
先手,15,,,,
先手,13,,,,
先手,13,,,,
先手,11,,,,
先手,15,,,,
先手,13,,,,
先手,13,,,,
先手,15,,,,
先手,11,,,,
先手,15,,,,
先手,13,,,,
先手,15,,,,
先手,13,,,,
先手,13,,,,
先手,15,,,,
先手,11,,,,
先手,11,,,,
先手,13,,,,
先手,13,,,,
先手,13,,,,
先手,15,,,,
先手,13,,,,
先手,13,,,,
先手,11,,,,
先手,15,,,,
先手,11,,,,
先手,13,,,,
先手,11,,,,
先手,11,,,,
先手,15,,,,
先手,13,,,,
先手,13,,,,
先手,15,,,,
先手,13,,,,
先手,13,,,,
先手,13,,,,
先手,17,,,,
先手,15,,,,
先手,15,,,,
先手,13,,,,
先手,11,,,,
先手,13,,,,
先手,15,,,,
先手,13,,,,
先手,11,,,,
先手,13,,,,
先手,11,,,,
先手,13,,,,
先手,15,,,,
先手,13,,,,
先手,13,,,,
先手,13,,,,
先手,13,,,,
先手,15,,,,
先手,13,,,,
先手,15,,,,
先手,11,,,,
先手,15,,,,
先手,15,,,,
先手,13,,,,
先手,13,,,,
先手,15,,,,
先手,11,,,,
先手,11,,,,
先手,11,,,,
先手,11,,,,
先手,15,,,,
先手,13,,,,
先手,15,,,,
先手,19,,,,
先手,13,,,,
先手,13,,,,
先手,13,,,,
先手,11,,,,
先手,15,,,,
先手,11,,,,
先手,15,,,,
先手,13,,,,
先手,17,,,,
先手,11,,,,
先手,13,,,,
先手,13,,,,
先手,13,,,,
先手,11,,,,
先手,15,,,,
先手,15,,,,
先手,13,,,,
先手,11,,,,
先手,11,,,,
先手,13,,,,
先手,13,,,,
先手,11,,,,
先手,13,,,,
先手,11,,,,
先手,13,,,,
先手,13,,,,
先手,9,,,,
先手,13,,,,
先手,13,,,,
先手,11,,,,
先手,11,,,,
先手,15,,,,
先手,13,,,,
先手,11,,,,
先手,13,,,,
先手,13,,,,
先手,15,,,,
先手,13,,,,
先手,15,,,,
先手,9,,,,
先手,11,,,,
先手,11,,,,
先手,13,,,,
先手,13,,,,
先手,13,,,,
先手,11,,,,
先手,13,,,,
先手,11,,,,
先手,13,,,,
先手,11,,,,
先手,15,,,,
先手,11,,,,
先手,13,,,,
先手,11,,,,
先手,13,,,,
先手,13,,,,
先手,11,,,,
先手,15,,,,
先手,15,,,,
先手,11,,,,
先手,13,,,,
先手,13,,,,
先手,15,,,,
先手,13,,,,
先手,15,,,,
先手,17,,,,
先手,13,,,,
先手,11,,,,
先手,13,,,,
先手,13,,,,
先手,11,,,,
先手,13,,,,
先手,17,,,,
先手,13,,,,
先手,11,,,,
先手,11,,,,
先手,13,,,,
先手,13,,,,
先手,13,,,,
先手,13,,,,
先手,13,,,,
先手,13,,,,
先手,13,,,,
先手,9,,,,
先手,13,,,,
先手,11,,,,
先手,13,,,,
先手,11,,,,
先手,11,,,,
先手,17,,,,
先手,11,,,,
先手,11,,,,
先手,11,,,,
先手,11,,,,
先手,13,,,,
先手,13,,,,
先手,15,,,,
先手,13,,,,
先手,13,,,,
先手,13,,,,
先手,13,,,,
先手,13,,,,
先手,13,,,,
先手,15,,,,
先手,11,,,,
先手,15,,,,
先手,11,,,,
先手,15,,,,
先手,11,,,,
先手,17,,,,
先手,13,,,,
先手,13,,,,
先手,11,,,,
先手,15,,,,
先手,11,,,,
先手,11,,,,
先手,11,,,,
先手,13,,,,
先手,11,,,,
先手,13,,,,
先手,11,,,,
先手,11,,,,
先手,15,,,,
先手,13,,,,
先手,13,,,,
先手,11,,,,
先手,11,,,,
先手,13,,,,
先手,11,,,,
先手,15,,,,
先手,15,,,,
先手,15,,,,
先手,13,,,,
先手,17,,,,
先手,13,,,,
先手,11,,,,
先手,13,,,,
先手,15,,,,
先手,11,,,,
先手,11,,,,
先手,15,,,,
先手,13,,,,
先手,13,,,,
先手,13,,,,
先手,13,,,,
先手,11,,,,
先手,13,,,,
先手,11,,,,
先手,17,,,,
先手,13,,,,
先手,13,,,,
先手,13,,,,
先手,15,,,,
先手,13,,,,
先手,13,,,,
先手,13,,,,
先手,13,,,,
先手,15,,,,
先手,11,,,,
先手,13,,,,
先手,15,,,,
先手,11,,,,
先手,17,,,,
先手,11,,,,
先手,13,,,,
先手,13,,,,
先手,13,,,,
先手,13,,,,
先手,11,,,,
先手,15,,,,
先手,13,,,,
先手,11,,,,
先手,13,,,,
先手,13,,,,
先手,15,,,,
先手,11,,,,
先手,13,,,,
先手,13,,,,
先手,15,,,,
先手,15,,,,
先手,15,,,,
先手,13,,,,
先手,13,,,,
先手,13,,,,
先手,11,,,,
先手,13,,,,
先手,13,,,,
先手,11,,,,
先手,11,,,,
先手,13,,,,
先手,19,,,,
先手,13,,,,
先手,13,,,,
先手,15,,,,
先手,11,,,,
先手,15,,,,
先手,11,,,,
先手,11,,,,
先手,9,,,,
先手,15,,,,
先手,13,,,,
先手,15,,,,
先手,11,,,,
先手,15,,,,
先手,13,,,,
先手,11,,,,
先手,13,,,,
先手,17,,,,
先手,11,,,,
先手,15,,,,
先手,11,,,,
先手,15,,,,
先手,15,,,,
先手,13,,,,
先手,11,,,,
先手,13,,,,
先手,13,,,,
先手,15,,,,
先手,13,,,,
先手,11,,,,
先手,13,,,,
先手,13,,,,
先手,15,,,,
先手,15,,,,
先手,13,,,,
先手,11,,,,
先手,15,,,,
先手,13,,,,
先手,11,,,,
先手,13,,,,
先手,11,,,,
先手,11,,,,
先手,13,,,,
先手,15,,,,
先手,13,,,,
先手,13,,,,
先手,11,,,,
先手,13,,,,
先手,15,,,,
先手,11,,,,
先手,15,,,,
先手,15,,,,
先手,15,,,,
先手,13,,,,
先手,13,,,,
先手,15,,,,
先手,13,,,,
先手,13,,,,
先手,13,,,,
先手,15,,,,
先手,13,,,,
先手,11,,,,
先手,13,,,,
先手,13,,,,
先手,17,,,,
先手,13,,,,
先手,15,,,,
先手,13,,,,
先手,13,,,,
先手,9,,,,
先手,13,,,,
先手,13,,,,
先手,15,,,,
先手,15,,,,
先手,13,,,,
先手,11,,,,
先手,11,,,,
先手,15,,,,
先手,15,,,,
先手,15,,,,
先手,13,,,,
先手,13,,,,
先手,13,,,,
先手,11,,,,
先手,13,,,,
先手,15,,,,
先手,13,,,,
先手,13,,,,
先手,13,,,,
先手,13,,,,
先手,13,,,,
先手,15,,,,
先手,13,,,,
先手,11,,,,
先手,13,,,,
先手,11,,,,
先手,15,,,,
先手,11,,,,
先手,13,,,,
先手,13,,,,
先手,11,,,,
先手,13,,,,
先手,13,,,,
先手,11,,,,
先手,15,,,,
先手,11,,,,
先手,13,,,,
先手,11,,,,
先手,15,,,,
先手,13,,,,
先手,13,,,,
先手,15,,,,
先手,13,,,,
先手,13,,,,
先手,11,,,,
先手,13,,,,
先手,11,,,,
先手,15,,,,
先手,13,,,,
先手,11,,,,
先手,13,,,,
先手,11,,,,
先手,15,,,,
先手,13,,,,
先手,15,,,,
先手,15,,,,
先手,13,,,,
先手,11,,,,
先手,13,,,,
先手,15,,,,
先手,13,,,,
先手,13,,,,
先手,15,,,,
先手,13,,,,
先手,13,,,,
先手,13,,,,
先手,15,,,,
先手,13,,,,
先手,11,,,,
先手,11,,,,
先手,13,,,,
先手,15,,,,
先手,9,,,,
先手,13,,,,
先手,13,,,,
先手,15,,,,
先手,15,,,,
先手,13,,,,
先手,15,,,,
先手,17,,,,
先手,13,,,,
先手,11,,,,
先手,13,,,,
先手,11,,,,
先手,15,,,,
先手,11,,,,
先手,13,,,,
先手,15,,,,
先手,13,,,,
先手,13,,,,
先手,13,,,,
先手,13,,,,
先手,11,,,,
先手,13,,,,
先手,15,,,,
先手,13,,,,
先手,11,,,,
先手,11,,,,
先手,15,,,,
先手,15,,,,
先手,13,,,,
先手,15,,,,
先手,13,,,,
先手,13,,,,
先手,13,,,,
先手,15,,,,
先手,9,,,,
先手,15,,,,
先手,13,,,,
先手,15,,,,
先手,11,,,,
先手,13,,,,
先手,13,,,,
先手,13,,,,
先手,13,,,,
先手,9,,,,
先手,13,,,,
先手,11,,,,
先手,11,,,,
先手,11,,,,
先手,11,,,,
先手,11,,,,
先手,13,,,,
先手,13,,,,
先手,13,,,,
先手,13,,,,
先手,13,,,,
先手,11,,,,
先手,13,,,,
先手,11,,,,
先手,11,,,,
先手,15,,,,
先手,13,,,,
先手,11,,,,
先手,13,,,,
先手,15,,,,
先手,15,,,,
先手,15,,,,
先手,15,,,,
先手,11,,,,
先手,17,,,,
先手,13,,,,
先手,11,,,,
先手,11,,,,
先手,13,,,,
先手,15,,,,
先手,11,,,,
先手,9,,,,
先手,13,,,,
先手,13,,,,
先手,11,,,,
先手,13,,,,
先手,11,,,,
先手,11,,,,
先手,15,,,,
先手,13,,,,
先手,13,,,,
先手,13,,,,
先手,13,,,,
先手,13,,,,
先手,11,,,,
先手,13,,,,
先手,13,,,,
先手,11,,,,
先手,13,,,,
先手,15,,,,
先手,13,,,,
先手,15,,,,
先手,11,,,,
先手,11,,,,
先手,13,,,,
先手,15,,,,
先手,13,,,,
先手,13,,,,
先手,15,,,,
先手,15,,,,
先手,11,,,,
先手,13,,,,
先手,13,,,,
先手,13,,,,
先手,15,,,,
先手,11,,,,
先手,13,,,,
先手,13,,,,
先手,11,,,,
先手,13,,,,
先手,13,,,,
先手,13,,,,
先手,15,,,,
先手,15,,,,
先手,9,,,,
先手,13,,,,
先手,15,,,,
先手,15,,,,
先手,15,,,,
先手,11,,,,
先手,11,,,,
先手,13,,,,
先手,15,,,,
先手,11,,,,
先手,11,,,,
先手,15,,,,
先手,17,,,,
先手,11,,,,
先手,17,,,,
先手,13,,,,
先手,13,,,,
先手,15,,,,
先手,13,,,,
先手,15,,,,
先手,11,,,,
先手,13,,,,
先手,13,,,,
先手,15,,,,
先手,13,,,,
先手,13,,,,
先手,13,,,,
先手,13,,,,
先手,11,,,,
先手,13,,,,
先手,13,,,,
先手,15,,,,
先手,13,,,,
先手,13,,,,
先手,11,,,,
先手,13,,,,
先手,17,,,,
先手,11,,,,
先手,15,,,,
先手,11,,,,
先手,13,,,,
先手,15,,,,
先手,15,,,,
先手,11,,,,
先手,13,,,,
先手,17,,,,
先手,17,,,,
先手,11,,,,
先手,13,,,,
先手,11,,,,
先手,13,,,,
先手,13,,,,
先手,9,,,,
先手,15,,,,
先手,13,,,,
先手,15,,,,
先手,11,,,,
先手,11,,,,
先手,13,,,,
先手,13,,,,
先手,13,,,,
先手,9,,,,
先手,15,,,,
先手,15,,,,
先手,13,,,,
先手,11,,,,
先手,15,,,,
先手,13,,,,
先手,15,,,,
先手,13,,,,
先手,9,,,,
先手,13,,,,
先手,11,,,,
先手,13,,,,
先手,15,,,,
先手,13,,,,
先手,11,,,,
先手,13,,,,
先手,11,,,,
先手,15,,,,
先手,13,,,,
先手,13,,,,
先手,17,,,,
先手,13,,,,
先手,13,,,,
先手,15,,,,
先手,15,,,,
先手,13,,,,
先手,13,,,,
先手,11,,,,
先手,11,,,,
先手,11,,,,
先手,17,,,,
先手,13,,,,
先手,17,,,,
先手,13,,,,
先手,11,,,,
先手,15,,,,
先手,11,,,,
先手,11,,,,
先手,13,,,,
先手,15,,,,
先手,13,,,,
先手,11,,,,
先手,17,,,,
先手,13,,,,
先手,15,,,,
先手,13,,,,
先手,15,,,,
先手,15,,,,
先手,13,,,,
先手,13,,,,
先手,13,,,,
先手,11,,,,
先手,17,,,,
先手,15,,,,
先手,13,,,,
先手,15,,,,
先手,13,,,,
先手,11,,,,
先手,13,,,,
先手,15,,,,
先手,13,,,,
先手,15,,,,
先手,13,,,,
先手,15,,,,
先手,13,,,,
先手,17,,,,
先手,15,,,,
先手,13,,,,
先手,13,,,,
先手,11,,,,
先手,11,,,,
先手,13,,,,
先手,15,,,,
先手,15,,,,
先手,13,,,,
先手,11,,,,
先手,13,,,,
先手,17,,,,
先手,11,,,,
先手,13,,,,
先手,15,,,,
先手,15,,,,
先手,15,,,,
先手,15,,,,
先手,15,,,,
先手,15,,,,
先手,15,,,,
先手,15,,,,
先手,13,,,,
先手,11,,,,
先手,13,,,,
先手,13,,,,
先手,15,,,,
先手,13,,,,
先手,13,,,,
先手,11,,,,
先手,13,,,,
先手,13,,,,
先手,11,,,,
先手,11,,,,
先手,11,,,,
先手,13,,,,
先手,11,,,,
先手,13,,,,
先手,11,,,,
先手,15,,,,
先手,15,,,,
先手,15,,,,
先手,11,,,,
先手,13,,,,
先手,11,,,,
先手,9,,,,
先手,11,,,,
先手,13,,,,
先手,15,,,,
先手,13,,,,
先手,13,,,,
先手,13,,,,
先手,13,,,,
先手,9,,,,
先手,11,,,,
先手,15,,,,
先手,15,,,,
先手,15,,,,
先手,11,,,,
先手,15,,,,
先手,15,,,,
先手,15,,,,
先手,15,,,,
先手,13,,,,
先手,15,,,,
先手,13,,,,
先手,11,,,,
先手,15,,,,
先手,13,,,,
先手,13,,,,
先手,11,,,,
先手,15,,,,
先手,15,,,,
先手,13,,,,
先手,15,,,,
先手,13,,,,
先手,13,,,,
先手,11,,,,
先手,13,,,,
先手,11,,,,
先手,13,,,,
先手,13,,,,
先手,15,,,,
先手,11,,,,
先手,15,,,,
先手,11,,,,
先手,13,,,,
先手,13,,,,
先手,11,,,,
先手,13,,,,
先手,17,,,,
先手,11,,,,
先手,15,,,,
先手,11,,,,
先手,13,,,,
先手,13,,,,
先手,13,,,,
先手,15,,,,
先手,13,,,,
先手,13,,,,
先手,11,,,,
先手,11,,,,
先手,13,,,,
先手,15,,,,
先手,13,,,,
先手,15,,,,
先手,13,,,,
先手,11,,,,
先手,15,,,,
先手,17,,,,
先手,15,,,,
先手,11,,,,
先手,15,,,,
先手,11,,,,
先手,13,,,,
先手,11,,,,
先手,11,,,,
先手,13,,,,
先手,11,,,,
先手,13,,,,
先手,11,,,,
先手,13,,,,
先手,13,,,,
先手,15,,,,
先手,13,,,,
先手,13,,,,
先手,17,,,,
先手,11,,,,
先手,15,,,,
先手,11,,,,
先手,17,,,,
先手,9,,,,
先手,13,,,,
先手,13,,,,
先手,15,,,,
先手,13,,,,
先手,13,,,,
先手,13,,,,
先手,11,,,,
先手,13,,,,
先手,13,,,,
先手,15,,,,
先手,13,,,,
先手,15,,,,
先手,13,,,,
先手,13,,,,
先手,11,,,,
先手,13,,,,
先手,13,,,,
先手,11,,,,
先手,11,,,,
先手,13,,,,
先手,13,,,,
先手,11,,,,
先手,13,,,,
先手,11,,,,
先手,13,,,,
先手,11,,,,
先手,15,,,,
先手,13,,,,
先手,17,,,,
先手,13,,,,
先手,15,,,,
先手,13,,,,
先手,11,,,,
先手,11,,,,
先手,13,,,,
先手,11,,,,
先手,15,,,,
先手,13,,,,
先手,15,,,,
先手,13,,,,
先手,13,,,,
先手,13,,,,
先手,13,,,,
先手,11,,,,
先手,13,,,,
先手,13,,,,
先手,17,,,,
先手,13,,,,
先手,11,,,,
先手,15,,,,
先手,15,,,,
先手,13,,,,
先手,13,,,,
先手,13,,,,
先手,13,,,,
先手,15,,,,
先手,11,,,,
先手,15,,,,
先手,11,,,,
先手,13,,,,
先手,13,,,,
先手,17,,,,
先手,11,,,,
先手,13,,,,
先手,13,,,,
先手,13,,,,
先手,13,,,,
先手,11,,,,
先手,13,,,,
先手,15,,,,
先手,15,,,,
先手,11,,,,
先手,11,,,,
先手,13,,,,
先手,15,,,,
先手,11,,,,
先手,13,,,,
先手,15,,,,
先手,13,,,,
先手,15,,,,
先手,13,,,,
先手,15,,,,
先手,11,,,,
先手,11,,,,
先手,15,,,,
先手,11,,,,
先手,13,,,,
先手,15,,,,
先手,11,,,,
先手,13,,,,
先手,13,,,,
先手,13,,,,
先手,13,,,,
先手,11,,,,
先手,17,,,,
先手,13,,,,
先手,15,,,,
先手,11,,,,
先手,11,,,,
先手,15,,,,
先手,11,,,,
先手,13,,,,
先手,13,,,,
先手,11,,,,
先手,15,,,,
先手,13,,,,
先手,13,,,,
先手,13,,,,
先手,11,,,,
先手,13,,,,
先手,11,,,,
先手,11,,,,
先手,13,,,,
先手,13,,,,
先手,11,,,,
先手,13,,,,
先手,13,,,,
先手,15,,,,
先手,15,,,,
先手,11,,,,
先手,13,,,,
先手,15,,,,
先手,13,,,,
先手,13,,,,
先手,11,,,,
先手,15,,,,
先手,15,,,,
先手,13,,,,
先手,13,,,,
先手,11,,,,
先手,15,,,,
先手,13,,,,
先手,19,,,,
先手,13,,,,
先手,15,,,,
先手,9,,,,
先手,13,,,,
先手,11,,,,
先手,13,,,,
先手,11,,,,
先手,11,,,,
先手,15,,,,
先手,13,,,,
先手,15,,,,
先手,15,,,,
先手,13,,,,
先手,15,,,,
先手,15,,,,
先手,13,,,,
先手,11,,,,
先手,11,,,,
先手,9,,,,
先手,15,,,,
先手,13,,,,
先手,17,,,,
先手,11,,,,
先手,15,,,,
先手,15,,,,
先手,13,,,,
先手,13,,,,
先手,11,,,,
先手,11,,,,
先手,15,,,,
先手,13,,,,
先手,11,,,,
先手,11,,,,
先手,17,,,,
先手,13,,,,
先手,13,,,,
先手,17,,,,
先手,13,,,,
先手,15,,,,
先手,13,,,,
先手,11,,,,
先手,13,,,,
先手,11,,,,
先手,13,,,,
先手,13,,,,
先手,15,,,,
先手,13,,,,
先手,15,,,,
先手,15,,,,
先手,17,,,,
先手,11,,,,
先手,13,,,,
先手,13,,,,
先手,15,,,,
先手,13,,,,
先手,11,,,,
先手,11,,,,
先手,11,,,,
先手,13,,,,
先手,15,,,,
先手,15,,,,
先手,13,,,,
先手,11,,,,
先手,13,,,,
先手,11,,,,
先手,11,,,,
先手,13,,,,
先手,11,,,,
先手,15,,,,
先手,15,,,,
先手,15,,,,
先手,15,,,,
先手,13,,,,
先手,13,,,,
先手,15,,,,
先手,13,,,,
先手,15,,,,
先手,15,,,,
先手,11,,,,
先手,11,,,,
先手,13,,,,
先手,13,,,,
先手,13,,,,
先手,11,,,,
先手,13,,,,
先手,13,,,,
先手,13,,,,
先手,13,,,,
先手,11,,,,
先手,15,,,,
先手,15,,,,
先手,13,,,,
先手,11,,,,
先手,13,,,,
先手,13,,,,
先手,11,,,,
先手,11,,,,
先手,15,,,,
先手,11,,,,
先手,13,,,,
先手,13,,,,
先手,15,,,,
先手,11,,,,
先手,13,,,,
先手,13,,,,
先手,15,,,,
先手,11,,,,
先手,9,,,,
先手,13,,,,
先手,11,,,,
先手,15,,,,
先手,13,,,,
先手,15,,,,
先手,11,,,,
先手,15,,,,
先手,15,,,,
先手,15,,,,
先手,13,,,,
先手,11,,,,
先手,15,,,,
先手,11,,,,
先手,15,,,,
先手,15,,,,
先手,11,,,,
先手,13,,,,
先手,15,,,,
先手,15,,,,
先手,13,,,,
先手,15,,,,
先手,13,,,,
先手,15,,,,
先手,11,,,,
先手,11,,,,
先手,13,,,,
先手,15,,,,
先手,13,,,,
先手,11,,,,
先手,13,,,,
先手,17,,,,
先手,11,,,,
先手,13,,,,
先手,15,,,,
先手,11,,,,
先手,13,,,,
先手,13,,,,
先手,13,,,,
先手,13,,,,
先手,9,,,,
先手,13,,,,
先手,11,,,,
先手,15,,,,
先手,11,,,,
先手,11,,,,
先手,11,,,,
先手,13,,,,
先手,13,,,,
先手,13,,,,
先手,11,,,,
先手,13,,,,
先手,13,,,,
先手,13,,,,
先手,13,,,,
先手,11,,,,
先手,15,,,,
先手,13,,,,
先手,11,,,,
先手,11,,,,
先手,15,,,,
先手,15,,,,
先手,11,,,,
先手,15,,,,
先手,15,,,,
先手,11,,,,
先手,15,,,,
先手,13,,,,
先手,17,,,,
先手,11,,,,
先手,13,,,,
先手,15,,,,
先手,13,,,,
先手,15,,,,
先手,13,,,,
先手,13,,,,
先手,15,,,,
先手,13,,,,
先手,13,,,,
先手,13,,,,
先手,11,,,,
先手,13,,,,
先手,11,,,,
先手,15,,,,
先手,13,,,,
先手,13,,,,
先手,13,,,,
先手,13,,,,
先手,13,,,,
先手,11,,,,
先手,13,,,,
先手,11,,,,
先手,13,,,,
先手,13,,,,
先手,11,,,,
先手,15,,,,
先手,15,,,,
先手,13,,,,
先手,13,,,,
先手,13,,,,
先手,11,,,,
先手,13,,,,
先手,13,,,,
先手,11,,,,
先手,13,,,,
先手,11,,,,
先手,15,,,,
先手,15,,,,
先手,9,,,,
先手,15,,,,
先手,15,,,,
先手,15,,,,
先手,11,,,,
先手,11,,,,
先手,15,,,,
先手,13,,,,
先手,13,,,,
先手,15,,,,
先手,13,,,,
先手,17,,,,
先手,11,,,,
先手,17,,,,
先手,13,,,,
先手,11,,,,
先手,13,,,,
先手,15,,,,
先手,13,,,,
先手,13,,,,
先手,11,,,,
先手,13,,,,
先手,15,,,,
先手,15,,,,
先手,17,,,,
先手,13,,,,
先手,13,,,,
先手,17,,,,
先手,13,,,,
先手,13,,,,
先手,13,,,,
先手,15,,,,
先手,11,,,,
先手,11,,,,
先手,15,,,,
先手,13,,,,
先手,15,,,,
先手,11,,,,
先手,15,,,,
先手,13,,,,
先手,13,,,,
先手,13,,,,
先手,13,,,,
先手,13,,,,
先手,13,,,,
先手,15,,,,
先手,15,,,,
先手,13,,,,
先手,15,,,,
先手,13,,,,
先手,15,,,,
先手,13,,,,
先手,13,,,,
先手,13,,,,
先手,15,,,,
先手,11,,,,
先手,15,,,,
先手,15,,,,
先手,13,,,,
先手,17,,,,
先手,15,,,,
先手,15,,,,
先手,13,,,,
先手,11,,,,
先手,13,,,,
先手,13,,,,
先手,13,,,,
先手,13,,,,
先手,17,,,,
先手,13,,,,
先手,11,,,,
先手,11,,,,
先手,15,,,,
先手,15,,,,
先手,11,,,,
先手,11,,,,
先手,11,,,,
先手,13,,,,
先手,13,,,,
先手,11,,,,
先手,15,,,,
先手,11,,,,
先手,13,,,,
先手,15,,,,
先手,13,,,,
先手,13,,,,
先手,15,,,,
先手,17,,,,
先手,15,,,,
先手,17,,,,
先手,13,,,,
先手,13,,,,
先手,9,,,,
先手,11,,,,
先手,13,,,,
先手,15,,,,
先手,15,,,,
先手,13,,,,
先手,13,,,,
先手,15,,,,
先手,15,,,,
先手,15,,,,
先手,11,,,,
先手,13,,,,
先手,13,,,,
先手,13,,,,
先手,15,,,,
先手,11,,,,
先手,13,,,,
先手,11,,,,
先手,13,,,,
先手,11,,,,
先手,13,,,,
先手,15,,,,
先手,13,,,,
先手,15,,,,
先手,13,,,,
先手,11,,,,
先手,9,,,,
先手,13,,,,
先手,13,,,,
先手,13,,,,
先手,13,,,,
先手,13,,,,
先手,11,,,,
先手,11,,,,
先手,15,,,,
先手,11,,,,
先手,15,,,,
先手,15,,,,
先手,13,,,,
先手,13,,,,
先手,13,,,,
先手,13,,,,
先手,13,,,,
先手,13,,,,
先手,11,,,,
先手,11,,,,
先手,13,,,,
先手,15,,,,
先手,13,,,,
先手,11,,,,
先手,15,,,,
先手,11,,,,
先手,13,,,,
先手,15,,,,
先手,13,,,,
先手,15,,,,
先手,17,,,,
先手,11,,,,
先手,13,,,,
先手,11,,,,
先手,15,,,,
先手,15,,,,
先手,13,,,,
先手,11,,,,
先手,13,,,,
先手,11,,,,
先手,13,,,,
先手,13,,,,
先手,15,,,,
先手,15,,,,
先手,13,,,,
先手,11,,,,
先手,15,,,,
先手,15,,,,
先手,15,,,,
先手,11,,,,
先手,11,,,,
先手,11,,,,
先手,15,,,,
先手,17,,,,
先手,15,,,,
先手,15,,,,
先手,13,,,,
先手,15,,,,
先手,11,,,,
先手,11,,,,
先手,11,,,,
先手,13,,,,
先手,11,,,,
先手,13,,,,
先手,15,,,,
先手,13,,,,
先手,15,,,,
先手,13,,,,
先手,11,,,,
先手,11,,,,
先手,15,,,,
先手,15,,,,
先手,13,,,,
先手,15,,,,
先手,17,,,,
先手,11,,,,
先手,13,,,,
先手,13,,,,
先手,15,,,,
先手,13,,,,
先手,15,,,,
先手,13,,,,
先手,13,,,,
先手,9,,,,
先手,13,,,,
先手,13,,,,
先手,15,,,,
先手,11,,,,
先手,13,,,,
先手,11,,,,
先手,15,,,,
先手,15,,,,
先手,11,,,,
先手,13,,,,
先手,13,,,,
先手,15,,,,
先手,11,,,,
先手,13,,,,
先手,11,,,,
先手,13,,,,
先手,15,,,,
先手,13,,,,
先手,13,,,,
先手,11,,,,
先手,13,,,,
先手,15,,,,
先手,13,,,,
先手,11,,,,
先手,15,,,,
先手,15,,,,
先手,13,,,,
先手,13,,,,
先手,13,,,,
先手,15,,,,
先手,11,,,,
先手,11,,,,
先手,13,,,,
先手,13,,,,
先手,11,,,,
先手,13,,,,
先手,11,,,,
先手,13,,,,
先手,9,,,,
先手,11,,,,
先手,17,,,,
先手,13,,,,
先手,15,,,,
先手,11,,,,
先手,13,,,,
先手,13,,,,
先手,13,,,,
先手,13,,,,
先手,15,,,,
先手,13,,,,
先手,11,,,,
先手,11,,,,
先手,13,,,,
先手,11,,,,
先手,11,,,,
先手,13,,,,
先手,13,,,,
先手,13,,,,
先手,15,,,,
先手,13,,,,
先手,13,,,,
先手,13,,,,
先手,13,,,,
先手,13,,,,
先手,13,,,,
先手,13,,,,
先手,13,,,,
先手,13,,,,
先手,15,,,,
先手,11,,,,
先手,13,,,,
先手,13,,,,
先手,13,,,,
先手,13,,,,
先手,11,,,,
先手,13,,,,
先手,17,,,,
先手,13,,,,
先手,11,,,,
先手,13,,,,
先手,15,,,,
先手,13,,,,
先手,11,,,,
先手,11,,,,
先手,13,,,,
先手,13,,,,
先手,15,,,,
先手,11,,,,
先手,15,,,,
先手,15,,,,
先手,15,,,,
先手,11,,,,
先手,13,,,,
先手,13,,,,
先手,13,,,,
先手,11,,,,
先手,15,,,,
先手,13,,,,
先手,13,,,,
先手,13,,,,
先手,13,,,,
先手,15,,,,
先手,15,,,,
先手,13,,,,
先手,11,,,,
先手,13,,,,
先手,13,,,,
先手,15,,,,
先手,11,,,,
先手,13,,,,
先手,13,,,,
先手,13,,,,
先手,11,,,,
先手,15,,,,
先手,13,,,,
先手,11,,,,
先手,13,,,,
先手,11,,,,
先手,13,,,,
先手,9,,,,
先手,15,,,,
先手,13,,,,
先手,11,,,,
先手,17,,,,
先手,13,,,,
先手,17,,,,
先手,15,,,,
先手,11,,,,
先手,15,,,,
先手,13,,,,
先手,11,,,,
先手,13,,,,
先手,11,,,,
先手,15,,,,
先手,13,,,,
先手,13,,,,
先手,13,,,,
先手,11,,,,
先手,11,,,,
先手,13,,,,
先手,13,,,,
先手,11,,,,
先手,15,,,,
先手,17,,,,
先手,15,,,,
先手,11,,,,
先手,15,,,,
先手,13,,,,
先手,15,,,,
先手,13,,,,
先手,13,,,,
先手,13,,,,
先手,13,,,,
先手,13,,,,
先手,13,,,,
先手,15,,,,
先手,11,,,,
先手,13,,,,
先手,13,,,,
先手,11,,,,
先手,13,,,,
先手,13,,,,
先手,11,,,,
先手,13,,,,
先手,13,,,,
先手,13,,,,
先手,11,,,,
先手,15,,,,
先手,9,,,,
先手,13,,,,
先手,13,,,,
先手,15,,,,
先手,11,,,,
先手,15,,,,
先手,17,,,,
先手,13,,,,
先手,15,,,,
先手,13,,,,
先手,15,,,,
先手,13,,,,
先手,13,,,,
先手,13,,,,
先手,13,,,,
先手,13,,,,
先手,9,,,,
先手,13,,,,
先手,15,,,,
先手,17,,,,
先手,13,,,,
先手,13,,,,
先手,13,,,,
先手,13,,,,
先手,13,,,,
先手,11,,,,
先手,13,,,,
先手,11,,,,
先手,9,,,,
先手,15,,,,
先手,13,,,,
先手,13,,,,
先手,13,,,,
先手,13,,,,
先手,11,,,,
先手,17,,,,
先手,15,,,,
先手,13,,,,
先手,15,,,,
先手,11,,,,
先手,15,,,,
先手,13,,,,
先手,15,,,,
先手,11,,,,
先手,11,,,,
先手,13,,,,
先手,13,,,,
先手,15,,,,
先手,11,,,,
先手,13,,,,
先手,11,,,,
先手,11,,,,
先手,13,,,,
先手,15,,,,
先手,13,,,,
先手,15,,,,
先手,13,,,,
先手,11,,,,
先手,15,,,,
先手,15,,,,
先手,13,,,,
先手,11,,,,
先手,13,,,,
先手,13,,,,
先手,13,,,,
先手,13,,,,
先手,13,,,,
先手,13,,,,
先手,11,,,,
先手,13,,,,
先手,13,,,,
先手,15,,,,
先手,13,,,,
先手,15,,,,
先手,13,,,,
先手,15,,,,
先手,11,,,,
先手,13,,,,
先手,11,,,,
先手,15,,,,
先手,11,,,,
先手,15,,,,
先手,13,,,,
先手,11,,,,
先手,15,,,,
先手,13,,,,
先手,13,,,,
先手,11,,,,
先手,13,,,,
先手,11,,,,
先手,11,,,,
先手,15,,,,
先手,13,,,,
先手,15,,,,
先手,13,,,,
先手,13,,,,
先手,13,,,,
先手,15,,,,
先手,13,,,,
先手,13,,,,
先手,13,,,,
先手,13,,,,
先手,13,,,,
先手,15,,,,
先手,15,,,,
先手,11,,,,
先手,11,,,,
先手,15,,,,
先手,11,,,,
先手,13,,,,
先手,11,,,,
先手,11,,,,
先手,9,,,,
先手,9,,,,
先手,13,,,,
先手,13,,,,
先手,15,,,,
先手,13,,,,
先手,9,,,,
先手,13,,,,
先手,15,,,,
先手,13,,,,
先手,11,,,,
先手,11,,,,
先手,13,,,,
先手,11,,,,
先手,11,,,,
先手,13,,,,
先手,11,,,,
先手,13,,,,
先手,13,,,,
先手,9,,,,
先手,11,,,,
先手,15,,,,
先手,11,,,,
先手,13,,,,
先手,15,,,,
先手,15,,,,
先手,13,,,,
先手,15,,,,
先手,11,,,,
先手,13,,,,
先手,13,,,,
先手,13,,,,
先手,13,,,,
先手,11,,,,
先手,15,,,,
先手,13,,,,
先手,15,,,,
先手,13,,,,
先手,13,,,,
先手,15,,,,
先手,15,,,,
先手,13,,,,
先手,15,,,,
先手,11,,,,
先手,13,,,,
先手,13,,,,
先手,11,,,,
先手,17,,,,
先手,13,,,,
先手,15,,,,
先手,11,,,,
先手,13,,,,
先手,11,,,,
先手,11,,,,
先手,11,,,,
先手,15,,,,
先手,15,,,,
先手,15,,,,
先手,15,,,,
先手,13,,,,
先手,13,,,,
先手,13,,,,
先手,13,,,,
先手,13,,,,
先手,13,,,,
先手,13,,,,
先手,11,,,,
先手,13,,,,
先手,13,,,,
先手,13,,,,
先手,11,,,,
先手,11,,,,
先手,13,,,,
先手,15,,,,
先手,11,,,,
先手,15,,,,
先手,13,,,,
先手,13,,,,
先手,13,,,,
先手,11,,,,
先手,11,,,,
先手,13,,,,
先手,15,,,,
先手,13,,,,
先手,13,,,,
先手,13,,,,
先手,13,,,,
先手,15,,,,
先手,15,,,,
先手,15,,,,
先手,13,,,,
先手,13,,,,
先手,13,,,,
先手,11,,,,
先手,11,,,,
先手,11,,,,
先手,15,,,,
先手,11,,,,
先手,11,,,,
先手,15,,,,
先手,13,,,,
先手,13,,,,
先手,13,,,,
先手,13,,,,
先手,13,,,,
先手,11,,,,
先手,13,,,,
先手,15,,,,
先手,13,,,,
先手,13,,,,
先手,11,,,,
先手,13,,,,
先手,15,,,,
先手,13,,,,
先手,11,,,,
先手,13,,,,
先手,13,,,,
先手,13,,,,
先手,11,,,,
先手,11,,,,
先手,13,,,,
先手,13,,,,
先手,17,,,,
先手,13,,,,
先手,13,,,,
先手,13,,,,
先手,15,,,,
先手,13,,,,
先手,11,,,,
先手,15,,,,
先手,11,,,,
先手,13,,,,
先手,13,,,,
先手,15,,,,
先手,13,,,,
先手,11,,,,
先手,13,,,,
先手,11,,,,
先手,11,,,,
先手,11,,,,
先手,15,,,,
先手,15,,,,
先手,15,,,,
先手,11,,,,
先手,15,,,,
先手,15,,,,
先手,11,,,,
先手,13,,,,
先手,11,,,,
先手,11,,,,
先手,13,,,,
先手,11,,,,
先手,11,,,,
先手,13,,,,
先手,11,,,,
先手,13,,,,
先手,13,,,,
先手,11,,,,
先手,11,,,,
先手,9,,,,
先手,15,,,,
先手,11,,,,
先手,11,,,,
先手,11,,,,
先手,13,,,,
先手,11,,,,
先手,15,,,,
先手,11,,,,
先手,13,,,,
先手,11,,,,
先手,11,,,,
先手,13,,,,
先手,15,,,,
先手,13,,,,
先手,11,,,,
先手,11,,,,
先手,11,,,,
先手,11,,,,
先手,15,,,,
先手,15,,,,
先手,13,,,,
先手,11,,,,
先手,11,,,,
先手,11,,,,
先手,13,,,,
先手,15,,,,
先手,13,,,,
先手,11,,,,
先手,11,,,,
先手,11,,,,
先手,15,,,,
先手,13,,,,
先手,15,,,,
先手,13,,,,
先手,11,,,,
先手,15,,,,
先手,15,,,,
先手,15,,,,
先手,15,,,,
先手,17,,,,
先手,11,,,,
先手,13,,,,
先手,15,,,,
先手,11,,,,
先手,13,,,,
先手,11,,,,
先手,11,,,,
先手,17,,,,
先手,13,,,,
先手,13,,,,
先手,13,,,,
先手,13,,,,
先手,11,,,,
先手,13,,,,
先手,13,,,,
先手,15,,,,
先手,13,,,,
先手,13,,,,
先手,11,,,,
先手,13,,,,
先手,13,,,,
先手,13,,,,
先手,11,,,,
先手,13,,,,
先手,13,,,,
先手,13,,,,
先手,13,,,,
先手,13,,,,
先手,15,,,,
先手,11,,,,
先手,13,,,,
先手,13,,,,
先手,15,,,,
先手,9,,,,
先手,13,,,,
先手,13,,,,
先手,13,,,,
先手,13,,,,
先手,13,,,,
先手,13,,,,
先手,13,,,,
先手,13,,,,
先手,13,,,,
先手,13,,,,
先手,13,,,,
先手,13,,,,
先手,15,,,,
先手,11,,,,
先手,13,,,,
先手,13,,,,
先手,15,,,,
先手,13,,,,
先手,17,,,,
先手,15,,,,
先手,13,,,,
先手,13,,,,
先手,15,,,,
先手,13,,,,
先手,15,,,,
先手,13,,,,
先手,11,,,,
先手,13,,,,
先手,11,,,,
先手,11,,,,
先手,13,,,,
先手,15,,,,
先手,11,,,,
先手,15,,,,
先手,13,,,,
先手,15,,,,
先手,15,,,,
先手,17,,,,
先手,11,,,,
先手,17,,,,
先手,11,,,,
先手,13,,,,
先手,13,,,,
先手,13,,,,
先手,13,,,,
先手,11,,,,
先手,13,,,,
先手,11,,,,
先手,17,,,,
先手,19,,,,
先手,11,,,,
先手,13,,,,
先手,13,,,,
先手,11,,,,
先手,13,,,,
先手,13,,,,
先手,13,,,,
先手,13,,,,
先手,13,,,,
先手,13,,,,
先手,15,,,,
先手,13,,,,
先手,13,,,,
先手,15,,,,
先手,13,,,,
先手,15,,,,
先手,15,,,,
先手,11,,,,
先手,13,,,,
先手,11,,,,
先手,13,,,,
先手,13,,,,
先手,11,,,,
先手,13,,,,
先手,13,,,,
先手,13,,,,
先手,11,,,,
先手,13,,,,
先手,11,,,,
先手,11,,,,
先手,13,,,,
先手,13,,,,
先手,15,,,,
先手,13,,,,
先手,15,,,,
先手,11,,,,
先手,11,,,,
先手,13,,,,
先手,11,,,,
先手,15,,,,
先手,13,,,,
先手,13,,,,
先手,11,,,,
先手,13,,,,
先手,13,,,,
先手,13,,,,
先手,15,,,,
先手,11,,,,
先手,15,,,,
先手,11,,,,
先手,11,,,,
先手,11,,,,
先手,11,,,,
先手,13,,,,
先手,13,,,,
先手,13,,,,
先手,11,,,,
先手,13,,,,
先手,13,,,,
先手,13,,,,
先手,13,,,,
先手,11,,,,
先手,15,,,,
先手,13,,,,
先手,11,,,,
先手,15,,,,
先手,11,,,,
先手,11,,,,
先手,11,,,,
先手,13,,,,
先手,13,,,,
先手,9,,,,
先手,11,,,,
先手,13,,,,
先手,13,,,,
先手,13,,,,
先手,15,,,,
先手,13,,,,
先手,11,,,,
先手,15,,,,
先手,11,,,,
先手,13,,,,
先手,9,,,,
先手,13,,,,
先手,15,,,,
先手,13,,,,
先手,15,,,,
先手,13,,,,
先手,15,,,,
先手,13,,,,
先手,15,,,,
先手,13,,,,
先手,11,,,,
先手,17,,,,
先手,11,,,,
先手,15,,,,
先手,15,,,,
先手,11,,,,
先手,15,,,,
先手,13,,,,
先手,11,,,,
先手,13,,,,
先手,13,,,,
先手,13,,,,
先手,13,,,,
先手,11,,,,
先手,15,,,,
先手,13,,,,
先手,15,,,,
先手,15,,,,
先手,13,,,,
先手,13,,,,
後手,14,,,,
後手,12,,,,
後手,14,,,,
後手,10,,,,
後手,12,,,,
後手,16,,,,
後手,12,,,,
後手,14,,,,
後手,10,,,,
後手,12,,,,
後手,10,,,,
後手,16,,,,
後手,12,,,,
後手,14,,,,
後手,14,,,,
後手,14,,,,
後手,14,,,,
後手,14,,,,
後手,12,,,,
後手,12,,,,
後手,12,,,,
後手,12,,,,
後手,12,,,,
後手,12,,,,
後手,12,,,,
後手,14,,,,
後手,10,,,,
後手,10,,,,
後手,14,,,,
後手,12,,,,
後手,14,,,,
後手,12,,,,
後手,14,,,,
後手,14,,,,
後手,12,,,,
後手,12,,,,
後手,16,,,,
後手,12,,,,
後手,14,,,,
後手,14,,,,
後手,14,,,,
後手,16,,,,
後手,14,,,,
後手,14,,,,
後手,14,,,,
後手,14,,,,
後手,14,,,,
後手,14,,,,
後手,14,,,,
後手,14,,,,
後手,14,,,,
後手,16,,,,
後手,16,,,,
後手,16,,,,
後手,14,,,,
後手,10,,,,
後手,12,,,,
後手,12,,,,
後手,12,,,,
後手,12,,,,
後手,14,,,,
後手,14,,,,
後手,12,,,,
後手,14,,,,
後手,14,,,,
後手,16,,,,
後手,12,,,,
後手,10,,,,
後手,12,,,,
後手,12,,,,
後手,14,,,,
後手,12,,,,
後手,14,,,,
後手,14,,,,
後手,12,,,,
後手,16,,,,
後手,12,,,,
後手,12,,,,
後手,14,,,,
後手,16,,,,
後手,14,,,,
後手,18,,,,
後手,10,,,,
後手,14,,,,
後手,16,,,,
後手,12,,,,
後手,14,,,,
後手,14,,,,
後手,12,,,,
後手,16,,,,
後手,12,,,,
後手,12,,,,
後手,14,,,,
後手,14,,,,
後手,14,,,,
後手,16,,,,
後手,12,,,,
後手,12,,,,
後手,14,,,,
後手,14,,,,
後手,14,,,,
後手,12,,,,
後手,12,,,,
後手,14,,,,
後手,14,,,,
後手,12,,,,
後手,14,,,,
後手,14,,,,
後手,12,,,,
後手,12,,,,
後手,12,,,,
後手,16,,,,
後手,12,,,,
後手,12,,,,
後手,16,,,,
後手,16,,,,
後手,14,,,,
後手,16,,,,
後手,14,,,,
後手,10,,,,
後手,14,,,,
後手,14,,,,
後手,14,,,,
後手,12,,,,
後手,10,,,,
後手,14,,,,
後手,12,,,,
後手,12,,,,
後手,10,,,,
後手,14,,,,
後手,12,,,,
後手,14,,,,
後手,10,,,,
後手,16,,,,
後手,12,,,,
後手,14,,,,
後手,12,,,,
後手,14,,,,
後手,14,,,,
後手,12,,,,
後手,12,,,,
後手,12,,,,
後手,10,,,,
後手,14,,,,
後手,14,,,,
後手,16,,,,
後手,14,,,,
後手,14,,,,
後手,16,,,,
後手,14,,,,
後手,10,,,,
後手,14,,,,
後手,10,,,,
後手,14,,,,
後手,16,,,,
後手,12,,,,
後手,14,,,,
後手,12,,,,
後手,16,,,,
後手,14,,,,
後手,16,,,,
後手,12,,,,
後手,12,,,,
後手,10,,,,
後手,12,,,,
後手,16,,,,
後手,14,,,,
後手,12,,,,
後手,14,,,,
後手,14,,,,
後手,14,,,,
後手,12,,,,
後手,16,,,,
後手,12,,,,
後手,12,,,,
後手,14,,,,
後手,12,,,,
後手,12,,,,
後手,14,,,,
後手,16,,,,
後手,12,,,,
後手,14,,,,
後手,14,,,,
後手,12,,,,
後手,16,,,,
後手,12,,,,
後手,16,,,,
後手,12,,,,
後手,14,,,,
後手,14,,,,
後手,12,,,,
後手,10,,,,
後手,14,,,,
後手,16,,,,
後手,12,,,,
後手,12,,,,
後手,14,,,,
後手,16,,,,
後手,12,,,,
後手,12,,,,
後手,12,,,,
後手,14,,,,
後手,12,,,,
後手,16,,,,
後手,14,,,,
後手,12,,,,
後手,12,,,,
後手,12,,,,
後手,12,,,,
後手,14,,,,
後手,10,,,,
後手,10,,,,
後手,12,,,,
後手,14,,,,
後手,10,,,,
後手,12,,,,
後手,14,,,,
後手,16,,,,
後手,12,,,,
後手,14,,,,
後手,12,,,,
後手,14,,,,
後手,12,,,,
後手,14,,,,
後手,12,,,,
後手,12,,,,
後手,16,,,,
後手,14,,,,
後手,14,,,,
後手,14,,,,
後手,10,,,,
後手,12,,,,
後手,14,,,,
後手,12,,,,
後手,12,,,,
後手,14,,,,
後手,12,,,,
後手,10,,,,
後手,12,,,,
後手,12,,,,
後手,10,,,,
後手,14,,,,
後手,12,,,,
後手,18,,,,
後手,12,,,,
後手,14,,,,
後手,16,,,,
後手,12,,,,
後手,10,,,,
後手,12,,,,
後手,14,,,,
後手,14,,,,
後手,12,,,,
後手,12,,,,
後手,12,,,,
後手,14,,,,
後手,14,,,,
後手,14,,,,
後手,12,,,,
後手,12,,,,
後手,14,,,,
後手,14,,,,
後手,10,,,,
後手,12,,,,
後手,12,,,,
後手,14,,,,
後手,10,,,,
後手,14,,,,
後手,14,,,,
後手,12,,,,
後手,14,,,,
後手,12,,,,
後手,14,,,,
後手,14,,,,
後手,12,,,,
後手,12,,,,
後手,12,,,,
後手,12,,,,
後手,14,,,,
後手,14,,,,
後手,10,,,,
後手,14,,,,
後手,12,,,,
後手,14,,,,
後手,14,,,,
後手,14,,,,
後手,12,,,,
後手,12,,,,
後手,14,,,,
後手,12,,,,
後手,16,,,,
後手,10,,,,
後手,14,,,,
後手,12,,,,
後手,12,,,,
後手,12,,,,
後手,16,,,,
後手,12,,,,
後手,16,,,,
後手,12,,,,
後手,12,,,,
後手,14,,,,
後手,14,,,,
後手,12,,,,
後手,12,,,,
後手,14,,,,
後手,14,,,,
後手,12,,,,
後手,14,,,,
後手,16,,,,
後手,12,,,,
後手,12,,,,
後手,12,,,,
後手,16,,,,
後手,12,,,,
後手,14,,,,
後手,14,,,,
後手,14,,,,
後手,12,,,,
後手,12,,,,
後手,14,,,,
後手,14,,,,
後手,16,,,,
後手,12,,,,
後手,12,,,,
後手,12,,,,
後手,16,,,,
後手,14,,,,
後手,10,,,,
後手,12,,,,
後手,12,,,,
後手,14,,,,
後手,10,,,,
後手,12,,,,
後手,10,,,,
後手,16,,,,
後手,12,,,,
後手,12,,,,
後手,12,,,,
後手,16,,,,
後手,14,,,,
後手,14,,,,
後手,12,,,,
後手,12,,,,
後手,12,,,,
後手,14,,,,
後手,14,,,,
後手,16,,,,
後手,12,,,,
後手,14,,,,
後手,14,,,,
後手,12,,,,
後手,12,,,,
後手,10,,,,
後手,16,,,,
後手,14,,,,
後手,14,,,,
後手,14,,,,
後手,14,,,,
後手,14,,,,
後手,12,,,,
後手,14,,,,
後手,12,,,,
後手,12,,,,
後手,14,,,,
後手,16,,,,
後手,12,,,,
後手,12,,,,
後手,12,,,,
後手,12,,,,
後手,14,,,,
後手,12,,,,
後手,12,,,,
後手,14,,,,
後手,14,,,,
後手,12,,,,
後手,14,,,,
後手,12,,,,
後手,12,,,,
後手,12,,,,
後手,14,,,,
後手,14,,,,
後手,14,,,,
後手,12,,,,
後手,14,,,,
後手,16,,,,
後手,12,,,,
後手,10,,,,
後手,14,,,,
後手,14,,,,
後手,14,,,,
後手,12,,,,
後手,12,,,,
後手,14,,,,
後手,12,,,,
後手,12,,,,
後手,14,,,,
後手,12,,,,
後手,10,,,,
後手,14,,,,
後手,12,,,,
後手,12,,,,
後手,16,,,,
後手,10,,,,
後手,14,,,,
後手,12,,,,
後手,16,,,,
後手,12,,,,
後手,12,,,,
後手,14,,,,
後手,10,,,,
後手,8,,,,
後手,12,,,,
後手,12,,,,
後手,12,,,,
後手,14,,,,
後手,14,,,,
後手,14,,,,
後手,14,,,,
後手,12,,,,
後手,14,,,,
後手,12,,,,
後手,12,,,,
後手,16,,,,
後手,14,,,,
後手,12,,,,
後手,12,,,,
後手,12,,,,
後手,14,,,,
後手,12,,,,
後手,14,,,,
後手,12,,,,
後手,14,,,,
後手,14,,,,
後手,14,,,,
後手,16,,,,
後手,12,,,,
後手,14,,,,
後手,14,,,,
後手,14,,,,
後手,14,,,,
後手,14,,,,
後手,14,,,,
後手,12,,,,
後手,14,,,,
後手,10,,,,
後手,14,,,,
後手,12,,,,
後手,12,,,,
後手,14,,,,
後手,12,,,,
後手,12,,,,
後手,10,,,,
後手,14,,,,
後手,10,,,,
後手,12,,,,
後手,16,,,,
後手,14,,,,
後手,10,,,,
後手,16,,,,
後手,14,,,,
後手,14,,,,
後手,10,,,,
後手,14,,,,
後手,10,,,,
後手,12,,,,
後手,14,,,,
後手,10,,,,
後手,16,,,,
後手,14,,,,
後手,12,,,,
後手,12,,,,
後手,16,,,,
後手,12,,,,
後手,12,,,,
後手,14,,,,
後手,16,,,,
後手,12,,,,
後手,12,,,,
後手,12,,,,
後手,16,,,,
後手,12,,,,
後手,12,,,,
後手,16,,,,
後手,12,,,,
後手,12,,,,
後手,12,,,,
後手,12,,,,
後手,14,,,,
後手,16,,,,
後手,12,,,,
後手,12,,,,
後手,14,,,,
後手,14,,,,
後手,14,,,,
後手,14,,,,
後手,12,,,,
後手,12,,,,
後手,10,,,,
後手,12,,,,
後手,14,,,,
後手,14,,,,
後手,12,,,,
後手,12,,,,
後手,12,,,,
後手,12,,,,
後手,14,,,,
後手,14,,,,
後手,10,,,,
後手,16,,,,
後手,10,,,,
後手,16,,,,
後手,14,,,,
後手,10,,,,
後手,12,,,,
後手,12,,,,
後手,12,,,,
後手,12,,,,
後手,14,,,,
後手,12,,,,
後手,12,,,,
後手,14,,,,
後手,14,,,,
後手,14,,,,
後手,12,,,,
後手,14,,,,
後手,12,,,,
後手,16,,,,
後手,14,,,,
後手,12,,,,
後手,16,,,,
後手,10,,,,
後手,16,,,,
後手,14,,,,
後手,12,,,,
後手,14,,,,
後手,12,,,,
後手,12,,,,
後手,12,,,,
後手,14,,,,
後手,18,,,,
後手,16,,,,
後手,12,,,,
後手,10,,,,
後手,14,,,,
後手,16,,,,
後手,12,,,,
後手,14,,,,
後手,16,,,,
後手,12,,,,
後手,14,,,,
後手,14,,,,
後手,12,,,,
後手,12,,,,
後手,14,,,,
後手,12,,,,
後手,10,,,,
後手,12,,,,
後手,14,,,,
後手,12,,,,
後手,12,,,,
後手,14,,,,
後手,14,,,,
後手,16,,,,
後手,10,,,,
後手,12,,,,
後手,10,,,,
後手,12,,,,
後手,16,,,,
後手,14,,,,
後手,12,,,,
後手,16,,,,
後手,12,,,,
後手,10,,,,
後手,10,,,,
後手,12,,,,
後手,16,,,,
後手,16,,,,
後手,16,,,,
後手,12,,,,
後手,12,,,,
後手,14,,,,
後手,14,,,,
後手,12,,,,
後手,12,,,,
後手,12,,,,
後手,14,,,,
後手,14,,,,
後手,14,,,,
後手,14,,,,
後手,10,,,,
後手,12,,,,
後手,12,,,,
後手,14,,,,
後手,12,,,,
後手,14,,,,
後手,14,,,,
後手,14,,,,
後手,14,,,,
後手,12,,,,
後手,16,,,,
後手,14,,,,
後手,12,,,,
後手,16,,,,
後手,12,,,,
後手,12,,,,
後手,12,,,,
後手,14,,,,
後手,12,,,,
後手,10,,,,
後手,14,,,,
後手,10,,,,
後手,14,,,,
後手,14,,,,
後手,12,,,,
後手,14,,,,
後手,12,,,,
後手,10,,,,
後手,14,,,,
後手,10,,,,
後手,14,,,,
後手,10,,,,
後手,12,,,,
後手,12,,,,
後手,14,,,,
後手,12,,,,
後手,16,,,,
後手,14,,,,
後手,14,,,,
後手,12,,,,
後手,12,,,,
後手,12,,,,
後手,10,,,,
後手,14,,,,
後手,14,,,,
後手,14,,,,
後手,10,,,,
後手,14,,,,
後手,14,,,,
後手,14,,,,
後手,12,,,,
後手,12,,,,
後手,14,,,,
後手,16,,,,
後手,16,,,,
後手,14,,,,
後手,14,,,,
後手,16,,,,
後手,14,,,,
後手,12,,,,
後手,10,,,,
後手,10,,,,
後手,12,,,,
後手,10,,,,
後手,12,,,,
後手,12,,,,
後手,16,,,,
後手,12,,,,
後手,16,,,,
後手,12,,,,
後手,14,,,,
後手,12,,,,
後手,16,,,,
後手,12,,,,
後手,14,,,,
後手,12,,,,
後手,16,,,,
後手,14,,,,
後手,12,,,,
後手,10,,,,
後手,10,,,,
後手,14,,,,
後手,12,,,,
後手,12,,,,
後手,12,,,,
後手,14,,,,
後手,12,,,,
後手,16,,,,
後手,12,,,,
後手,12,,,,
後手,12,,,,
後手,14,,,,
後手,10,,,,
後手,14,,,,
後手,12,,,,
後手,12,,,,
後手,12,,,,
後手,12,,,,
後手,14,,,,
後手,10,,,,
後手,12,,,,
後手,10,,,,
後手,12,,,,
後手,12,,,,
後手,14,,,,
後手,14,,,,
後手,14,,,,
後手,12,,,,
後手,14,,,,
後手,14,,,,
後手,12,,,,
後手,18,,,,
後手,12,,,,
後手,12,,,,
後手,14,,,,
後手,12,,,,
後手,12,,,,
後手,14,,,,
後手,12,,,,
後手,14,,,,
後手,12,,,,
後手,14,,,,
後手,12,,,,
後手,16,,,,
後手,12,,,,
後手,10,,,,
後手,14,,,,
後手,12,,,,
後手,12,,,,
後手,12,,,,
後手,12,,,,
後手,12,,,,
後手,14,,,,
後手,12,,,,
後手,14,,,,
後手,12,,,,
後手,14,,,,
後手,10,,,,
後手,14,,,,
後手,10,,,,
後手,12,,,,
後手,12,,,,
後手,14,,,,
後手,12,,,,
後手,16,,,,
後手,14,,,,
後手,12,,,,
後手,12,,,,
後手,16,,,,
後手,12,,,,
後手,12,,,,
後手,12,,,,
後手,16,,,,
後手,10,,,,
後手,14,,,,
後手,12,,,,
後手,12,,,,
後手,14,,,,
後手,12,,,,
後手,14,,,,
後手,12,,,,
後手,12,,,,
後手,12,,,,
後手,14,,,,
後手,10,,,,
後手,12,,,,
後手,12,,,,
後手,14,,,,
後手,12,,,,
後手,16,,,,
後手,14,,,,
後手,12,,,,
後手,16,,,,
後手,14,,,,
後手,16,,,,
後手,10,,,,
後手,10,,,,
後手,14,,,,
後手,12,,,,
後手,12,,,,
後手,12,,,,
後手,14,,,,
後手,14,,,,
後手,12,,,,
後手,12,,,,
後手,16,,,,
後手,12,,,,
後手,16,,,,
後手,12,,,,
後手,12,,,,
後手,14,,,,
後手,14,,,,
後手,12,,,,
後手,14,,,,
後手,12,,,,
後手,14,,,,
後手,12,,,,
後手,14,,,,
後手,12,,,,
後手,14,,,,
後手,12,,,,
後手,12,,,,
後手,10,,,,
後手,12,,,,
後手,14,,,,
後手,12,,,,
後手,16,,,,
後手,14,,,,
後手,12,,,,
後手,12,,,,
後手,12,,,,
後手,12,,,,
後手,14,,,,
後手,12,,,,
後手,14,,,,
後手,14,,,,
後手,14,,,,
後手,14,,,,
後手,12,,,,
後手,14,,,,
後手,14,,,,
後手,14,,,,
後手,14,,,,
後手,12,,,,
後手,14,,,,
後手,16,,,,
後手,12,,,,
後手,12,,,,
後手,12,,,,
後手,16,,,,
後手,12,,,,
後手,10,,,,
後手,12,,,,
後手,12,,,,
後手,14,,,,
後手,10,,,,
後手,14,,,,
後手,12,,,,
後手,12,,,,
後手,10,,,,
後手,12,,,,
後手,12,,,,
後手,12,,,,
後手,12,,,,
後手,12,,,,
後手,14,,,,
後手,12,,,,
後手,12,,,,
後手,18,,,,
後手,12,,,,
後手,14,,,,
後手,12,,,,
後手,12,,,,
後手,10,,,,
後手,14,,,,
後手,14,,,,
後手,14,,,,
後手,14,,,,
後手,14,,,,
後手,12,,,,
後手,14,,,,
後手,12,,,,
後手,16,,,,
後手,14,,,,
後手,16,,,,
後手,10,,,,
後手,14,,,,
後手,12,,,,
後手,12,,,,
後手,14,,,,
後手,12,,,,
後手,12,,,,
後手,10,,,,
後手,14,,,,
後手,16,,,,
後手,14,,,,
後手,12,,,,
後手,12,,,,
後手,12,,,,
後手,14,,,,
後手,16,,,,
後手,12,,,,
後手,12,,,,
後手,12,,,,
後手,16,,,,
後手,16,,,,
後手,16,,,,
後手,12,,,,
後手,14,,,,
後手,14,,,,
後手,12,,,,
後手,14,,,,
後手,12,,,,
後手,12,,,,
後手,14,,,,
後手,14,,,,
後手,12,,,,
後手,16,,,,
後手,10,,,,
後手,16,,,,
後手,18,,,,
後手,12,,,,
後手,10,,,,
後手,14,,,,
後手,10,,,,
後手,14,,,,
後手,12,,,,
後手,12,,,,
後手,14,,,,
後手,12,,,,
後手,14,,,,
後手,12,,,,
後手,14,,,,
後手,16,,,,
後手,12,,,,
後手,12,,,,
後手,12,,,,
後手,14,,,,
後手,12,,,,
後手,12,,,,
後手,10,,,,
後手,12,,,,
後手,14,,,,
後手,12,,,,
後手,14,,,,
後手,12,,,,
後手,14,,,,
後手,14,,,,
後手,10,,,,
後手,14,,,,
後手,12,,,,
後手,14,,,,
後手,12,,,,
後手,12,,,,
後手,14,,,,
後手,12,,,,
後手,12,,,,
後手,12,,,,
後手,14,,,,
後手,12,,,,
後手,12,,,,
後手,12,,,,
後手,10,,,,
後手,16,,,,
後手,12,,,,
後手,12,,,,
後手,14,,,,
後手,14,,,,
後手,14,,,,
後手,16,,,,
後手,14,,,,
後手,18,,,,
後手,16,,,,
後手,12,,,,
後手,12,,,,
後手,12,,,,
後手,18,,,,
後手,12,,,,
後手,14,,,,
後手,14,,,,
後手,14,,,,
後手,14,,,,
後手,10,,,,
後手,14,,,,
後手,14,,,,
後手,14,,,,
後手,14,,,,
後手,14,,,,
後手,12,,,,
後手,12,,,,
後手,12,,,,
後手,14,,,,
後手,16,,,,
後手,12,,,,
後手,12,,,,
後手,12,,,,
後手,12,,,,
後手,14,,,,
後手,12,,,,
後手,14,,,,
後手,14,,,,
後手,14,,,,
後手,16,,,,
後手,14,,,,
後手,12,,,,
後手,10,,,,
後手,12,,,,
後手,14,,,,
後手,14,,,,
後手,12,,,,
後手,12,,,,
後手,12,,,,
後手,12,,,,
後手,14,,,,
後手,12,,,,
後手,14,,,,
後手,10,,,,
後手,14,,,,
後手,14,,,,
後手,12,,,,
後手,12,,,,
後手,14,,,,
後手,14,,,,
後手,16,,,,
後手,12,,,,
後手,10,,,,
後手,12,,,,
後手,14,,,,
後手,12,,,,
後手,12,,,,
後手,14,,,,
後手,14,,,,
後手,12,,,,
後手,12,,,,
後手,14,,,,
後手,14,,,,
後手,14,,,,
後手,10,,,,
後手,14,,,,
後手,12,,,,
後手,12,,,,
後手,12,,,,
後手,12,,,,
後手,12,,,,
後手,14,,,,
後手,12,,,,
後手,16,,,,
後手,14,,,,
後手,12,,,,
後手,16,,,,
後手,14,,,,
後手,14,,,,
後手,10,,,,
後手,12,,,,
後手,14,,,,
後手,10,,,,
後手,14,,,,
後手,12,,,,
後手,14,,,,
後手,12,,,,
後手,12,,,,
後手,10,,,,
後手,10,,,,
後手,14,,,,
後手,12,,,,
後手,14,,,,
後手,14,,,,
後手,12,,,,
後手,12,,,,
後手,14,,,,
後手,14,,,,
後手,12,,,,
後手,16,,,,
後手,14,,,,
後手,14,,,,
後手,14,,,,
後手,14,,,,
後手,14,,,,
後手,10,,,,
後手,12,,,,
後手,12,,,,
後手,12,,,,
後手,12,,,,
後手,16,,,,
後手,16,,,,
後手,12,,,,
後手,14,,,,
後手,12,,,,
後手,16,,,,
後手,14,,,,
後手,14,,,,
後手,10,,,,
後手,12,,,,
後手,12,,,,
後手,14,,,,
後手,14,,,,
後手,14,,,,
後手,12,,,,
後手,14,,,,
後手,12,,,,
後手,12,,,,
後手,12,,,,
後手,12,,,,
後手,12,,,,
後手,12,,,,
後手,12,,,,
後手,12,,,,
後手,14,,,,
後手,10,,,,
後手,14,,,,
後手,12,,,,
後手,12,,,,
後手,12,,,,
後手,14,,,,
後手,14,,,,
後手,14,,,,
後手,14,,,,
後手,14,,,,
後手,14,,,,
後手,12,,,,
後手,12,,,,
後手,14,,,,
後手,12,,,,
後手,12,,,,
後手,14,,,,
後手,14,,,,
後手,12,,,,
後手,14,,,,
後手,14,,,,
後手,12,,,,
後手,12,,,,
後手,12,,,,
後手,12,,,,
後手,14,,,,
後手,14,,,,
後手,14,,,,
後手,12,,,,
後手,14,,,,
後手,12,,,,
後手,12,,,,
後手,16,,,,
後手,14,,,,
後手,12,,,,
後手,14,,,,
後手,16,,,,
後手,14,,,,
後手,14,,,,
後手,12,,,,
後手,14,,,,
後手,14,,,,
後手,12,,,,
後手,12,,,,
後手,12,,,,
後手,16,,,,
後手,12,,,,
後手,16,,,,
後手,14,,,,
後手,12,,,,
後手,14,,,,
後手,12,,,,
後手,12,,,,
後手,10,,,,
後手,12,,,,
後手,14,,,,
後手,14,,,,
後手,18,,,,
後手,16,,,,
後手,14,,,,
後手,14,,,,
後手,16,,,,
後手,12,,,,
後手,12,,,,
後手,10,,,,
後手,12,,,,
後手,12,,,,
後手,12,,,,
後手,12,,,,
後手,12,,,,
後手,12,,,,
後手,14,,,,
後手,14,,,,
後手,14,,,,
後手,12,,,,
後手,10,,,,
後手,14,,,,
後手,12,,,,
後手,16,,,,
後手,16,,,,
後手,12,,,,
後手,14,,,,
後手,10,,,,
後手,12,,,,
後手,12,,,,
後手,14,,,,
後手,12,,,,
後手,14,,,,
後手,14,,,,
後手,12,,,,
後手,14,,,,
後手,14,,,,
後手,12,,,,
後手,12,,,,
後手,12,,,,
後手,12,,,,
後手,12,,,,
後手,12,,,,
後手,14,,,,
後手,14,,,,
後手,14,,,,
後手,14,,,,
後手,14,,,,
後手,16,,,,
後手,14,,,,
後手,14,,,,
後手,10,,,,
後手,12,,,,
後手,12,,,,
後手,10,,,,
後手,12,,,,
後手,10,,,,
後手,14,,,,
後手,12,,,,
後手,14,,,,
後手,16,,,,
後手,10,,,,
後手,10,,,,
後手,10,,,,
後手,14,,,,
後手,14,,,,
後手,10,,,,
後手,12,,,,
後手,14,,,,
後手,14,,,,
後手,14,,,,
後手,16,,,,
後手,10,,,,
後手,18,,,,
後手,12,,,,
後手,18,,,,
後手,14,,,,
後手,14,,,,
後手,12,,,,
後手,14,,,,
後手,14,,,,
後手,14,,,,
後手,16,,,,
後手,14,,,,
後手,16,,,,
後手,16,,,,
後手,10,,,,
後手,10,,,,
後手,16,,,,
後手,12,,,,
後手,14,,,,
後手,12,,,,
後手,14,,,,
後手,14,,,,
後手,12,,,,
後手,14,,,,
後手,14,,,,
後手,14,,,,
後手,12,,,,
後手,14,,,,
後手,18,,,,
後手,12,,,,
後手,16,,,,
後手,12,,,,
後手,12,,,,
後手,12,,,,
後手,12,,,,
後手,16,,,,
後手,16,,,,
後手,14,,,,
後手,14,,,,
後手,12,,,,
後手,12,,,,
後手,14,,,,
後手,10,,,,
後手,14,,,,
後手,12,,,,
後手,14,,,,
後手,12,,,,
後手,12,,,,
後手,12,,,,
後手,14,,,,
後手,16,,,,
後手,12,,,,
後手,14,,,,
後手,12,,,,
後手,12,,,,
後手,14,,,,
後手,12,,,,
後手,14,,,,
後手,12,,,,
後手,14,,,,
後手,12,,,,
後手,14,,,,
後手,14,,,,
後手,12,,,,
後手,14,,,,
後手,12,,,,
後手,12,,,,
後手,14,,,,
後手,12,,,,
後手,14,,,,
後手,12,,,,
後手,12,,,,
後手,14,,,,
後手,16,,,,
後手,14,,,,
後手,14,,,,
後手,14,,,,
後手,16,,,,
後手,12,,,,
後手,12,,,,
後手,14,,,,
後手,14,,,,
後手,14,,,,
後手,14,,,,
後手,12,,,,
後手,18,,,,
後手,14,,,,
後手,14,,,,
後手,12,,,,
後手,16,,,,
後手,12,,,,
後手,16,,,,
後手,12,,,,
後手,16,,,,
後手,12,,,,
後手,12,,,,
後手,14,,,,
後手,14,,,,
後手,12,,,,
後手,14,,,,
後手,14,,,,
後手,14,,,,
後手,14,,,,
後手,12,,,,
後手,14,,,,
後手,12,,,,
後手,14,,,,
後手,12,,,,
後手,14,,,,
後手,10,,,,
後手,14,,,,
後手,12,,,,
後手,16,,,,
後手,14,,,,
後手,12,,,,
後手,12,,,,
後手,14,,,,
後手,14,,,,
後手,12,,,,
後手,10,,,,
後手,12,,,,
後手,12,,,,
後手,16,,,,
後手,12,,,,
後手,10,,,,
後手,14,,,,
後手,14,,,,
後手,12,,,,
後手,14,,,,
後手,14,,,,
後手,14,,,,
後手,12,,,,
後手,14,,,,
後手,12,,,,
後手,12,,,,
後手,14,,,,
後手,12,,,,
後手,12,,,,
後手,14,,,,
後手,12,,,,
後手,16,,,,
後手,12,,,,
後手,10,,,,
後手,14,,,,
後手,12,,,,
後手,14,,,,
後手,12,,,,
後手,16,,,,
後手,14,,,,
後手,14,,,,
後手,14,,,,
後手,12,,,,
後手,14,,,,
後手,12,,,,
後手,12,,,,
後手,14,,,,
後手,10,,,,
後手,10,,,,
後手,12,,,,
後手,14,,,,
後手,12,,,,
後手,14,,,,
後手,14,,,,
後手,10,,,,
後手,10,,,,
後手,12,,,,
後手,10,,,,
後手,10,,,,
後手,12,,,,
後手,18,,,,
後手,12,,,,
後手,16,,,,
後手,16,,,,
後手,12,,,,
後手,14,,,,
後手,10,,,,
後手,12,,,,
後手,12,,,,
後手,12,,,,
後手,12,,,,
後手,10,,,,
後手,12,,,,
後手,14,,,,
後手,14,,,,
後手,18,,,,
後手,14,,,,
後手,14,,,,
後手,14,,,,
後手,14,,,,
後手,16,,,,
後手,14,,,,
後手,14,,,,
後手,14,,,,
後手,16,,,,
後手,16,,,,
後手,12,,,,
後手,12,,,,
後手,14,,,,
後手,12,,,,
後手,14,,,,
後手,10,,,,
後手,10,,,,
後手,12,,,,
後手,14,,,,
後手,16,,,,
後手,12,,,,
後手,14,,,,
後手,12,,,,
後手,12,,,,
後手,12,,,,
後手,14,,,,
後手,12,,,,
後手,12,,,,
後手,14,,,,
後手,12,,,,
後手,12,,,,
後手,10,,,,
後手,12,,,,
後手,14,,,,
後手,14,,,,
後手,14,,,,
後手,14,,,,
後手,12,,,,
後手,14,,,,
後手,12,,,,
後手,14,,,,
後手,14,,,,
後手,12,,,,
後手,14,,,,
後手,14,,,,
後手,16,,,,
後手,12,,,,
後手,12,,,,
後手,12,,,,
後手,12,,,,
後手,12,,,,
後手,14,,,,
後手,14,,,,
後手,14,,,,
後手,12,,,,
後手,14,,,,
後手,12,,,,
後手,14,,,,
後手,12,,,,
後手,14,,,,
後手,12,,,,
後手,12,,,,
後手,16,,,,
後手,14,,,,
後手,12,,,,
後手,12,,,,
後手,12,,,,
後手,14,,,,
後手,14,,,,
後手,12,,,,
後手,12,,,,
後手,12,,,,
後手,12,,,,
後手,14,,,,
後手,10,,,,
後手,12,,,,
後手,14,,,,
後手,12,,,,
後手,16,,,,
後手,14,,,,
後手,12,,,,
後手,16,,,,
後手,14,,,,
後手,16,,,,
後手,14,,,,
後手,16,,,,
後手,12,,,,
後手,10,,,,
後手,14,,,,
後手,12,,,,
後手,14,,,,
後手,14,,,,
後手,12,,,,
後手,14,,,,
後手,12,,,,
後手,16,,,,
後手,16,,,,
後手,12,,,,
後手,10,,,,
後手,12,,,,
後手,16,,,,
後手,14,,,,
後手,14,,,,
後手,14,,,,
後手,14,,,,
後手,16,,,,
後手,16,,,,
後手,16,,,,
後手,14,,,,
後手,12,,,,
後手,12,,,,
後手,14,,,,
後手,12,,,,
後手,12,,,,
後手,12,,,,
後手,16,,,,
後手,16,,,,
後手,16,,,,
後手,16,,,,
後手,16,,,,
後手,14,,,,
後手,14,,,,
後手,16,,,,
後手,14,,,,
後手,12,,,,
後手,14,,,,
後手,12,,,,
後手,14,,,,
後手,12,,,,
後手,10,,,,
後手,14,,,,
後手,10,,,,
後手,14,,,,
後手,12,,,,
後手,12,,,,
後手,12,,,,
後手,10,,,,
後手,14,,,,
後手,12,,,,
後手,14,,,,
後手,14,,,,
後手,16,,,,
後手,14,,,,
後手,12,,,,
後手,12,,,,
後手,16,,,,
後手,12,,,,
後手,12,,,,
後手,14,,,,
後手,14,,,,
後手,14,,,,
後手,14,,,,
後手,16,,,,
後手,12,,,,
後手,14,,,,
後手,12,,,,
後手,14,,,,
後手,14,,,,
後手,12,,,,
後手,14,,,,
後手,14,,,,
後手,12,,,,
後手,14,,,,
後手,12,,,,
後手,14,,,,
後手,14,,,,
後手,16,,,,
後手,12,,,,
後手,12,,,,
後手,12,,,,
後手,14,,,,
後手,14,,,,
後手,12,,,,
後手,14,,,,
後手,12,,,,
後手,12,,,,
後手,12,,,,
後手,16,,,,
後手,12,,,,
後手,12,,,,
後手,12,,,,
後手,14,,,,
後手,10,,,,
後手,14,,,,
後手,14,,,,
後手,12,,,,
後手,12,,,,
後手,12,,,,
後手,12,,,,
後手,14,,,,
後手,12,,,,
後手,12,,,,
後手,14,,,,
後手,14,,,,
後手,14,,,,
後手,12,,,,
後手,14,,,,
後手,14,,,,
後手,14,,,,
後手,10,,,,
後手,12,,,,
後手,14,,,,
後手,12,,,,
後手,14,,,,
後手,14,,,,
後手,16,,,,
後手,12,,,,
後手,12,,,,
後手,12,,,,
後手,14,,,,
後手,12,,,,
後手,16,,,,
後手,14,,,,
後手,14,,,,
後手,12,,,,
後手,10,,,,
後手,12,,,,
後手,14,,,,
後手,12,,,,
後手,14,,,,
後手,14,,,,
後手,14,,,,
後手,12,,,,
後手,12,,,,
後手,14,,,,
後手,14,,,,
後手,14,,,,
後手,14,,,,
後手,12,,,,
後手,12,,,,
後手,12,,,,
後手,14,,,,
後手,12,,,,
後手,12,,,,
後手,14,,,,
後手,12,,,,
後手,14,,,,
後手,14,,,,
後手,12,,,,
後手,14,,,,
後手,14,,,,
後手,12,,,,
後手,16,,,,
後手,14,,,,
後手,14,,,,
後手,12,,,,
後手,14,,,,
後手,14,,,,
後手,12,,,,
後手,18,,,,
後手,12,,,,
後手,10,,,,
後手,12,,,,
後手,12,,,,
後手,12,,,,
後手,16,,,,
後手,14,,,,
後手,14,,,,
後手,12,,,,
後手,10,,,,
後手,10,,,,
後手,10,,,,
後手,14,,,,
後手,16,,,,
後手,10,,,,
後手,14,,,,
後手,14,,,,
後手,14,,,,
後手,14,,,,
後手,14,,,,
後手,10,,,,
後手,16,,,,
後手,16,,,,
後手,14,,,,
後手,16,,,,
後手,12,,,,
後手,12,,,,
後手,14,,,,
後手,14,,,,
後手,10,,,,
後手,12,,,,
後手,12,,,,
後手,12,,,,
後手,14,,,,
後手,16,,,,
後手,14,,,,
後手,16,,,,
後手,12,,,,
後手,12,,,,
後手,12,,,,
後手,12,,,,
後手,14,,,,
後手,10,,,,
後手,8,,,,
後手,12,,,,
後手,14,,,,
後手,12,,,,
後手,14,,,,
後手,14,,,,
後手,10,,,,
後手,12,,,,
後手,14,,,,
後手,12,,,,
後手,14,,,,
後手,16,,,,
後手,12,,,,
後手,10,,,,
後手,16,,,,
後手,14,,,,
後手,14,,,,
後手,14,,,,
後手,14,,,,
後手,12,,,,
後手,14,,,,
後手,12,,,,
後手,16,,,,
後手,14,,,,
後手,14,,,,
後手,12,,,,
後手,16,,,,
後手,12,,,,
後手,14,,,,
後手,16,,,,
後手,12,,,,
後手,16,,,,
後手,14,,,,
後手,14,,,,
後手,12,,,,
後手,14,,,,
後手,14,,,,
後手,12,,,,
後手,14,,,,
後手,12,,,,
後手,12,,,,
後手,14,,,,
後手,12,,,,
後手,14,,,,
後手,12,,,,
後手,14,,,,
後手,14,,,,
後手,14,,,,
後手,12,,,,
後手,16,,,,
後手,14,,,,
後手,14,,,,
後手,12,,,,
後手,14,,,,
後手,14,,,,
後手,12,,,,
後手,14,,,,
後手,10,,,,
後手,12,,,,
後手,12,,,,
後手,12,,,,
後手,12,,,,
後手,10,,,,
後手,12,,,,
後手,12,,,,
後手,14,,,,
後手,14,,,,
後手,10,,,,
後手,12,,,,
後手,14,,,,
後手,12,,,,
後手,12,,,,
後手,10,,,,
後手,10,,,,
後手,14,,,,
後手,12,,,,
後手,14,,,,
後手,16,,,,
後手,16,,,,
後手,14,,,,
後手,10,,,,
後手,12,,,,
後手,10,,,,
後手,12,,,,
後手,16,,,,
後手,14,,,,
後手,14,,,,
後手,12,,,,
後手,14,,,,
後手,14,,,,
後手,12,,,,
後手,14,,,,
後手,14,,,,
後手,12,,,,
後手,14,,,,
後手,10,,,,
後手,12,,,,
後手,12,,,,
後手,16,,,,
後手,12,,,,
後手,14,,,,
後手,12,,,,
後手,12,,,,
後手,14,,,,
後手,12,,,,
後手,16,,,,
後手,12,,,,
後手,14,,,,
後手,10,,,,
後手,16,,,,
後手,16,,,,
後手,14,,,,
後手,14,,,,
後手,10,,,,
後手,10,,,,
後手,12,,,,
後手,14,,,,
後手,12,,,,
後手,12,,,,
後手,14,,,,
後手,12,,,,
後手,14,,,,
後手,12,,,,
後手,12,,,,
後手,14,,,,
後手,18,,,,
後手,16,,,,
後手,14,,,,
後手,12,,,,
後手,14,,,,
後手,12,,,,
後手,16,,,,
後手,14,,,,
後手,16,,,,
後手,14,,,,
後手,16,,,,
後手,10,,,,
後手,12,,,,
後手,14,,,,
後手,12,,,,
後手,14,,,,
後手,12,,,,
後手,14,,,,
後手,12,,,,
後手,14,,,,
後手,12,,,,
後手,14,,,,
後手,12,,,,
後手,14,,,,
後手,14,,,,
後手,14,,,,
後手,16,,,,
後手,14,,,,
後手,16,,,,
後手,16,,,,
後手,12,,,,
後手,16,,,,
後手,12,,,,
後手,12,,,,
後手,16,,,,
後手,10,,,,
後手,12,,,,
後手,12,,,,
後手,14,,,,
後手,14,,,,
後手,16,,,,
後手,12,,,,
後手,14,,,,
後手,14,,,,
後手,12,,,,
後手,12,,,,
後手,14,,,,
後手,14,,,,
後手,14,,,,
後手,10,,,,
後手,14,,,,
後手,14,,,,
後手,12,,,,
後手,12,,,,
後手,10,,,,
後手,12,,,,
後手,12,,,,
後手,14,,,,
後手,12,,,,
後手,12,,,,
後手,12,,,,
後手,14,,,,
後手,12,,,,
後手,12,,,,
後手,14,,,,
後手,12,,,,
後手,14,,,,
後手,10,,,,
後手,12,,,,
後手,12,,,,
後手,10,,,,
後手,14,,,,
後手,10,,,,
後手,14,,,,
後手,10,,,,
後手,14,,,,
後手,14,,,,
後手,12,,,,
後手,14,,,,
後手,10,,,,
後手,18,,,,
後手,12,,,,
後手,12,,,,
後手,12,,,,
後手,12,,,,
後手,14,,,,
後手,12,,,,
後手,14,,,,
後手,14,,,,
後手,12,,,,
後手,14,,,,
後手,14,,,,
後手,14,,,,
後手,10,,,,
後手,16,,,,
後手,14,,,,
後手,10,,,,
後手,14,,,,
後手,16,,,,
後手,16,,,,
後手,16,,,,
後手,12,,,,
後手,12,,,,
後手,12,,,,
後手,10,,,,
後手,12,,,,
後手,18,,,,
後手,14,,,,
後手,12,,,,
後手,12,,,,
後手,14,,,,
後手,12,,,,
後手,12,,,,
後手,14,,,,
後手,16,,,,
後手,12,,,,
後手,16,,,,
後手,12,,,,
後手,12,,,,
後手,14,,,,
後手,14,,,,
後手,14,,,,
後手,18,,,,
後手,16,,,,
後手,14,,,,
後手,12,,,,
後手,14,,,,
後手,12,,,,
後手,14,,,,
後手,14,,,,
後手,14,,,,
後手,12,,,,
後手,16,,,,
後手,12,,,,
後手,12,,,,
後手,14,,,,
後手,14,,,,
後手,14,,,,
後手,14,,,,
後手,14,,,,
後手,14,,,,
後手,14,,,,
後手,12,,,,
後手,12,,,,
後手,12,,,,
後手,14,,,,
後手,12,,,,
後手,12,,,,
後手,12,,,,
後手,12,,,,
後手,10,,,,
後手,14,,,,
後手,12,,,,
後手,16,,,,
後手,10,,,,
後手,12,,,,
後手,16,,,,
後手,16,,,,
後手,14,,,,
後手,12,,,,
後手,14,,,,
後手,16,,,,
後手,12,,,,
後手,14,,,,
後手,14,,,,
後手,16,,,,
後手,12,,,,
後手,12,,,,
後手,18,,,,
後手,12,,,,
後手,14,,,,
後手,14,,,,
後手,16,,,,
後手,14,,,,
後手,12,,,,
後手,14,,,,
後手,14,,,,
後手,12,,,,
後手,14,,,,
後手,8,,,,
後手,14,,,,
後手,14,,,,
後手,14,,,,
後手,14,,,,
後手,12,,,,
後手,16,,,,
後手,12,,,,
後手,12,,,,
後手,14,,,,
後手,14,,,,
後手,14,,,,
後手,16,,,,
後手,14,,,,
後手,14,,,,
後手,14,,,,
後手,14,,,,
後手,12,,,,
後手,14,,,,
後手,16,,,,
後手,14,,,,
後手,14,,,,
後手,12,,,,
後手,14,,,,
後手,12,,,,
後手,12,,,,
後手,14,,,,
後手,12,,,,
後手,12,,,,
後手,14,,,,
後手,14,,,,
後手,14,,,,
後手,12,,,,
後手,16,,,,
後手,14,,,,
後手,12,,,,
後手,14,,,,
後手,12,,,,
後手,12,,,,
後手,18,,,,
後手,14,,,,
後手,14,,,,
後手,10,,,,
後手,12,,,,
後手,14,,,,
後手,14,,,,
後手,12,,,,
後手,12,,,,
後手,12,,,,
後手,12,,,,
後手,12,,,,
後手,14,,,,
後手,16,,,,
後手,14,,,,
後手,16,,,,
後手,14,,,,
後手,12,,,,
後手,12,,,,
後手,14,,,,
後手,14,,,,
後手,14,,,,
後手,12,,,,
後手,14,,,,
後手,14,,,,
後手,14,,,,
後手,12,,,,
後手,14,,,,
後手,16,,,,
後手,12,,,,
後手,12,,,,
後手,14,,,,
後手,12,,,,
後手,12,,,,
後手,12,,,,
後手,10,,,,
後手,14,,,,
後手,14,,,,
後手,12,,,,
後手,10,,,,
後手,14,,,,
後手,16,,,,
後手,12,,,,
後手,12,,,,
後手,12,,,,
後手,14,,,,
後手,10,,,,
後手,10,,,,
後手,14,,,,
後手,12,,,,
後手,10,,,,
後手,14,,,,
後手,12,,,,
後手,10,,,,
後手,14,,,,
後手,12,,,,
後手,10,,,,
後手,14,,,,
後手,12,,,,
後手,14,,,,
後手,10,,,,
後手,12,,,,
後手,16,,,,
後手,10,,,,
後手,10,,,,
後手,12,,,,
後手,14,,,,
後手,12,,,,
後手,10,,,,
後手,12,,,,
後手,12,,,,
後手,14,,,,
後手,12,,,,
後手,14,,,,
後手,16,,,,
後手,12,,,,
後手,12,,,,
後手,12,,,,
後手,14,,,,
後手,10,,,,
後手,10,,,,
後手,12,,,,
後手,14,,,,
後手,16,,,,
後手,14,,,,
後手,16,,,,
後手,10,,,,
後手,12,,,,
後手,16,,,,
後手,14,,,,
後手,14,,,,
後手,12,,,,
後手,12,,,,
後手,16,,,,
後手,12,,,,
後手,12,,,,
後手,12,,,,
後手,12,,,,
後手,16,,,,
後手,14,,,,
後手,14,,,,
後手,12,,,,
後手,16,,,,
後手,14,,,,
後手,10,,,,
後手,10,,,,
後手,14,,,,
後手,12,,,,
後手,12,,,,
後手,12,,,,
後手,14,,,,
後手,12,,,,
後手,14,,,,
後手,10,,,,
後手,16,,,,
後手,16,,,,
後手,12,,,,
後手,12,,,,
後手,14,,,,
後手,12,,,,
後手,12,,,,
後手,14,,,,
後手,14,,,,
後手,14,,,,
後手,14,,,,
後手,14,,,,
後手,14,,,,
後手,14,,,,
後手,12,,,,
後手,12,,,,
後手,12,,,,
後手,14,,,,
後手,16,,,,
後手,12,,,,
後手,12,,,,
後手,12,,,,
後手,14,,,,
後手,10,,,,
後手,14,,,,
後手,14,,,,
後手,14,,,,
後手,14,,,,
後手,16,,,,
後手,14,,,,
後手,14,,,,
後手,12,,,,
後手,12,,,,
後手,12,,,,
後手,12,,,,
後手,16,,,,
後手,14,,,,
後手,12,,,,
後手,12,,,,
後手,14,,,,
後手,12,,,,
後手,14,,,,
後手,12,,,,
後手,12,,,,
後手,12,,,,
後手,14,,,,
後手,12,,,,
後手,14,,,,
後手,16,,,,
後手,14,,,,
後手,14,,,,
後手,16,,,,
後手,16,,,,
後手,16,,,,
後手,10,,,,
後手,14,,,,
後手,14,,,,
後手,12,,,,
後手,16,,,,
後手,12,,,,
後手,14,,,,
後手,14,,,,
後手,16,,,,
後手,14,,,,
後手,12,,,,
後手,14,,,,
後手,16,,,,
後手,14,,,,
後手,14,,,,
後手,14,,,,
後手,12,,,,
後手,12,,,,
後手,16,,,,
後手,14,,,,
後手,12,,,,
後手,16,,,,
後手,14,,,,
後手,14,,,,
後手,14,,,,
後手,14,,,,
後手,12,,,,
後手,14,,,,
後手,14,,,,
後手,14,,,,
後手,12,,,,
後手,14,,,,
後手,14,,,,
後手,16,,,,
後手,14,,,,
後手,14,,,,
後手,12,,,,
後手,12,,,,
後手,14,,,,
後手,10,,,,
後手,12,,,,
後手,14,,,,
後手,14,,,,
後手,14,,,,
後手,12,,,,
後手,14,,,,
後手,12,,,,
後手,16,,,,
後手,12,,,,
後手,10,,,,
後手,14,,,,
後手,14,,,,
後手,16,,,,
後手,12,,,,
後手,14,,,,
後手,10,,,,
後手,14,,,,
後手,14,,,,
後手,12,,,,
後手,14,,,,
後手,12,,,,
後手,12,,,,
後手,12,,,,
後手,14,,,,
後手,12,,,,
後手,14,,,,
後手,12,,,,
後手,16,,,,
後手,14,,,,
後手,14,,,,
後手,18,,,,
後手,14,,,,
後手,16,,,,
後手,16,,,,
後手,12,,,,
後手,14,,,,
後手,14,,,,
後手,16,,,,
後手,12,,,,
後手,10,,,,
後手,12,,,,
後手,12,,,,
後手,10,,,,
後手,14,,,,
後手,14,,,,
後手,18,,,,
後手,12,,,,
後手,14,,,,
後手,12,,,,
後手,12,,,,
後手,14,,,,
後手,14,,,,
後手,10,,,,
後手,14,,,,
後手,14,,,,
後手,14,,,,
後手,14,,,,
後手,12,,,,
後手,14,,,,
後手,12,,,,
後手,12,,,,
後手,16,,,,
後手,14,,,,
後手,16,,,,
後手,12,,,,
後手,14,,,,
後手,12,,,,
後手,12,,,,
後手,12,,,,
後手,12,,,,
後手,12,,,,
後手,16,,,,
後手,14,,,,
後手,12,,,,
後手,14,,,,
後手,16,,,,
後手,12,,,,
後手,14,,,,
後手,16,,,,
後手,14,,,,
後手,12,,,,
後手,14,,,,
後手,14,,,,
後手,14,,,,
後手,12,,,,
後手,12,,,,
後手,14,,,,
後手,16,,,,
後手,12,,,,
後手,14,,,,
後手,12,,,,
後手,14,,,,
後手,14,,,,
後手,12,,,,
後手,12,,,,
後手,14,,,,
後手,14,,,,
後手,14,,,,
後手,12,,,,
後手,12,,,,
後手,12,,,,
後手,12,,,,
後手,12,,,,
後手,14,,,,
後手,14,,,,
後手,12,,,,
後手,10,,,,
後手,14,,,,
後手,12,,,,
後手,14,,,,
後手,12,,,,
後手,12,,,,
後手,12,,,,
後手,12,,,,
後手,12,,,,
後手,14,,,,
後手,14,,,,
後手,14,,,,
後手,12,,,,
後手,14,,,,
後手,12,,,,
後手,14,,,,
後手,14,,,,
後手,12,,,,
後手,16,,,,
後手,10,,,,
後手,14,,,,
後手,16,,,,
後手,14,,,,
後手,12,,,,
後手,14,,,,
後手,14,,,,
後手,14,,,,
後手,14,,,,
後手,12,,,,
後手,14,,,,
後手,14,,,,
後手,12,,,,
後手,14,,,,
後手,14,,,,
後手,14,,,,
後手,12,,,,
後手,14,,,,
後手,10,,,,
後手,16,,,,
後手,12,,,,
後手,14,,,,
後手,14,,,,
後手,12,,,,
後手,12,,,,
後手,14,,,,
後手,12,,,,
後手,10,,,,
後手,10,,,,
後手,12,,,,
後手,12,,,,
後手,12,,,,
後手,12,,,,
後手,16,,,,
後手,14,,,,
後手,16,,,,
後手,14,,,,
後手,12,,,,
後手,12,,,,
後手,12,,,,
後手,16,,,,
後手,12,,,,
後手,14,,,,
後手,14,,,,
後手,12,,,,
後手,16,,,,
後手,12,,,,
後手,16,,,,
後手,16,,,,
後手,14,,,,
後手,12,,,,
後手,10,,,,
後手,14,,,,
後手,10,,,,
後手,16,,,,
後手,12,,,,
後手,14,,,,
後手,12,,,,
後手,12,,,,
後手,16,,,,
後手,14,,,,
後手,12,,,,
後手,12,,,,
後手,10,,,,
後手,16,,,,
後手,12,,,,
後手,14,,,,
後手,12,,,,
後手,14,,,,
後手,12,,,,
後手,14,,,,
後手,14,,,,
後手,14,,,,
後手,14,,,,
後手,12,,,,
後手,12,,,,
後手,16,,,,
後手,16,,,,
後手,10,,,,
後手,14,,,,
後手,12,,,,
後手,12,,,,
後手,10,,,,
後手,12,,,,
後手,16,,,,
後手,14,,,,
後手,12,,,,
後手,16,,,,
後手,12,,,,
後手,12,,,,
後手,8,,,,
後手,14,,,,
後手,14,,,,
後手,12,,,,
後手,14,,,,
後手,16,,,,
後手,10,,,,
後手,10,,,,
後手,10,,,,
後手,12,,,,
後手,12,,,,
後手,12,,,,
後手,16,,,,
後手,14,,,,
後手,16,,,,
後手,14,,,,
後手,16,,,,
後手,14,,,,
後手,12,,,,
後手,14,,,,
後手,14,,,,
後手,14,,,,
後手,12,,,,
後手,12,,,,
後手,14,,,,
後手,12,,,,
後手,12,,,,
後手,12,,,,
後手,14,,,,
後手,14,,,,
後手,10,,,,
後手,14,,,,
後手,14,,,,
後手,14,,,,
後手,12,,,,
後手,12,,,,
後手,12,,,,
後手,12,,,,
後手,10,,,,
後手,12,,,,
後手,12,,,,
後手,10,,,,
後手,16,,,,
後手,14,,,,
後手,10,,,,
後手,12,,,,
後手,8,,,,
後手,14,,,,
後手,12,,,,
後手,14,,,,
後手,14,,,,
後手,12,,,,
後手,16,,,,
後手,16,,,,
後手,10,,,,
後手,12,,,,
後手,12,,,,
後手,14,,,,
後手,12,,,,
後手,12,,,,
後手,12,,,,
後手,16,,,,
後手,12,,,,
後手,14,,,,
後手,16,,,,
後手,14,,,,
後手,12,,,,
後手,14,,,,
後手,12,,,,
後手,14,,,,
後手,12,,,,
後手,12,,,,
後手,12,,,,
後手,12,,,,
後手,16,,,,
後手,12,,,,
後手,12,,,,
後手,12,,,,
後手,12,,,,
後手,14,,,,
後手,14,,,,
後手,8,,,,
後手,12,,,,
後手,12,,,,
後手,16,,,,
後手,14,,,,
後手,16,,,,
後手,14,,,,
後手,12,,,,
後手,12,,,,
後手,16,,,,
後手,12,,,,
後手,14,,,,
後手,12,,,,
後手,16,,,,
後手,14,,,,
後手,14,,,,
後手,12,,,,
後手,10,,,,
後手,14,,,,
後手,12,,,,
後手,12,,,,
後手,14,,,,
後手,12,,,,
後手,16,,,,
後手,14,,,,
後手,12,,,,
後手,12,,,,
後手,12,,,,
後手,12,,,,
後手,14,,,,
後手,14,,,,
後手,14,,,,
後手,14,,,,
後手,14,,,,
後手,12,,,,
後手,14,,,,
後手,14,,,,
後手,12,,,,
後手,12,,,,
後手,16,,,,
後手,10,,,,
後手,14,,,,
後手,14,,,,
後手,12,,,,
後手,10,,,,
後手,16,,,,
後手,16,,,,
後手,10,,,,
後手,12,,,,
後手,14,,,,
後手,12,,,,
後手,12,,,,
後手,12,,,,
後手,12,,,,
後手,12,,,,
後手,10,,,,
後手,10,,,,
後手,14,,,,
後手,10,,,,
後手,10,,,,
後手,10,,,,
後手,14,,,,
後手,12,,,,
後手,14,,,,
後手,14,,,,
後手,16,,,,
後手,12,,,,
後手,14,,,,
後手,14,,,,
後手,12,,,,
後手,14,,,,
後手,12,,,,
後手,14,,,,
後手,14,,,,
後手,14,,,,
後手,14,,,,
後手,14,,,,
後手,12,,,,
後手,14,,,,
後手,14,,,,
後手,12,,,,
後手,14,,,,
後手,12,,,,
後手,16,,,,
後手,14,,,,
後手,14,,,,
後手,14,,,,
後手,14,,,,
後手,12,,,,
後手,14,,,,
後手,12,,,,
後手,12,,,,
後手,10,,,,
後手,14,,,,
後手,14,,,,
後手,12,,,,
後手,14,,,,
後手,14,,,,
後手,16,,,,
後手,12,,,,
後手,12,,,,
後手,12,,,,
後手,12,,,,
後手,14,,,,
後手,12,,,,
後手,12,,,,
後手,14,,,,
後手,12,,,,
後手,16,,,,
後手,12,,,,
後手,12,,,,
後手,14,,,,
後手,14,,,,
後手,12,,,,
後手,12,,,,
後手,14,,,,
後手,12,,,,
後手,12,,,,
後手,16,,,,
後手,14,,,,
後手,12,,,,
後手,12,,,,
後手,12,,,,
後手,14,,,,
後手,16,,,,
後手,14,,,,
後手,10,,,,
後手,14,,,,
後手,16,,,,
後手,10,,,,
後手,12,,,,
後手,14,,,,
後手,12,,,,
後手,12,,,,
後手,14,,,,
後手,14,,,,
後手,14,,,,
後手,14,,,,
後手,14,,,,
後手,14,,,,
後手,12,,,,
後手,12,,,,
後手,10,,,,
後手,16,,,,
後手,10,,,,
後手,14,,,,
後手,14,,,,
後手,12,,,,
後手,12,,,,
後手,16,,,,
後手,14,,,,
後手,16,,,,
後手,14,,,,
後手,14,,,,
後手,14,,,,
後手,12,,,,
後手,12,,,,
後手,12,,,,
後手,14,,,,
後手,14,,,,
後手,16,,,,
後手,12,,,,
後手,12,,,,
後手,12,,,,
後手,14,,,,
後手,12,,,,
後手,12,,,,
後手,14,,,,
後手,14,,,,
後手,12,,,,
後手,14,,,,
後手,12,,,,
後手,12,,,,
後手,12,,,,
後手,16,,,,
後手,16,,,,
後手,16,,,,
後手,16,,,,
後手,8,,,,
後手,12,,,,
後手,12,,,,
後手,12,,,,
後手,12,,,,
後手,12,,,,
後手,12,,,,
後手,12,,,,
後手,16,,,,
後手,14,,,,
後手,12,,,,
後手,14,,,,
後手,16,,,,
後手,14,,,,
後手,14,,,,
後手,14,,,,
後手,10,,,,
後手,12,,,,
後手,14,,,,
後手,14,,,,
後手,14,,,,
後手,14,,,,
後手,14,,,,
後手,14,,,,
後手,10,,,,
後手,14,,,,
後手,14,,,,
後手,18,,,,
後手,14,,,,
後手,12,,,,
後手,14,,,,
後手,16,,,,
後手,12,,,,
後手,12,,,,
後手,12,,,,
後手,14,,,,
後手,14,,,,
後手,14,,,,
後手,12,,,,
後手,14,,,,
後手,12,,,,
後手,14,,,,
後手,16,,,,
後手,14,,,,
後手,14,,,,
後手,14,,,,
後手,12,,,,
後手,14,,,,
後手,12,,,,
後手,12,,,,
後手,12,,,,
後手,12,,,,
後手,14,,,,
後手,12,,,,
後手,16,,,,
後手,16,,,,
後手,12,,,,
後手,16,,,,
後手,10,,,,
後手,12,,,,
後手,16,,,,
後手,14,,,,
後手,12,,,,
後手,12,,,,
後手,14,,,,
後手,14,,,,
後手,14,,,,
後手,14,,,,
後手,12,,,,
後手,12,,,,
後手,12,,,,
後手,14,,,,
後手,14,,,,
後手,12,,,,
後手,12,,,,
後手,14,,,,
後手,14,,,,
後手,14,,,,
後手,14,,,,
後手,14,,,,
後手,16,,,,
後手,14,,,,
後手,14,,,,
後手,14,,,,
後手,12,,,,
後手,16,,,,
後手,16,,,,
後手,14,,,,
後手,14,,,,
後手,14,,,,
後手,16,,,,
後手,14,,,,
後手,14,,,,
後手,12,,,,
後手,12,,,,
後手,14,,,,
後手,12,,,,
後手,12,,,,
後手,14,,,,
後手,14,,,,
後手,14,,,,
後手,14,,,,
後手,14,,,,
後手,12,,,,
後手,14,,,,
後手,12,,,,
後手,12,,,,
後手,12,,,,
後手,12,,,,
後手,14,,,,
後手,12,,,,
後手,16,,,,
後手,12,,,,
後手,16,,,,
後手,10,,,,
後手,10,,,,
後手,14,,,,
後手,14,,,,
後手,12,,,,
後手,12,,,,
後手,10,,,,
後手,14,,,,
後手,18,,,,
後手,18,,,,
後手,10,,,,
後手,16,,,,
後手,10,,,,
後手,14,,,,
後手,12,,,,
後手,14,,,,
後手,12,,,,
後手,16,,,,
後手,14,,,,
後手,12,,,,
後手,14,,,,
後手,12,,,,
後手,14,,,,
後手,14,,,,
後手,12,,,,
後手,14,,,,
後手,12,,,,
後手,12,,,,
後手,12,,,,
後手,14,,,,
後手,12,,,,
後手,12,,,,
後手,14,,,,
後手,12,,,,
後手,12,,,,
後手,12,,,,
後手,12,,,,
後手,14,,,,
後手,12,,,,
後手,12,,,,
後手,14,,,,
後手,12,,,,
後手,14,,,,
後手,12,,,,
後手,12,,,,
後手,12,,,,
後手,14,,,,
後手,12,,,,
後手,14,,,,
後手,12,,,,
後手,12,,,,
後手,10,,,,
後手,14,,,,
後手,14,,,,
後手,14,,,,
後手,12,,,,
後手,12,,,,
後手,12,,,,
後手,12,,,,
後手,14,,,,
後手,14,,,,
後手,16,,,,
後手,14,,,,
後手,14,,,,
後手,12,,,,
後手,14,,,,
後手,14,,,,
後手,12,,,,
後手,14,,,,
後手,12,,,,
後手,14,,,,
後手,14,,,,
後手,14,,,,
後手,14,,,,
後手,12,,,,
後手,12,,,,
後手,12,,,,
後手,14,,,,
後手,12,,,,
後手,14,,,,
後手,16,,,,
後手,18,,,,
後手,12,,,,
後手,12,,,,
後手,14,,,,
後手,14,,,,
後手,12,,,,
後手,12,,,,
後手,10,,,,
後手,12,,,,
後手,16,,,,
後手,10,,,,
後手,12,,,,
後手,14,,,,
後手,12,,,,
後手,12,,,,
後手,12,,,,
後手,14,,,,
後手,12,,,,
後手,12,,,,
後手,16,,,,
後手,10,,,,
後手,14,,,,
後手,12,,,,
後手,12,,,,
後手,14,,,,
後手,10,,,,
後手,10,,,,
後手,10,,,,
後手,14,,,,
後手,10,,,,
後手,16,,,,
後手,12,,,,
後手,16,,,,
後手,14,,,,
後手,14,,,,
後手,14,,,,
後手,10,,,,
後手,10,,,,
後手,12,,,,
後手,16,,,,
後手,16,,,,
後手,14,,,,
後手,14,,,,
後手,12,,,,
後手,14,,,,
後手,14,,,,
後手,14,,,,
後手,14,,,,
後手,12,,,,
後手,12,,,,
後手,16,,,,
後手,12,,,,
後手,16,,,,
後手,12,,,,
後手,16,,,,
後手,12,,,,
後手,16,,,,
後手,16,,,,
後手,12,,,,
後手,12,,,,
後手,14,,,,
後手,12,,,,
後手,14,,,,
後手,12,,,,
後手,12,,,,
後手,14,,,,
後手,12,,,,
後手,14,,,,
後手,12,,,,
後手,12,,,,
後手,12,,,,
後手,12,,,,
後手,12,,,,
後手,14,,,,
後手,12,,,,
後手,12,,,,
後手,12,,,,
後手,12,,,,
後手,10,,,,
後手,14,,,,
後手,12,,,,
後手,12,,,,
後手,14,,,,
後手,12,,,,
後手,14,,,,
後手,12,,,,
後手,16,,,,
後手,10,,,,
後手,14,,,,
後手,12,,,,
後手,12,,,,
後手,14,,,,
後手,12,,,,
後手,14,,,,
後手,12,,,,
後手,14,,,,
後手,14,,,,
後手,16,,,,
後手,14,,,,
後手,14,,,,
後手,14,,,,
後手,10,,,,
後手,12,,,,
後手,16,,,,
後手,14,,,,
後手,12,,,,
後手,14,,,,
後手,12,,,,
後手,14,,,,
後手,12,,,,
後手,14,,,,
後手,18,,,,
後手,12,,,,
後手,16,,,,
後手,10,,,,
後手,14,,,,
後手,14,,,,
後手,12,,,,
後手,14,,,,
後手,16,,,,
後手,10,,,,
後手,14,,,,
後手,14,,,,
後手,14,,,,
後手,16,,,,
後手,12,,,,
後手,12,,,,
後手,12,,,,
後手,12,,,,
後手,14,,,,
後手,14,,,,
後手,16,,,,
後手,12,,,,
後手,12,,,,
後手,14,,,,
後手,14,,,,
後手,16,,,,
後手,12,,,,
後手,12,,,,
後手,14,,,,
後手,12,,,,
後手,14,,,,
後手,14,,,,
後手,12,,,,
後手,12,,,,
後手,12,,,,
後手,14,,,,
後手,14,,,,
後手,10,,,,
後手,12,,,,
後手,12,,,,
後手,14,,,,
後手,10,,,,
後手,16,,,,
後手,12,,,,
後手,12,,,,
後手,12,,,,
後手,12,,,,
後手,16,,,,
後手,14,,,,
後手,12,,,,
後手,14,,,,
後手,12,,,,
後手,12,,,,
後手,14,,,,
後手,14,,,,
後手,14,,,,
後手,16,,,,
後手,14,,,,
後手,12,,,,
後手,14,,,,
後手,12,,,,
後手,12,,,,
後手,16,,,,
後手,12,,,,
後手,12,,,,
後手,10,,,,
後手,12,,,,
後手,12,,,,
後手,10,,,,
後手,12,,,,
後手,14,,,,
後手,12,,,,
後手,12,,,,
後手,12,,,,
後手,16,,,,
後手,14,,,,
後手,14,,,,
後手,14,,,,
後手,10,,,,
後手,14,,,,
後手,12,,,,
後手,12,,,,
後手,12,,,,
後手,12,,,,
後手,16,,,,
後手,12,,,,
後手,14,,,,
後手,10,,,,
後手,12,,,,
後手,12,,,,
後手,16,,,,
後手,14,,,,
後手,14,,,,
後手,14,,,,
後手,14,,,,
後手,16,,,,
後手,12,,,,
後手,12,,,,
後手,14,,,,
後手,12,,,,
後手,10,,,,
後手,16,,,,
後手,12,,,,
後手,12,,,,
後手,14,,,,
後手,14,,,,
後手,14,,,,
後手,16,,,,
後手,12,,,,
後手,14,,,,
後手,12,,,,
後手,14,,,,
後手,12,,,,
後手,12,,,,
後手,14,,,,
後手,14,,,,
後手,12,,,,
後手,14,,,,
後手,12,,,,
後手,16,,,,
後手,10,,,,
後手,16,,,,
後手,14,,,,
後手,14,,,,
後手,16,,,,
後手,14,,,,
後手,14,,,,
後手,14,,,,
後手,12,,,,
後手,14,,,,
後手,16,,,,
後手,14,,,,
後手,12,,,,
後手,12,,,,
後手,12,,,,
後手,12,,,,
後手,12,,,,
後手,14,,,,
後手,12,,,,
後手,12,,,,
後手,12,,,,
後手,14,,,,
後手,10,,,,
後手,16,,,,
後手,12,,,,
後手,14,,,,
後手,14,,,,
後手,14,,,,
後手,14,,,,
後手,14,,,,
後手,12,,,,
後手,12,,,,
後手,14,,,,
後手,14,,,,
後手,12,,,,
後手,12,,,,
後手,14,,,,
後手,12,,,,
後手,10,,,,
後手,14,,,,
後手,14,,,,
後手,12,,,,
後手,12,,,,
後手,10,,,,
後手,12,,,,
後手,10,,,,
後手,14,,,,
後手,12,,,,
後手,14,,,,
後手,12,,,,
後手,10,,,,
後手,12,,,,
後手,12,,,,
後手,14,,,,
後手,12,,,,
後手,14,,,,
後手,12,,,,
後手,12,,,,
後手,10,,,,
後手,12,,,,
後手,14,,,,
後手,12,,,,
後手,14,,,,
後手,10,,,,
後手,14,,,,
後手,14,,,,
後手,12,,,,
後手,8,,,,
後手,14,,,,
後手,14,,,,
後手,14,,,,
後手,14,,,,
後手,14,,,,
後手,10,,,,
後手,12,,,,
後手,16,,,,
後手,14,,,,
後手,14,,,,
後手,14,,,,
後手,14,,,,
後手,12,,,,
後手,12,,,,
後手,14,,,,
後手,12,,,,
後手,12,,,,
後手,12,,,,
後手,14,,,,
後手,14,,,,
後手,10,,,,
後手,14,,,,
後手,12,,,,
後手,16,,,,
後手,12,,,,
後手,12,,,,
後手,12,,,,
後手,12,,,,
後手,12,,,,
後手,12,,,,
後手,14,,,,
後手,16,,,,
後手,14,,,,
後手,18,,,,
後手,12,,,,
後手,14,,,,
後手,16,,,,
後手,14,,,,
後手,14,,,,
後手,14,,,,
後手,12,,,,
後手,12,,,,
後手,10,,,,
後手,14,,,,
後手,14,,,,
後手,14,,,,
後手,12,,,,
後手,14,,,,
後手,10,,,,
後手,10,,,,
後手,12,,,,
後手,14,,,,
後手,12,,,,
後手,14,,,,
後手,14,,,,
後手,14,,,,
後手,12,,,,
後手,12,,,,
後手,12,,,,
後手,12,,,,
後手,14,,,,
後手,14,,,,
後手,14,,,,
後手,16,,,,
後手,12,,,,
後手,10,,,,
後手,16,,,,
後手,12,,,,
後手,14,,,,
後手,12,,,,
後手,14,,,,
後手,14,,,,
後手,12,,,,
後手,14,,,,
後手,16,,,,
後手,14,,,,
後手,12,,,,
後手,16,,,,
後手,14,,,,
後手,12,,,,
後手,12,,,,
後手,14,,,,
後手,12,,,,
後手,14,,,,
後手,14,,,,
後手,12,,,,
後手,14,,,,
後手,12,,,,
後手,16,,,,
後手,14,,,,
後手,18,,,,
後手,16,,,,
後手,14,,,,
後手,14,,,,
後手,12,,,,
後手,14,,,,
後手,12,,,,
後手,14,,,,
後手,12,,,,
後手,12,,,,
後手,16,,,,
後手,14,,,,
後手,12,,,,
後手,14,,,,
後手,14,,,,
後手,14,,,,
後手,14,,,,
後手,10,,,,
後手,14,,,,
後手,12,,,,
後手,14,,,,
後手,14,,,,
後手,12,,,,
後手,12,,,,
後手,14,,,,
後手,14,,,,
後手,12,,,,
後手,16,,,,
後手,14,,,,
後手,12,,,,
後手,12,,,,
後手,14,,,,
後手,16,,,,
後手,16,,,,
後手,10,,,,
後手,14,,,,
後手,14,,,,
後手,10,,,,
後手,12,,,,
後手,12,,,,
後手,10,,,,
後手,14,,,,
後手,12,,,,
後手,14,,,,
後手,14,,,,
後手,10,,,,
後手,12,,,,
後手,12,,,,
後手,12,,,,
後手,12,,,,
後手,14,,,,
後手,14,,,,
後手,14,,,,
後手,12,,,,
後手,12,,,,
後手,14,,,,
後手,14,,,,
後手,14,,,,
後手,16,,,,
後手,14,,,,
後手,12,,,,
後手,14,,,,
後手,16,,,,
後手,12,,,,
後手,12,,,,
後手,16,,,,
後手,16,,,,
後手,16,,,,
後手,12,,,,
後手,12,,,,
後手,12,,,,
後手,12,,,,
後手,14,,,,
後手,16,,,,
後手,10,,,,
後手,14,,,,
後手,14,,,,
後手,12,,,,
後手,12,,,,
後手,16,,,,
後手,16,,,,
後手,12,,,,
後手,14,,,,
後手,14,,,,
後手,14,,,,
後手,14,,,,
後手,12,,,,
後手,14,,,,
後手,16,,,,
後手,16,,,,
後手,10,,,,
後手,16,,,,
後手,14,,,,
後手,14,,,,
後手,14,,,,
後手,14,,,,
後手,14,,,,
後手,12,,,,
後手,14,,,,
後手,14,,,,
後手,12,,,,
後手,12,,,,
後手,14,,,,
後手,12,,,,
後手,14,,,,
後手,12,,,,
後手,12,,,,
後手,12,,,,
後手,14,,,,
後手,14,,,,
後手,12,,,,
後手,12,,,,
後手,14,,,,
後手,16,,,,
後手,12,,,,
後手,12,,,,
後手,12,,,,
後手,18,,,,
後手,14,,,,
後手,12,,,,
後手,12,,,,
後手,14,,,,
後手,12,,,,
後手,12,,,,
後手,14,,,,
後手,14,,,,
後手,12,,,,
後手,14,,,,
後手,12,,,,
後手,12,,,,
後手,12,,,,
後手,14,,,,
後手,12,,,,
後手,14,,,,
後手,12,,,,
後手,14,,,,
後手,10,,,,
後手,12,,,,
後手,12,,,,
後手,14,,,,
後手,14,,,,
後手,14,,,,
後手,10,,,,
後手,12,,,,
後手,12,,,,
後手,12,,,,
後手,16,,,,
後手,14,,,,
後手,14,,,,
後手,12,,,,
後手,14,,,,
後手,16,,,,
後手,10,,,,
後手,16,,,,
後手,12,,,,
後手,10,,,,
後手,16,,,,
後手,12,,,,
後手,10,,,,
後手,14,,,,
後手,14,,,,
後手,12,,,,
後手,18,,,,
後手,16,,,,
後手,14,,,,
後手,12,,,,
後手,12,,,,
後手,10,,,,
後手,10,,,,
後手,12,,,,
後手,14,,,,
後手,12,,,,
後手,14,,,,
後手,14,,,,
後手,12,,,,
後手,14,,,,
後手,10,,,,
後手,12,,,,
後手,12,,,,
後手,12,,,,
後手,14,,,,
後手,14,,,,
後手,14,,,,
後手,14,,,,
後手,12,,,,
後手,12,,,,
後手,14,,,,
後手,14,,,,
後手,12,,,,
後手,14,,,,
後手,14,,,,
後手,14,,,,
後手,12,,,,
後手,10,,,,
後手,12,,,,
後手,12,,,,
後手,12,,,,
後手,12,,,,
後手,12,,,,
後手,10,,,,
後手,16,,,,
後手,14,,,,
後手,16,,,,
後手,12,,,,
後手,10,,,,
後手,16,,,,
後手,12,,,,
後手,14,,,,
後手,10,,,,
後手,10,,,,
後手,12,,,,
後手,16,,,,
後手,14,,,,
後手,14,,,,
後手,12,,,,
後手,12,,,,
後手,16,,,,
後手,16,,,,
後手,12,,,,
後手,14,,,,
後手,12,,,,
後手,14,,,,
後手,14,,,,
後手,14,,,,
後手,12,,,,
後手,16,,,,
後手,12,,,,
後手,14,,,,
後手,10,,,,
後手,12,,,,
後手,10,,,,
後手,12,,,,
後手,14,,,,
後手,12,,,,
後手,12,,,,
後手,14,,,,
後手,14,,,,
後手,14,,,,
後手,14,,,,
後手,12,,,,
後手,12,,,,
後手,14,,,,
後手,12,,,,
後手,16,,,,
後手,16,,,,
後手,12,,,,
後手,10,,,,
後手,12,,,,
後手,10,,,,
後手,10,,,,
後手,12,,,,
後手,10,,,,
後手,14,,,,
後手,12,,,,
後手,16,,,,
後手,14,,,,
後手,14,,,,
後手,12,,,,
後手,14,,,,
後手,14,,,,
後手,12,,,,
後手,12,,,,
後手,16,,,,
後手,14,,,,
後手,12,,,,
後手,12,,,,
後手,12,,,,
後手,16,,,,
後手,14,,,,
後手,10,,,,
後手,12,,,,
後手,14,,,,
後手,14,,,,
後手,14,,,,
後手,16,,,,
後手,14,,,,
後手,16,,,,
後手,12,,,,
後手,14,,,,
後手,14,,,,
後手,12,,,,
後手,12,,,,
後手,12,,,,
後手,12,,,,
後手,16,,,,
後手,12,,,,
後手,16,,,,
後手,14,,,,
後手,12,,,,
後手,12,,,,
後手,12,,,,
後手,12,,,,
後手,12,,,,
後手,14,,,,
後手,12,,,,
後手,12,,,,
後手,12,,,,
後手,14,,,,
後手,12,,,,
後手,12,,,,
後手,12,,,,
後手,12,,,,
後手,12,,,,
後手,14,,,,
後手,16,,,,
後手,8,,,,
後手,16,,,,
後手,14,,,,
後手,14,,,,
後手,12,,,,
後手,12,,,,
後手,16,,,,
後手,16,,,,
後手,14,,,,
後手,14,,,,
後手,14,,,,
後手,14,,,,
後手,12,,,,
後手,16,,,,
後手,14,,,,
後手,16,,,,
後手,16,,,,
後手,12,,,,
後手,16,,,,
後手,12,,,,
後手,14,,,,
後手,12,,,,
後手,10,,,,
後手,14,,,,
後手,14,,,,
後手,12,,,,
後手,14,,,,
後手,8,,,,
後手,14,,,,
後手,14,,,,
後手,12,,,,
後手,10,,,,
後手,14,,,,
後手,12,,,,
後手,12,,,,
後手,14,,,,
後手,14,,,,
後手,14,,,,
後手,14,,,,
後手,12,,,,
後手,14,,,,
後手,12,,,,
後手,14,,,,
後手,12,,,,
後手,14,,,,
後手,12,,,,
後手,10,,,,
後手,14,,,,
後手,10,,,,
後手,12,,,,
後手,12,,,,
後手,14,,,,
後手,14,,,,
後手,14,,,,
後手,12,,,,
後手,14,,,,
後手,14,,,,
後手,16,,,,
後手,14,,,,
後手,14,,,,
後手,14,,,,
後手,12,,,,
後手,12,,,,
後手,14,,,,
後手,12,,,,
後手,12,,,,
後手,12,,,,
後手,16,,,,
後手,12,,,,
後手,12,,,,
後手,12,,,,
後手,16,,,,
後手,12,,,,
後手,14,,,,
後手,14,,,,
後手,12,,,,
後手,12,,,,
後手,12,,,,
後手,16,,,,
後手,16,,,,
後手,12,,,,
後手,12,,,,
後手,10,,,,
後手,10,,,,
後手,12,,,,
後手,14,,,,
後手,14,,,,
後手,14,,,,
後手,14,,,,
後手,14,,,,
後手,14,,,,
後手,10,,,,
後手,14,,,,
後手,16,,,,
後手,14,,,,
後手,12,,,,
後手,12,,,,
後手,14,,,,
後手,12,,,,
後手,12,,,,
後手,12,,,,
後手,14,,,,
後手,14,,,,
後手,12,,,,
後手,12,,,,
後手,14,,,,
後手,12,,,,
後手,12,,,,
後手,10,,,,
後手,14,,,,
後手,10,,,,
後手,14,,,,
後手,12,,,,
後手,10,,,,
後手,16,,,,
後手,14,,,,
後手,12,,,,
後手,14,,,,
後手,12,,,,
後手,14,,,,
後手,14,,,,
後手,18,,,,
後手,10,,,,
後手,12,,,,
後手,14,,,,
後手,12,,,,
後手,10,,,,
後手,14,,,,
後手,12,,,,
後手,12,,,,
後手,14,,,,
後手,10,,,,
後手,14,,,,
後手,14,,,,
後手,12,,,,
後手,12,,,,
後手,14,,,,
後手,12,,,,
後手,14,,,,
後手,12,,,,
後手,12,,,,
後手,14,,,,
後手,12,,,,
後手,12,,,,
後手,10,,,,
後手,12,,,,
後手,14,,,,
後手,14,,,,
後手,14,,,,
後手,12,,,,
後手,12,,,,
後手,14,,,,
後手,12,,,,
後手,16,,,,
後手,14,,,,
後手,16,,,,
後手,14,,,,
後手,12,,,,
後手,14,,,,
後手,14,,,,
後手,16,,,,
後手,14,,,,
後手,12,,,,
後手,14,,,,
後手,12,,,,
後手,14,,,,
後手,12,,,,
後手,14,,,,
後手,12,,,,
後手,12,,,,
後手,16,,,,
後手,12,,,,
後手,12,,,,
後手,16,,,,
後手,12,,,,
後手,10,,,,
後手,12,,,,
後手,12,,,,
後手,10,,,,
後手,12,,,,
後手,14,,,,
後手,14,,,,
後手,14,,,,
後手,12,,,,
後手,12,,,,
後手,12,,,,
後手,12,,,,
後手,10,,,,
後手,14,,,,
後手,14,,,,
後手,14,,,,
後手,12,,,,
後手,12,,,,
後手,10,,,,
後手,12,,,,
後手,12,,,,
後手,12,,,,
後手,12,,,,
後手,12,,,,
後手,12,,,,
後手,16,,,,
後手,16,,,,
後手,14,,,,
後手,10,,,,
後手,10,,,,
後手,12,,,,
後手,12,,,,
後手,14,,,,
後手,12,,,,
後手,12,,,,
後手,14,,,,
後手,12,,,,
後手,12,,,,
後手,12,,,,
後手,14,,,,
後手,16,,,,
後手,14,,,,
後手,12,,,,
後手,12,,,,
後手,14,,,,
後手,12,,,,
後手,14,,,,
後手,16,,,,
後手,14,,,,
後手,12,,,,
後手,12,,,,
後手,14,,,,
後手,12,,,,
後手,14,,,,
後手,14,,,,
後手,14,,,,
後手,12,,,,
後手,12,,,,
後手,14,,,,
後手,14,,,,
後手,12,,,,
後手,14,,,,
後手,14,,,,
後手,14,,,,
後手,14,,,,
後手,10,,,,
後手,14,,,,
後手,12,,,,
後手,14,,,,
後手,14,,,,
後手,14,,,,
後手,12,,,,
後手,12,,,,
後手,12,,,,
後手,14,,,,
後手,16,,,,
後手,12,,,,
後手,12,,,,
後手,16,,,,
後手,14,,,,
後手,14,,,,
後手,16,,,,
後手,10,,,,
後手,14,,,,
後手,14,,,,
後手,14,,,,
後手,12,,,,
後手,14,,,,
後手,12,,,,
後手,12,,,,
後手,12,,,,
後手,12,,,,
後手,14,,,,
後手,12,,,,
後手,12,,,,
後手,12,,,,
後手,14,,,,
後手,12,,,,
後手,14,,,,
後手,16,,,,
後手,16,,,,
後手,14,,,,
後手,12,,,,
後手,14,,,,
後手,12,,,,
後手,16,,,,
後手,14,,,,
後手,14,,,,
後手,12,,,,
後手,12,,,,
後手,16,,,,
後手,14,,,,
後手,16,,,,
後手,16,,,,
後手,10,,,,
後手,12,,,,
後手,12,,,,
後手,14,,,,
後手,10,,,,
後手,14,,,,
後手,12,,,,
後手,12,,,,
後手,12,,,,
後手,14,,,,
後手,14,,,,
後手,14,,,,
後手,10,,,,
後手,14,,,,
後手,12,,,,
後手,14,,,,
後手,14,,,,
後手,12,,,,
後手,14,,,,
後手,14,,,,
後手,12,,,,
後手,14,,,,
後手,12,,,,
後手,12,,,,
後手,14,,,,
後手,14,,,,
後手,14,,,,
後手,16,,,,
後手,12,,,,
後手,14,,,,
後手,14,,,,
後手,10,,,,
後手,14,,,,
後手,12,,,,
後手,12,,,,
後手,12,,,,
後手,10,,,,
後手,14,,,,
後手,12,,,,
後手,14,,,,
後手,12,,,,
後手,12,,,,
後手,14,,,,
後手,12,,,,
後手,12,,,,
後手,16,,,,
後手,12,,,,
後手,14,,,,
後手,12,,,,
後手,14,,,,
後手,12,,,,
後手,10,,,,
後手,14,,,,
後手,12,,,,
後手,14,,,,
後手,12,,,,
後手,16,,,,
後手,12,,,,
後手,12,,,,
後手,16,,,,
後手,14,,,,
後手,14,,,,
後手,14,,,,
後手,12,,,,
後手,14,,,,
後手,12,,,,
後手,12,,,,
後手,14,,,,
後手,16,,,,
後手,12,,,,
後手,16,,,,
後手,14,,,,
後手,12,,,,
後手,14,,,,
後手,16,,,,
後手,12,,,,
後手,14,,,,
後手,12,,,,
後手,14,,,,
後手,12,,,,
後手,14,,,,
後手,12,,,,
後手,16,,,,
後手,12,,,,
後手,12,,,,
後手,14,,,,
後手,14,,,,
後手,14,,,,
後手,14,,,,
後手,16,,,,
後手,14,,,,
後手,16,,,,
後手,16,,,,
後手,16,,,,
後手,14,,,,
後手,14,,,,
後手,12,,,,
後手,12,,,,
後手,12,,,,
後手,16,,,,
後手,14,,,,
後手,12,,,,
後手,14,,,,
後手,12,,,,
後手,14,,,,
後手,10,,,,
後手,16,,,,
後手,14,,,,
後手,12,,,,
後手,16,,,,
後手,14,,,,
後手,12,,,,
後手,16,,,,
後手,12,,,,
後手,16,,,,
後手,14,,,,
後手,14,,,,
後手,14,,,,
後手,16,,,,
後手,12,,,,
後手,12,,,,
後手,14,,,,
後手,12,,,,
後手,14,,,,
後手,14,,,,
後手,12,,,,
後手,14,,,,
後手,16,,,,
後手,14,,,,
後手,8,,,,
後手,12,,,,
後手,14,,,,
後手,10,,,,
後手,14,,,,
後手,12,,,,
後手,16,,,,
後手,12,,,,
後手,12,,,,
後手,10,,,,
後手,14,,,,
後手,10,,,,
後手,14,,,,
後手,12,,,,
後手,16,,,,
後手,12,,,,
後手,16,,,,
後手,14,,,,
後手,12,,,,
後手,14,,,,
後手,18,,,,
後手,12,,,,
後手,10,,,,
後手,14,,,,
後手,10,,,,
後手,16,,,,
後手,10,,,,
後手,14,,,,
後手,12,,,,
後手,12,,,,
後手,14,,,,
後手,14,,,,
後手,12,,,,
後手,12,,,,
後手,12,,,,
後手,16,,,,
後手,14,,,,
後手,12,,,,
後手,14,,,,
後手,14,,,,
後手,10,,,,
後手,14,,,,
後手,14,,,,
後手,14,,,,
後手,12,,,,
後手,12,,,,
後手,14,,,,
後手,14,,,,
後手,14,,,,
後手,12,,,,
後手,12,,,,
後手,10,,,,
後手,12,,,,
後手,12,,,,
後手,12,,,,
後手,12,,,,
後手,12,,,,
後手,12,,,,
後手,14,,,,
後手,14,,,,
後手,10,,,,
後手,12,,,,
後手,16,,,,
後手,12,,,,
後手,16,,,,
後手,14,,,,
後手,12,,,,
後手,14,,,,
後手,12,,,,
後手,12,,,,
後手,10,,,,
後手,12,,,,
後手,14,,,,
後手,16,,,,
後手,12,,,,
後手,16,,,,
後手,12,,,,
後手,12,,,,
後手,14,,,,
後手,12,,,,
後手,10,,,,
後手,14,,,,
後手,14,,,,
後手,14,,,,
後手,12,,,,
後手,12,,,,
後手,12,,,,
後手,12,,,,
後手,16,,,,
後手,14,,,,
後手,16,,,,
後手,14,,,,
後手,16,,,,
後手,16,,,,
後手,12,,,,
後手,14,,,,
後手,14,,,,
後手,14,,,,
後手,12,,,,
後手,10,,,,
後手,14,,,,
後手,14,,,,
後手,12,,,,
後手,14,,,,
後手,16,,,,
後手,16,,,,
後手,14,,,,
後手,14,,,,
後手,12,,,,
後手,12,,,,
後手,16,,,,
後手,12,,,,
後手,14,,,,
後手,16,,,,
後手,10,,,,
後手,10,,,,
後手,14,,,,
後手,12,,,,
後手,14,,,,
後手,12,,,,
後手,14,,,,
後手,16,,,,
後手,12,,,,
後手,12,,,,
後手,12,,,,
後手,14,,,,
後手,14,,,,
後手,14,,,,
後手,12,,,,
後手,12,,,,
後手,12,,,,
後手,16,,,,
後手,12,,,,
後手,12,,,,
後手,16,,,,
後手,12,,,,
後手,16,,,,
後手,12,,,,
後手,12,,,,
後手,12,,,,
後手,14,,,,
後手,14,,,,
後手,12,,,,
後手,12,,,,
後手,14,,,,
後手,12,,,,
後手,14,,,,
後手,14,,,,
後手,12,,,,
後手,12,,,,
後手,12,,,,
後手,14,,,,
後手,12,,,,
後手,12,,,,
後手,16,,,,
後手,14,,,,
後手,14,,,,
後手,10,,,,
後手,14,,,,
後手,10,,,,
後手,16,,,,
後手,12,,,,
後手,12,,,,
後手,14,,,,
後手,10,,,,
後手,18,,,,
後手,12,,,,
後手,12,,,,
後手,16,,,,
後手,16,,,,
後手,14,,,,
後手,14,,,,
後手,12,,,,
後手,14,,,,
後手,16,,,,
後手,12,,,,
後手,14,,,,
後手,14,,,,
後手,14,,,,
後手,14,,,,
後手,14,,,,
後手,10,,,,
後手,14,,,,
後手,12,,,,
後手,12,,,,
後手,14,,,,
後手,12,,,,
後手,12,,,,
後手,10,,,,
後手,14,,,,
後手,14,,,,
後手,10,,,,
後手,14,,,,
後手,16,,,,
後手,14,,,,
後手,14,,,,
後手,14,,,,
後手,12,,,,
後手,14,,,,
後手,14,,,,
後手,14,,,,
後手,14,,,,
後手,14,,,,
後手,14,,,,
後手,12,,,,
後手,14,,,,
後手,14,,,,
後手,14,,,,
後手,14,,,,
後手,12,,,,
後手,12,,,,
後手,12,,,,
後手,10,,,,
後手,12,,,,
後手,12,,,,
後手,12,,,,
後手,16,,,,
後手,12,,,,
後手,12,,,,
後手,12,,,,
後手,12,,,,
後手,12,,,,
後手,14,,,,
後手,12,,,,
後手,12,,,,
後手,16,,,,
後手,12,,,,
後手,12,,,,
後手,12,,,,
後手,14,,,,
後手,14,,,,
後手,12,,,,
後手,14,,,,
後手,12,,,,
後手,16,,,,
後手,14,,,,
後手,12,,,,
後手,12,,,,
後手,16,,,,
後手,14,,,,
後手,18,,,,
後手,10,,,,
後手,18,,,,
後手,12,,,,
後手,12,,,,
後手,14,,,,
後手,12,,,,
後手,12,,,,
後手,12,,,,
後手,10,,,,
後手,12,,,,
後手,12,,,,
後手,10,,,,
後手,14,,,,
後手,14,,,,
後手,12,,,,
後手,14,,,,
後手,14,,,,
後手,12,,,,
後手,12,,,,
後手,12,,,,
後手,12,,,,
後手,10,,,,
後手,10,,,,
後手,16,,,,
後手,14,,,,
後手,12,,,,
後手,12,,,,
後手,14,,,,
後手,12,,,,
後手,12,,,,
後手,10,,,,
後手,12,,,,
後手,14,,,,
後手,12,,,,
後手,16,,,,
後手,14,,,,
後手,14,,,,
後手,14,,,,
後手,10,,,,
後手,14,,,,
後手,14,,,,
後手,12,,,,
後手,14,,,,
後手,14,,,,
後手,14,,,,
後手,16,,,,
後手,12,,,,
後手,12,,,,
後手,12,,,,
後手,14,,,,
後手,12,,,,
後手,12,,,,
後手,14,,,,
後手,12,,,,
後手,16,,,,
後手,12,,,,
後手,10,,,,
後手,12,,,,
後手,16,,,,
後手,12,,,,
後手,14,,,,
後手,14,,,,
後手,12,,,,
後手,16,,,,
後手,14,,,,
後手,14,,,,
後手,14,,,,
後手,14,,,,
後手,14,,,,
後手,14,,,,
後手,14,,,,
後手,14,,,,
後手,14,,,,
後手,10,,,,
後手,12,,,,
後手,14,,,,
後手,12,,,,
後手,12,,,,
後手,14,,,,
後手,12,,,,
後手,14,,,,
後手,14,,,,
後手,14,,,,
後手,14,,,,
後手,14,,,,
後手,16,,,,
後手,14,,,,
後手,16,,,,
後手,14,,,,
後手,12,,,,
後手,12,,,,
後手,12,,,,
後手,12,,,,
後手,14,,,,
後手,12,,,,
後手,12,,,,
後手,14,,,,
後手,14,,,,
